startup_id,name,description,industry,sub_industry,hq_country,hq_city,founded_year,website,status,funding_round_count,total_funding_usd,acquisition_count,ipo_count,has_acquisition,has_ipo,is_success,funding_level,startup_stage,success_score,outcome_label,is_yc,yc_batch,has_layoffs,total_layoffs,search_text,ai_context
/organization/fresenius-medical-care,Fresenius Medical Care,"Headquartered in Homburg, DEU, Fresenius Medical Care operates as a key player in the Biotechnology industry. Established in 1996, the company continues to grow. The startup has gone public (IPO).",Biotechnology,Health and Wellness,DEU,Homburg,1996.0,http://www.fmc-ag.com/,ipo,16,106185472.0,0,1,0,1,1,mega,late,296.96,ipo,0,none,0,0,"fresenius medical care biotechnology health and wellness headquartered in homburg, deu, fresenius medical care operates as a key player in the biotechnology industry. established in 1996, the company continues to grow. the startup has gone public (ipo). deu homburg","name: Fresenius Medical Care | industry: Biotechnology | sub_industry: Health and Wellness | hq_country: DEU | hq_city: Homburg | founded_year: 1996.0 | status: ipo | funding_round_count: 16 | total_funding_usd: 106185472.0 | has_acquisition: 0 | has_ipo: 1 | outcome_label: ipo | is_yc: 0 | yc_batch: none | has_layoffs: 0 | total_layoffs: 0 | description: Headquartered in Homburg, DEU, Fresenius Medical Care operates as a key player in the Biotechnology industry. Established in 1996, the company continues to grow. The startup has gone public (IPO)."
/organization/growlife,Growlife,"Growlife is a Logistics company located in Seattle, USA. The firm has an estimated total funding of $204.9M.",Farming,Logistics,USA,Seattle,1987.0,http://growlifeinc.com,ipo,15,204892075.0,0,1,0,1,1,mega,late,288.28,ipo,0,none,0,0,"growlife farming logistics growlife is a logistics company located in seattle, usa. the firm has an estimated total funding of $204.9m. usa seattle","name: Growlife | industry: Farming | sub_industry: Logistics | hq_country: USA | hq_city: Seattle | founded_year: 1987.0 | status: ipo | funding_round_count: 15 | total_funding_usd: 204892075.0 | has_acquisition: 0 | has_ipo: 1 | outcome_label: ipo | is_yc: 0 | yc_batch: none | has_layoffs: 0 | total_layoffs: 0 | description: Growlife is a Logistics company located in Seattle, USA. The firm has an estimated total funding of $204.9M."
/organization/cns-response,CNS Response,"Headquartered in Aliso Viejo, USA, CNS Response operates as a key player in the Biotechnology industry. The startup has gone public (IPO).",Biotechnology,,USA,Aliso Viejo,,http://www.cnsresponse.com,ipo,15,16395534.0,0,1,0,1,1,high,late,283.23,ipo,0,none,0,0,"cns response biotechnology  headquartered in aliso viejo, usa, cns response operates as a key player in the biotechnology industry. the startup has gone public (ipo). usa aliso viejo","name: CNS Response | industry: Biotechnology | sub_industry: N/A | hq_country: USA | hq_city: Aliso Viejo | founded_year: N/A | status: ipo | funding_round_count: 15 | total_funding_usd: 16395534.0 | has_acquisition: 0 | has_ipo: 1 | outcome_label: ipo | is_yc: 0 | yc_batch: none | has_layoffs: 0 | total_layoffs: 0 | description: Headquartered in Aliso Viejo, USA, CNS Response operates as a key player in the Biotechnology industry. The startup has gone public (IPO)."
/organization/solarcity,SolarCity,"Headquartered in San Mateo, USA, SolarCity operates as a key player in the Clean Technology industry. Established in 2006, the company continues to grow. The startup has gone public (IPO).",Clean Technology,Construction,USA,San Mateo,2006.0,http://www.solarcity.com,ipo,14,1158040000.0,0,1,0,1,1,mega,late,281.74,ipo,0,none,0,0,"solarcity clean technology construction headquartered in san mateo, usa, solarcity operates as a key player in the clean technology industry. established in 2006, the company continues to grow. the startup has gone public (ipo). usa san mateo","name: SolarCity | industry: Clean Technology | sub_industry: Construction | hq_country: USA | hq_city: San Mateo | founded_year: 2006.0 | status: ipo | funding_round_count: 14 | total_funding_usd: 1158040000.0 | has_acquisition: 0 | has_ipo: 1 | outcome_label: ipo | is_yc: 0 | yc_batch: none | has_layoffs: 0 | total_layoffs: 0 | description: Headquartered in San Mateo, USA, SolarCity operates as a key player in the Clean Technology industry. Established in 2006, the company continues to grow. The startup has gone public (IPO)."
/organization/lending-club,Lending Club,"Founded in 2007, the Credit startup Lending Club provides Finance solutions in San Francisco, USA.",Credit,Finance,USA,San Francisco,2007.0,https://lendingclub.com,ipo,13,392230000.0,0,1,0,1,1,mega,late,269.57,ipo,0,none,1,225,"lending club credit finance founded in 2007, the credit startup lending club provides finance solutions in san francisco, usa. usa san francisco","name: Lending Club | industry: Credit | sub_industry: Finance | hq_country: USA | hq_city: San Francisco | founded_year: 2007.0 | status: ipo | funding_round_count: 13 | total_funding_usd: 392230000.0 | has_acquisition: 0 | has_ipo: 1 | outcome_label: ipo | is_yc: 0 | yc_batch: none | has_layoffs: 1 | total_layoffs: 225 | description: Founded in 2007, the Credit startup Lending Club provides Finance solutions in San Francisco, USA."
/organization/quellan,Quellan,"Founded in 2001, Quellan is disrupting the Semiconductors sector in Santa Clara, USA. They have secured $39.2M across 18 funding rounds.",Semiconductors,,USA,Santa Clara,2001.0,http://www.quellan.com,acquired,18,39231994.0,1,0,1,0,1,high,late,264.97,acquired,0,none,0,0,"quellan semiconductors  founded in 2001, quellan is disrupting the semiconductors sector in santa clara, usa. they have secured $39.2m across 18 funding rounds. usa santa clara","name: Quellan | industry: Semiconductors | sub_industry: N/A | hq_country: USA | hq_city: Santa Clara | founded_year: 2001.0 | status: acquired | funding_round_count: 18 | total_funding_usd: 39231994.0 | has_acquisition: 1 | has_ipo: 0 | outcome_label: acquired | is_yc: 0 | yc_batch: none | has_layoffs: 0 | total_layoffs: 0 | description: Founded in 2001, Quellan is disrupting the Semiconductors sector in Santa Clara, USA. They have secured $39.2M across 18 funding rounds."
/organization/veriteq-corporation,VeriTeQ Corporation,"Headquartered in Delray Beach, USA, VeriTeQ Corporation operates as a key player in the Mobile industry. Established in 2011, the company continues to grow. The startup has gone public (IPO).",Mobile,,USA,Delray Beach,2011.0,http://www.veriteqcorp.com/default.aspx,ipo,13,22058331.0,0,1,0,1,1,high,late,263.82,ipo,0,none,0,0,"veriteq corporation mobile  headquartered in delray beach, usa, veriteq corporation operates as a key player in the mobile industry. established in 2011, the company continues to grow. the startup has gone public (ipo). usa delray beach","name: VeriTeQ Corporation | industry: Mobile | sub_industry: N/A | hq_country: USA | hq_city: Delray Beach | founded_year: 2011.0 | status: ipo | funding_round_count: 13 | total_funding_usd: 22058331.0 | has_acquisition: 0 | has_ipo: 1 | outcome_label: ipo | is_yc: 0 | yc_batch: none | has_layoffs: 0 | total_layoffs: 0 | description: Headquartered in Delray Beach, USA, VeriTeQ Corporation operates as a key player in the Mobile industry. Established in 2011, the company continues to grow. The startup has gone public (IPO)."
/organization/visualant,Visualant,"Visualant is a Semiconductors company located in Seattle, USA. The firm has an estimated total funding of $15.1M.",Health Diagnostics,Semiconductors,USA,Seattle,1998.0,http://www.visualant.net,ipo,13,15137842.0,0,1,0,1,1,high,late,263.07,ipo,0,none,0,0,"visualant health diagnostics semiconductors visualant is a semiconductors company located in seattle, usa. the firm has an estimated total funding of $15.1m. usa seattle","name: Visualant | industry: Health Diagnostics | sub_industry: Semiconductors | hq_country: USA | hq_city: Seattle | founded_year: 1998.0 | status: ipo | funding_round_count: 13 | total_funding_usd: 15137842.0 | has_acquisition: 0 | has_ipo: 1 | outcome_label: ipo | is_yc: 0 | yc_batch: none | has_layoffs: 0 | total_layoffs: 0 | description: Visualant is a Semiconductors company located in Seattle, USA. The firm has an estimated total funding of $15.1M."
/organization/pro-pharmaceuticals,Galectin Therapeutics,"Galectin Therapeutics is a Biotechnology company located in Norcross, USA. The firm has an estimated total funding of $9.5M.",Biotechnology,,USA,Norcross,2000.0,http://www.galectintherapeutics.com,ipo,13,9514000.0,0,1,0,1,1,medium,late,262.14,ipo,0,none,0,0,"galectin therapeutics biotechnology  galectin therapeutics is a biotechnology company located in norcross, usa. the firm has an estimated total funding of $9.5m. usa norcross","name: Galectin Therapeutics | industry: Biotechnology | sub_industry: N/A | hq_country: USA | hq_city: Norcross | founded_year: 2000.0 | status: ipo | funding_round_count: 13 | total_funding_usd: 9514000.0 | has_acquisition: 0 | has_ipo: 1 | outcome_label: ipo | is_yc: 0 | yc_batch: none | has_layoffs: 0 | total_layoffs: 0 | description: Galectin Therapeutics is a Biotechnology company located in Norcross, USA. The firm has an estimated total funding of $9.5M."
/organization/celladon,Celladon,"Based out of La Jolla, USA, Celladon is focused on Biotechnology. To date, they have raised $172.0M.",Biotechnology,,USA,La Jolla,2000.0,http://www.celladon.net,ipo,12,172013496.0,0,1,0,1,1,mega,late,257.93,ipo,0,none,0,0,"celladon biotechnology  based out of la jolla, usa, celladon is focused on biotechnology. to date, they have raised $172.0m. usa la jolla","name: Celladon | industry: Biotechnology | sub_industry: N/A | hq_country: USA | hq_city: La Jolla | founded_year: 2000.0 | status: ipo | funding_round_count: 12 | total_funding_usd: 172013496.0 | has_acquisition: 0 | has_ipo: 1 | outcome_label: ipo | is_yc: 0 | yc_batch: none | has_layoffs: 0 | total_layoffs: 0 | description: Based out of La Jolla, USA, Celladon is focused on Biotechnology. To date, they have raised $172.0M."
/organization/vocalocity,Vocalocity,"Founded in 2007, Vocalocity is pioneering the Enterprise Software sector in Atlanta, USA. They have secured $46.6M across 17 funding rounds.",Communications Hardware,Enterprise Software,USA,Atlanta,2007.0,http://www.vocalocity.com,acquired,17,46617107.0,2,0,1,0,1,high,late,255.31,acquired,0,none,0,0,"vocalocity communications hardware enterprise software founded in 2007, vocalocity is pioneering the enterprise software sector in atlanta, usa. they have secured $46.6m across 17 funding rounds. usa atlanta","name: Vocalocity | industry: Communications Hardware | sub_industry: Enterprise Software | hq_country: USA | hq_city: Atlanta | founded_year: 2007.0 | status: acquired | funding_round_count: 17 | total_funding_usd: 46617107.0 | has_acquisition: 1 | has_ipo: 0 | outcome_label: acquired | is_yc: 0 | yc_batch: none | has_layoffs: 0 | total_layoffs: 0 | description: Founded in 2007, Vocalocity is pioneering the Enterprise Software sector in Atlanta, USA. They have secured $46.6M across 17 funding rounds."
/organization/resaas,RESAAS,"RESAAS is a Real Estate company located in Vancouver, CAN. The firm has an estimated total funding of $18.0M.",Enterprise Software,Real Estate,CAN,Vancouver,2009.0,http://www.resaas.com,ipo,12,18035387.0,0,1,0,1,1,high,late,253.42,ipo,0,none,0,0,"resaas enterprise software real estate resaas is a real estate company located in vancouver, can. the firm has an estimated total funding of $18.0m. can vancouver","name: RESAAS | industry: Enterprise Software | sub_industry: Real Estate | hq_country: CAN | hq_city: Vancouver | founded_year: 2009.0 | status: ipo | funding_round_count: 12 | total_funding_usd: 18035387.0 | has_acquisition: 0 | has_ipo: 1 | outcome_label: ipo | is_yc: 0 | yc_batch: none | has_layoffs: 0 | total_layoffs: 0 | description: RESAAS is a Real Estate company located in Vancouver, CAN. The firm has an estimated total funding of $18.0M."
/organization/aethlon-medical,Aethlon Medical,"Founded in 1999, Aethlon Medical is innovating the Health Care sector in San Diego, USA. They have secured $17.7M across 12 funding rounds.",Health Care,,USA,San Diego,1999.0,http://www.aethlonmedical.com,ipo,12,17681234.0,0,1,0,1,1,high,late,253.38,ipo,0,none,0,0,"aethlon medical health care  founded in 1999, aethlon medical is innovating the health care sector in san diego, usa. they have secured $17.7m across 12 funding rounds. usa san diego","name: Aethlon Medical | industry: Health Care | sub_industry: N/A | hq_country: USA | hq_city: San Diego | founded_year: 1999.0 | status: ipo | funding_round_count: 12 | total_funding_usd: 17681234.0 | has_acquisition: 0 | has_ipo: 1 | outcome_label: ipo | is_yc: 0 | yc_batch: none | has_layoffs: 0 | total_layoffs: 0 | description: Founded in 1999, Aethlon Medical is innovating the Health Care sector in San Diego, USA. They have secured $17.7M across 12 funding rounds."
/organization/facebook,Facebook,"Headquartered in Menlo Park, USA, Facebook operates as a key player in the All Students industry. Established in 2004, the company continues to grow. The startup has gone public (IPO).",All Students,Colleges,USA,Menlo Park,2004.0,http://www.facebook.com,ipo,11,2425700000.0,0,1,0,1,1,mega,late,253.22,ipo,0,none,0,0,"facebook all students colleges headquartered in menlo park, usa, facebook operates as a key player in the all students industry. established in 2004, the company continues to grow. the startup has gone public (ipo). usa menlo park","name: Facebook | industry: All Students | sub_industry: Colleges | hq_country: USA | hq_city: Menlo Park | founded_year: 2004.0 | status: ipo | funding_round_count: 11 | total_funding_usd: 2425700000.0 | has_acquisition: 0 | has_ipo: 1 | outcome_label: ipo | is_yc: 0 | yc_batch: none | has_layoffs: 0 | total_layoffs: 0 | description: Headquartered in Menlo Park, USA, Facebook operates as a key player in the All Students industry. Established in 2004, the company continues to grow. The startup has gone public (IPO)."
/organization/tesla-motors,Tesla Motors,"Founded in 2003, the Automotive startup Tesla Motors provides Clean Technology solutions in Palo Alto, USA.",Automotive,Clean Technology,USA,Palo Alto,2003.0,http://www.teslamotors.com,ipo,11,823000000.0,0,1,0,1,1,mega,late,251.06,ipo,0,none,0,0,"tesla motors automotive clean technology founded in 2003, the automotive startup tesla motors provides clean technology solutions in palo alto, usa. usa palo alto","name: Tesla Motors | industry: Automotive | sub_industry: Clean Technology | hq_country: USA | hq_city: Palo Alto | founded_year: 2003.0 | status: ipo | funding_round_count: 11 | total_funding_usd: 823000000.0 | has_acquisition: 0 | has_ipo: 1 | outcome_label: ipo | is_yc: 0 | yc_batch: none | has_layoffs: 0 | total_layoffs: 0 | description: Founded in 2003, the Automotive startup Tesla Motors provides Clean Technology solutions in Palo Alto, USA."
/organization/box,Box,"Based out of Los Altos, USA, Box is focused on Cloud Computing. To date, they have raised $559.0M.",Cloud Computing,File Sharing,USA,Los Altos,2005.0,http://www.box.co,ipo,11,558950000.0,0,1,0,1,1,mega,late,250.28,ipo,0,none,0,0,"box cloud computing file sharing based out of los altos, usa, box is focused on cloud computing. to date, they have raised $559.0m. usa los altos","name: Box | industry: Cloud Computing | sub_industry: File Sharing | hq_country: USA | hq_city: Los Altos | founded_year: 2005.0 | status: ipo | funding_round_count: 11 | total_funding_usd: 558950000.0 | has_acquisition: 0 | has_ipo: 1 | outcome_label: ipo | is_yc: 0 | yc_batch: none | has_layoffs: 0 | total_layoffs: 0 | description: Based out of Los Altos, USA, Box is focused on Cloud Computing. To date, they have raised $559.0M."
/organization/on-deck,OnDeck,"OnDeck is a Finance company located in New York, USA. The firm has an estimated total funding of $538.0M.",Credit,Finance,USA,New York,2007.0,http://www.ondeck.com,ipo,11,538000000.0,0,1,0,1,1,mega,late,250.21,ipo,0,none,1,145,"ondeck credit finance ondeck is a finance company located in new york, usa. the firm has an estimated total funding of $538.0m. usa new york","name: OnDeck | industry: Credit | sub_industry: Finance | hq_country: USA | hq_city: New York | founded_year: 2007.0 | status: ipo | funding_round_count: 11 | total_funding_usd: 538000000.0 | has_acquisition: 0 | has_ipo: 1 | outcome_label: ipo | is_yc: 0 | yc_batch: none | has_layoffs: 1 | total_layoffs: 145 | description: OnDeck is a Finance company located in New York, USA. The firm has an estimated total funding of $538.0M."
/organization/ptc-therapeutics,PTC Therapeutics,"Based out of South Plainfield, USA, PTC Therapeutics is focused on Biotechnology. To date, they have raised $417.1M.",Biotechnology,Health Care,USA,South Plainfield,1998.0,http://www.ptcbio.com,ipo,11,417100000.0,0,1,0,1,1,mega,late,249.7,ipo,0,none,0,0,"ptc therapeutics biotechnology health care based out of south plainfield, usa, ptc therapeutics is focused on biotechnology. to date, they have raised $417.1m. usa south plainfield","name: PTC Therapeutics | industry: Biotechnology | sub_industry: Health Care | hq_country: USA | hq_city: South Plainfield | founded_year: 1998.0 | status: ipo | funding_round_count: 11 | total_funding_usd: 417100000.0 | has_acquisition: 0 | has_ipo: 1 | outcome_label: ipo | is_yc: 0 | yc_batch: none | has_layoffs: 0 | total_layoffs: 0 | description: Based out of South Plainfield, USA, PTC Therapeutics is focused on Biotechnology. To date, they have raised $417.1M."
/organization/net-element,Net Element,"Net Element is a Mobile Commerce company located in Miami, USA. The firm has an estimated total funding of $156.4M.",E-Commerce,Mobile Commerce,USA,Miami,2004.0,http://www.netelement.com,ipo,11,156400000.0,0,1,0,1,1,mega,late,247.74,ipo,0,none,0,0,"net element e-commerce mobile commerce net element is a mobile commerce company located in miami, usa. the firm has an estimated total funding of $156.4m. usa miami","name: Net Element | industry: E-Commerce | sub_industry: Mobile Commerce | hq_country: USA | hq_city: Miami | founded_year: 2004.0 | status: ipo | funding_round_count: 11 | total_funding_usd: 156400000.0 | has_acquisition: 0 | has_ipo: 1 | outcome_label: ipo | is_yc: 0 | yc_batch: none | has_layoffs: 0 | total_layoffs: 0 | description: Net Element is a Mobile Commerce company located in Miami, USA. The firm has an estimated total funding of $156.4M."
/organization/cerulean,Cerulean Pharma,"Based out of Cambridge, USA, Cerulean Pharma is focused on Health Care. To date, they have raised $151.7M.",Health Care,,USA,Cambridge,2006.0,http://www.ceruleanrx.com,ipo,11,151700000.0,0,1,0,1,1,mega,late,247.67,ipo,0,none,0,0,"cerulean pharma health care  based out of cambridge, usa, cerulean pharma is focused on health care. to date, they have raised $151.7m. usa cambridge","name: Cerulean Pharma | industry: Health Care | sub_industry: N/A | hq_country: USA | hq_city: Cambridge | founded_year: 2006.0 | status: ipo | funding_round_count: 11 | total_funding_usd: 151700000.0 | has_acquisition: 0 | has_ipo: 1 | outcome_label: ipo | is_yc: 0 | yc_batch: none | has_layoffs: 0 | total_layoffs: 0 | description: Based out of Cambridge, USA, Cerulean Pharma is focused on Health Care. To date, they have raised $151.7M."
/organization/airspan-networks,Airspan Networks,"Airspan Networks is a Web Hosting company located in Boca Raton, USA. The firm has an estimated total funding of $141.6M.",Mobile,Web Hosting,USA,Boca Raton,1992.0,http://airspan.com,ipo,11,141636023.0,0,1,0,1,1,mega,late,247.54,ipo,0,none,0,0,"airspan networks mobile web hosting airspan networks is a web hosting company located in boca raton, usa. the firm has an estimated total funding of $141.6m. usa boca raton","name: Airspan Networks | industry: Mobile | sub_industry: Web Hosting | hq_country: USA | hq_city: Boca Raton | founded_year: 1992.0 | status: ipo | funding_round_count: 11 | total_funding_usd: 141636023.0 | has_acquisition: 0 | has_ipo: 1 | outcome_label: ipo | is_yc: 0 | yc_batch: none | has_layoffs: 0 | total_layoffs: 0 | description: Airspan Networks is a Web Hosting company located in Boca Raton, USA. The firm has an estimated total funding of $141.6M."
/organization/opgen,OpGen,"Based out of Gaithersburg, USA, OpGen is focused on Analytics. To date, they have raised $86.5M.",Analytics,Biotechnology,USA,Gaithersburg,2002.0,http://www.opgen.com,ipo,11,86526744.0,0,1,0,1,1,mega,late,246.55,ipo,0,none,0,0,"opgen analytics biotechnology based out of gaithersburg, usa, opgen is focused on analytics. to date, they have raised $86.5m. usa gaithersburg","name: OpGen | industry: Analytics | sub_industry: Biotechnology | hq_country: USA | hq_city: Gaithersburg | founded_year: 2002.0 | status: ipo | funding_round_count: 11 | total_funding_usd: 86526744.0 | has_acquisition: 0 | has_ipo: 1 | outcome_label: ipo | is_yc: 0 | yc_batch: none | has_layoffs: 0 | total_layoffs: 0 | description: Based out of Gaithersburg, USA, OpGen is focused on Analytics. To date, they have raised $86.5M."
/organization/sunrun,Sunrun,"Founded in 2007, the Clean Energy startup Sunrun provides Clean Technology solutions in San Francisco, USA.",Clean Energy,Clean Technology,USA,San Francisco,2007.0,http://www.sunrun.com,ipo,10,681600000.0,0,1,0,1,1,mega,late,240.68,ipo,0,none,0,0,"sunrun clean energy clean technology founded in 2007, the clean energy startup sunrun provides clean technology solutions in san francisco, usa. usa san francisco","name: Sunrun | industry: Clean Energy | sub_industry: Clean Technology | hq_country: USA | hq_city: San Francisco | founded_year: 2007.0 | status: ipo | funding_round_count: 10 | total_funding_usd: 681600000.0 | has_acquisition: 0 | has_ipo: 1 | outcome_label: ipo | is_yc: 0 | yc_batch: none | has_layoffs: 0 | total_layoffs: 0 | description: Founded in 2007, the Clean Energy startup Sunrun provides Clean Technology solutions in San Francisco, USA."
/organization/amyris-biotechnologies,Amyris Biotechnologies,"Founded in 2003, Amyris Biotechnologies is disrupting the Chemicals sector in Emeryville, USA. They have secured $417.0M across 10 funding rounds.",Biotechnology,Chemicals,USA,Emeryville,2003.0,http://amyris.com/,ipo,10,417040423.0,0,1,0,1,1,mega,late,239.7,ipo,0,none,0,0,"amyris biotechnologies biotechnology chemicals founded in 2003, amyris biotechnologies is disrupting the chemicals sector in emeryville, usa. they have secured $417.0m across 10 funding rounds. usa emeryville","name: Amyris Biotechnologies | industry: Biotechnology | sub_industry: Chemicals | hq_country: USA | hq_city: Emeryville | founded_year: 2003.0 | status: ipo | funding_round_count: 10 | total_funding_usd: 417040423.0 | has_acquisition: 0 | has_ipo: 1 | outcome_label: ipo | is_yc: 0 | yc_batch: none | has_layoffs: 0 | total_layoffs: 0 | description: Founded in 2003, Amyris Biotechnologies is disrupting the Chemicals sector in Emeryville, USA. They have secured $417.0M across 10 funding rounds."
/organization/transenterix,TransEnterix,"Based out of Durham, USA, TransEnterix is focused on Health Care. To date, they have raised $385.9M.",Health Care,,USA,Durham,2006.0,http://www.transenterix.com,ipo,10,385891470.0,0,1,0,1,1,mega,late,239.54,ipo,0,none,0,0,"transenterix health care  based out of durham, usa, transenterix is focused on health care. to date, they have raised $385.9m. usa durham","name: TransEnterix | industry: Health Care | sub_industry: N/A | hq_country: USA | hq_city: Durham | founded_year: 2006.0 | status: ipo | funding_round_count: 10 | total_funding_usd: 385891470.0 | has_acquisition: 0 | has_ipo: 1 | outcome_label: ipo | is_yc: 0 | yc_batch: none | has_layoffs: 0 | total_layoffs: 0 | description: Based out of Durham, USA, TransEnterix is focused on Health Care. To date, they have raised $385.9M."
/organization/chegg,Chegg,"Founded in 2007, the Consumers startup Chegg provides Education solutions in Santa Clara, USA.",Consumers,Education,USA,Santa Clara,2007.0,http://www.chegg.com,ipo,10,252303692.0,0,1,0,1,1,mega,late,238.69,ipo,0,none,0,0,"chegg consumers education founded in 2007, the consumers startup chegg provides education solutions in santa clara, usa. usa santa clara","name: Chegg | industry: Consumers | sub_industry: Education | hq_country: USA | hq_city: Santa Clara | founded_year: 2007.0 | status: ipo | funding_round_count: 10 | total_funding_usd: 252303692.0 | has_acquisition: 0 | has_ipo: 1 | outcome_label: ipo | is_yc: 0 | yc_batch: none | has_layoffs: 0 | total_layoffs: 0 | description: Founded in 2007, the Consumers startup Chegg provides Education solutions in Santa Clara, USA."
/organization/oneroof-energy,OneRoof Energy,"Founded in 2009, the Clean Technology startup OneRoof Energy provides Clean Technology solutions in San Diego, USA.",Clean Technology,,USA,San Diego,2009.0,http://www.oneroofenergy.com,ipo,10,195249815.0,0,1,0,1,1,mega,late,238.18,ipo,0,none,0,0,"oneroof energy clean technology  founded in 2009, the clean technology startup oneroof energy provides clean technology solutions in san diego, usa. usa san diego","name: OneRoof Energy | industry: Clean Technology | sub_industry: N/A | hq_country: USA | hq_city: San Diego | founded_year: 2009.0 | status: ipo | funding_round_count: 10 | total_funding_usd: 195249815.0 | has_acquisition: 0 | has_ipo: 1 | outcome_label: ipo | is_yc: 0 | yc_batch: none | has_layoffs: 0 | total_layoffs: 0 | description: Founded in 2009, the Clean Technology startup OneRoof Energy provides Clean Technology solutions in San Diego, USA."
/organization/aperto-networks,Aperto Networks,"Based out of Milpitas, USA, Aperto Networks is focused on Mobile. To date, they have raised $160.3M.",Mobile,Wireless,USA,Milpitas,1999.0,http://www.apertonet.com,acquired,15,160279779.0,1,0,1,0,1,mega,late,237.78,acquired,0,none,0,0,"aperto networks mobile wireless based out of milpitas, usa, aperto networks is focused on mobile. to date, they have raised $160.3m. usa milpitas","name: Aperto Networks | industry: Mobile | sub_industry: Wireless | hq_country: USA | hq_city: Milpitas | founded_year: 1999.0 | status: acquired | funding_round_count: 15 | total_funding_usd: 160279779.0 | has_acquisition: 1 | has_ipo: 0 | outcome_label: acquired | is_yc: 0 | yc_batch: none | has_layoffs: 0 | total_layoffs: 0 | description: Based out of Milpitas, USA, Aperto Networks is focused on Mobile. To date, they have raised $160.3M."
/organization/bellicum-pharmaceuticals,Bellicum Pharmaceuticals,"Based out of Houston, USA, Bellicum Pharmaceuticals is focused on Biotechnology. To date, they have raised $145.9M.",Biotechnology,,USA,Houston,2004.0,http://www.bellicum.com,ipo,10,145932588.0,0,1,0,1,1,mega,late,237.6,ipo,0,none,0,0,"bellicum pharmaceuticals biotechnology  based out of houston, usa, bellicum pharmaceuticals is focused on biotechnology. to date, they have raised $145.9m. usa houston","name: Bellicum Pharmaceuticals | industry: Biotechnology | sub_industry: N/A | hq_country: USA | hq_city: Houston | founded_year: 2004.0 | status: ipo | funding_round_count: 10 | total_funding_usd: 145932588.0 | has_acquisition: 0 | has_ipo: 1 | outcome_label: ipo | is_yc: 0 | yc_batch: none | has_layoffs: 0 | total_layoffs: 0 | description: Based out of Houston, USA, Bellicum Pharmaceuticals is focused on Biotechnology. To date, they have raised $145.9M."
/organization/cytodyn,Cytodyn,"Cytodyn is a Biotechnology company located in Lake Oswego, USA. The firm has an estimated total funding of $36.5M.",Biotechnology,,USA,Lake Oswego,,http://cytodyn.com,ipo,10,36467860.0,0,1,0,1,1,high,late,234.82,ipo,0,none,0,0,"cytodyn biotechnology  cytodyn is a biotechnology company located in lake oswego, usa. the firm has an estimated total funding of $36.5m. usa lake oswego","name: Cytodyn | industry: Biotechnology | sub_industry: N/A | hq_country: USA | hq_city: Lake Oswego | founded_year: N/A | status: ipo | funding_round_count: 10 | total_funding_usd: 36467860.0 | has_acquisition: 0 | has_ipo: 1 | outcome_label: ipo | is_yc: 0 | yc_batch: none | has_layoffs: 0 | total_layoffs: 0 | description: Cytodyn is a Biotechnology company located in Lake Oswego, USA. The firm has an estimated total funding of $36.5M."
/organization/pushpay,Pushpay,"Headquartered in Seattle, USA, Pushpay operates as a key player in the Mobile Payments industry. Established in 2011, the company continues to grow. The startup has gone public (IPO).",Mobile Payments,Software,USA,Seattle,2011.0,http://www.pushpay.com,ipo,10,35094596.4625067,0,1,0,1,1,high,late,234.75,ipo,0,none,0,0,"pushpay mobile payments software headquartered in seattle, usa, pushpay operates as a key player in the mobile payments industry. established in 2011, the company continues to grow. the startup has gone public (ipo). usa seattle","name: Pushpay | industry: Mobile Payments | sub_industry: Software | hq_country: USA | hq_city: Seattle | founded_year: 2011.0 | status: ipo | funding_round_count: 10 | total_funding_usd: 35094596.4625067 | has_acquisition: 0 | has_ipo: 1 | outcome_label: ipo | is_yc: 0 | yc_batch: none | has_layoffs: 0 | total_layoffs: 0 | description: Headquartered in Seattle, USA, Pushpay operates as a key player in the Mobile Payments industry. Established in 2011, the company continues to grow. The startup has gone public (IPO)."
/organization/vbi-vaccines,VBI Vaccines,"Based out of Cambridge, USA, VBI Vaccines is focused on Biotechnology. To date, they have raised $32.4M.",Biotechnology,,USA,Cambridge,2001.0,http://www.vbivaccines.com/,ipo,10,32393693.0,0,1,0,1,1,high,late,234.59,ipo,0,none,0,0,"vbi vaccines biotechnology  based out of cambridge, usa, vbi vaccines is focused on biotechnology. to date, they have raised $32.4m. usa cambridge","name: VBI Vaccines | industry: Biotechnology | sub_industry: N/A | hq_country: USA | hq_city: Cambridge | founded_year: 2001.0 | status: ipo | funding_round_count: 10 | total_funding_usd: 32393693.0 | has_acquisition: 0 | has_ipo: 1 | outcome_label: ipo | is_yc: 0 | yc_batch: none | has_layoffs: 0 | total_layoffs: 0 | description: Based out of Cambridge, USA, VBI Vaccines is focused on Biotechnology. To date, they have raised $32.4M."
/organization/rit-technologies-ltd,RiT Technologies Ltd.,"Headquartered in Tel Aviv, ISR, RiT Technologies Ltd. operates as a key player in the Communications Infrastructure industry. Established in 1989, the company continues to grow. The startup has gone public (IPO).",Communications Infrastructure,,ISR,Tel Aviv,1989.0,http://www.rittech.com,ipo,10,25329104.0,0,1,0,1,1,high,late,234.09,ipo,0,none,0,0,"rit technologies ltd. communications infrastructure  headquartered in tel aviv, isr, rit technologies ltd. operates as a key player in the communications infrastructure industry. established in 1989, the company continues to grow. the startup has gone public (ipo). isr tel aviv","name: RiT Technologies Ltd. | industry: Communications Infrastructure | sub_industry: N/A | hq_country: ISR | hq_city: Tel Aviv | founded_year: 1989.0 | status: ipo | funding_round_count: 10 | total_funding_usd: 25329104.0 | has_acquisition: 0 | has_ipo: 1 | outcome_label: ipo | is_yc: 0 | yc_batch: none | has_layoffs: 0 | total_layoffs: 0 | description: Headquartered in Tel Aviv, ISR, RiT Technologies Ltd. operates as a key player in the Communications Infrastructure industry. Established in 1989, the company continues to grow. The startup has gone public (IPO)."
/organization/zynga,Zynga,"Zynga is a Games company located in San Francisco, USA. The firm has an estimated total funding of $866.6M.",Facebook Applications,Games,USA,San Francisco,2007.0,http://www.zynga.com,ipo,9,866550786.0,0,1,0,1,1,mega,late,231.16,ipo,0,none,0,0,"zynga facebook applications games zynga is a games company located in san francisco, usa. the firm has an estimated total funding of $866.6m. usa san francisco","name: Zynga | industry: Facebook Applications | sub_industry: Games | hq_country: USA | hq_city: San Francisco | founded_year: 2007.0 | status: ipo | funding_round_count: 9 | total_funding_usd: 866550786.0 | has_acquisition: 0 | has_ipo: 1 | outcome_label: ipo | is_yc: 0 | yc_batch: none | has_layoffs: 0 | total_layoffs: 0 | description: Zynga is a Games company located in San Francisco, USA. The firm has an estimated total funding of $866.6M."
/organization/brightsource-energy,BrightSource Energy,"Founded in 2004, the Clean Technology startup BrightSource Energy provides Energy solutions in Oakland, USA.",Clean Technology,Energy,USA,Oakland,2004.0,http://www.brightsourceenergy.com,ipo,9,845000000.0,0,1,0,1,1,mega,late,231.11,ipo,0,none,0,0,"brightsource energy clean technology energy founded in 2004, the clean technology startup brightsource energy provides energy solutions in oakland, usa. usa oakland","name: BrightSource Energy | industry: Clean Technology | sub_industry: Energy | hq_country: USA | hq_city: Oakland | founded_year: 2004.0 | status: ipo | funding_round_count: 9 | total_funding_usd: 845000000.0 | has_acquisition: 0 | has_ipo: 1 | outcome_label: ipo | is_yc: 0 | yc_batch: none | has_layoffs: 0 | total_layoffs: 0 | description: Founded in 2004, the Clean Technology startup BrightSource Energy provides Energy solutions in Oakland, USA."
/organization/square,Square,"Square is a Finance company located in San Francisco, USA. The firm has an estimated total funding of $590.5M.",Analytics,Finance,USA,San Francisco,2009.0,http://squareup.com,ipo,9,590500000.0,0,1,0,1,1,mega,late,230.39,ipo,0,none,0,0,"square analytics finance square is a finance company located in san francisco, usa. the firm has an estimated total funding of $590.5m. usa san francisco","name: Square | industry: Analytics | sub_industry: Finance | hq_country: USA | hq_city: San Francisco | founded_year: 2009.0 | status: ipo | funding_round_count: 9 | total_funding_usd: 590500000.0 | has_acquisition: 0 | has_ipo: 1 | outcome_label: ipo | is_yc: 0 | yc_batch: none | has_layoffs: 0 | total_layoffs: 0 | description: Square is a Finance company located in San Francisco, USA. The firm has an estimated total funding of $590.5M."
/organization/silver-spring-networks,Silver Spring Networks,"Founded in 2002, the Communications Hardware startup Silver Spring Networks provides Technology solutions in Redwood City, USA.",Communications Hardware,Technology,USA,Redwood City,2002.0,http://www.silverspringnet.com/,ipo,9,358929976.0,0,1,0,1,1,mega,late,229.4,ipo,0,none,0,0,"silver spring networks communications hardware technology founded in 2002, the communications hardware startup silver spring networks provides technology solutions in redwood city, usa. usa redwood city","name: Silver Spring Networks | industry: Communications Hardware | sub_industry: Technology | hq_country: USA | hq_city: Redwood City | founded_year: 2002.0 | status: ipo | funding_round_count: 9 | total_funding_usd: 358929976.0 | has_acquisition: 0 | has_ipo: 1 | outcome_label: ipo | is_yc: 0 | yc_batch: none | has_layoffs: 0 | total_layoffs: 0 | description: Founded in 2002, the Communications Hardware startup Silver Spring Networks provides Technology solutions in Redwood City, USA."
/organization/solarflare,Solarflare Communications,"Solarflare Communications is a Enterprise Software company located in Irvine, USA. The firm has an estimated total funding of $242.9M.",Enterprise Software,,USA,Irvine,2005.0,http://www.solarflare.com,operating,19,242948825.0,0,0,0,0,0,mega,late,228.62,funded_growth,0,none,0,0,"solarflare communications enterprise software  solarflare communications is a enterprise software company located in irvine, usa. the firm has an estimated total funding of $242.9m. usa irvine","name: Solarflare Communications | industry: Enterprise Software | sub_industry: N/A | hq_country: USA | hq_city: Irvine | founded_year: 2005.0 | status: operating | funding_round_count: 19 | total_funding_usd: 242948825.0 | has_acquisition: 0 | has_ipo: 0 | outcome_label: funded_growth | is_yc: 0 | yc_batch: none | has_layoffs: 0 | total_layoffs: 0 | description: Solarflare Communications is a Enterprise Software company located in Irvine, USA. The firm has an estimated total funding of $242.9M."
/organization/angies-list,Angie's List,"Based out of Indianapolis, USA, Angie's List is focused on Advertising. To date, they have raised $182.6M.",Advertising,Curated Web,USA,Indianapolis,1995.0,http://www.angieslist.com,ipo,9,182600000.0,0,1,0,1,1,mega,late,228.05,ipo,0,none,0,0,"angie's list advertising curated web based out of indianapolis, usa, angie's list is focused on advertising. to date, they have raised $182.6m. usa indianapolis","name: Angie's List | industry: Advertising | sub_industry: Curated Web | hq_country: USA | hq_city: Indianapolis | founded_year: 1995.0 | status: ipo | funding_round_count: 9 | total_funding_usd: 182600000.0 | has_acquisition: 0 | has_ipo: 1 | outcome_label: ipo | is_yc: 0 | yc_batch: none | has_layoffs: 0 | total_layoffs: 0 | description: Based out of Indianapolis, USA, Angie's List is focused on Advertising. To date, they have raised $182.6M."
/organization/zosano-pharma,Zosano Pharma,"Founded in 2006, Zosano Pharma is disrupting the Biotechnology sector in Fremont, USA. They have secured $158.7M across 9 funding rounds.",Biotechnology,,USA,Fremont,2006.0,http://zosanopharma.com,ipo,9,158688887.0,0,1,0,1,1,mega,late,227.76,ipo,0,none,0,0,"zosano pharma biotechnology  founded in 2006, zosano pharma is disrupting the biotechnology sector in fremont, usa. they have secured $158.7m across 9 funding rounds. usa fremont","name: Zosano Pharma | industry: Biotechnology | sub_industry: N/A | hq_country: USA | hq_city: Fremont | founded_year: 2006.0 | status: ipo | funding_round_count: 9 | total_funding_usd: 158688887.0 | has_acquisition: 0 | has_ipo: 1 | outcome_label: ipo | is_yc: 0 | yc_batch: none | has_layoffs: 0 | total_layoffs: 0 | description: Founded in 2006, Zosano Pharma is disrupting the Biotechnology sector in Fremont, USA. They have secured $158.7M across 9 funding rounds."
/organization/xdx,CareDx,"Founded in 2000, CareDx is pioneering the Diagnostics sector in Brisbane, USA. They have secured $146.4M across 9 funding rounds.",Biotechnology,Diagnostics,USA,Brisbane,2000.0,http://www.xdx.com,ipo,9,146397292.0,0,1,0,1,1,mega,late,227.6,ipo,0,none,0,0,"caredx biotechnology diagnostics founded in 2000, caredx is pioneering the diagnostics sector in brisbane, usa. they have secured $146.4m across 9 funding rounds. usa brisbane","name: CareDx | industry: Biotechnology | sub_industry: Diagnostics | hq_country: USA | hq_city: Brisbane | founded_year: 2000.0 | status: ipo | funding_round_count: 9 | total_funding_usd: 146397292.0 | has_acquisition: 0 | has_ipo: 1 | outcome_label: ipo | is_yc: 0 | yc_batch: none | has_layoffs: 0 | total_layoffs: 0 | description: Founded in 2000, CareDx is pioneering the Diagnostics sector in Brisbane, USA. They have secured $146.4M across 9 funding rounds."
/organization/catabasis-pharmaceuticals,Catabasis Pharmaceuticals,"Based out of Cambridge, USA, Catabasis Pharmaceuticals is focused on Biotechnology. To date, they have raised $119.5M.",Biotechnology,,USA,Cambridge,2008.0,http://catabasis.com/,ipo,9,119523736.0,0,1,0,1,1,mega,late,227.2,ipo,0,none,0,0,"catabasis pharmaceuticals biotechnology  based out of cambridge, usa, catabasis pharmaceuticals is focused on biotechnology. to date, they have raised $119.5m. usa cambridge","name: Catabasis Pharmaceuticals | industry: Biotechnology | sub_industry: N/A | hq_country: USA | hq_city: Cambridge | founded_year: 2008.0 | status: ipo | funding_round_count: 9 | total_funding_usd: 119523736.0 | has_acquisition: 0 | has_ipo: 1 | outcome_label: ipo | is_yc: 0 | yc_batch: none | has_layoffs: 0 | total_layoffs: 0 | description: Based out of Cambridge, USA, Catabasis Pharmaceuticals is focused on Biotechnology. To date, they have raised $119.5M."
/organization/nanostring-technologies,NanoString Technologies,"NanoString Technologies is a Diagnostics company located in Seattle, USA. The firm has an estimated total funding of $110.2M.",Biotechnology,Diagnostics,USA,Seattle,2003.0,http://www.nanostring.com,ipo,9,110250000.0,0,1,0,1,1,mega,late,227.04,ipo,0,none,0,0,"nanostring technologies biotechnology diagnostics nanostring technologies is a diagnostics company located in seattle, usa. the firm has an estimated total funding of $110.2m. usa seattle","name: NanoString Technologies | industry: Biotechnology | sub_industry: Diagnostics | hq_country: USA | hq_city: Seattle | founded_year: 2003.0 | status: ipo | funding_round_count: 9 | total_funding_usd: 110250000.0 | has_acquisition: 0 | has_ipo: 1 | outcome_label: ipo | is_yc: 0 | yc_batch: none | has_layoffs: 0 | total_layoffs: 0 | description: NanoString Technologies is a Diagnostics company located in Seattle, USA. The firm has an estimated total funding of $110.2M."
/organization/marin-software,Marin Software,"Founded in 2006, Marin Software is transforming the Search Marketing sector in San Francisco, USA. They have secured $100.3M across 9 funding rounds.",Advertising,Search Marketing,USA,San Francisco,2006.0,http://www.marinsoftware.com/index.html,ipo,9,100268406.0,0,1,0,1,1,mega,late,226.85,ipo,0,none,0,0,"marin software advertising search marketing founded in 2006, marin software is transforming the search marketing sector in san francisco, usa. they have secured $100.3m across 9 funding rounds. usa san francisco","name: Marin Software | industry: Advertising | sub_industry: Search Marketing | hq_country: USA | hq_city: San Francisco | founded_year: 2006.0 | status: ipo | funding_round_count: 9 | total_funding_usd: 100268406.0 | has_acquisition: 0 | has_ipo: 1 | outcome_label: ipo | is_yc: 0 | yc_batch: none | has_layoffs: 0 | total_layoffs: 0 | description: Founded in 2006, Marin Software is transforming the Search Marketing sector in San Francisco, USA. They have secured $100.3M across 9 funding rounds."
/organization/arca-biopharma,ARCA biopharma,"the Biotechnology startup ARCA biopharma provides Biotechnology solutions in Westminster, USA.",Biotechnology,,USA,Westminster,,http://www.arcabiopharma.com/,ipo,9,91850846.0,0,1,0,1,1,mega,late,226.67,ipo,0,none,0,0,"arca biopharma biotechnology  the biotechnology startup arca biopharma provides biotechnology solutions in westminster, usa. usa westminster","name: ARCA biopharma | industry: Biotechnology | sub_industry: N/A | hq_country: USA | hq_city: Westminster | founded_year: N/A | status: ipo | funding_round_count: 9 | total_funding_usd: 91850846.0 | has_acquisition: 0 | has_ipo: 1 | outcome_label: ipo | is_yc: 0 | yc_batch: none | has_layoffs: 0 | total_layoffs: 0 | description: the Biotechnology startup ARCA biopharma provides Biotechnology solutions in Westminster, USA."
/organization/yume,YuMe,"Founded in 2004, YuMe is transforming the Advertising sector in Redwood City, USA. They have secured $75.8M across 9 funding rounds.",Advertising,,USA,Redwood City,2004.0,http://www.yume.com,ipo,9,75816240.0,0,1,0,1,1,mega,late,226.29,ipo,0,none,0,0,"yume advertising  founded in 2004, yume is transforming the advertising sector in redwood city, usa. they have secured $75.8m across 9 funding rounds. usa redwood city","name: YuMe | industry: Advertising | sub_industry: N/A | hq_country: USA | hq_city: Redwood City | founded_year: 2004.0 | status: ipo | funding_round_count: 9 | total_funding_usd: 75816240.0 | has_acquisition: 0 | has_ipo: 1 | outcome_label: ipo | is_yc: 0 | yc_batch: none | has_layoffs: 0 | total_layoffs: 0 | description: Founded in 2004, YuMe is transforming the Advertising sector in Redwood City, USA. They have secured $75.8M across 9 funding rounds."
/organization/eyegate-pharmaceuticals,EyeGate Pharmaceuticals,"Based out of Waltham, USA, EyeGate Pharmaceuticals is focused on Biotechnology. To date, they have raised $58.4M.",Biotechnology,,USA,Waltham,1998.0,http://www.eyegatepharma.com,ipo,9,58443814.0,0,1,0,1,1,mega,late,225.77,ipo,0,none,0,0,"eyegate pharmaceuticals biotechnology  based out of waltham, usa, eyegate pharmaceuticals is focused on biotechnology. to date, they have raised $58.4m. usa waltham","name: EyeGate Pharmaceuticals | industry: Biotechnology | sub_industry: N/A | hq_country: USA | hq_city: Waltham | founded_year: 1998.0 | status: ipo | funding_round_count: 9 | total_funding_usd: 58443814.0 | has_acquisition: 0 | has_ipo: 1 | outcome_label: ipo | is_yc: 0 | yc_batch: none | has_layoffs: 0 | total_layoffs: 0 | description: Based out of Waltham, USA, EyeGate Pharmaceuticals is focused on Biotechnology. To date, they have raised $58.4M."
/organization/echo-therapeutics,Echo Therapeutics,"Based out of Philadelphia, USA, Echo Therapeutics is focused on Biotechnology. To date, they have raised $42.9M.",Biotechnology,,USA,Philadelphia,,http://www.echotx.com,ipo,9,42914126.0,0,1,0,1,1,high,late,225.15,ipo,0,none,0,0,"echo therapeutics biotechnology  based out of philadelphia, usa, echo therapeutics is focused on biotechnology. to date, they have raised $42.9m. usa philadelphia","name: Echo Therapeutics | industry: Biotechnology | sub_industry: N/A | hq_country: USA | hq_city: Philadelphia | founded_year: N/A | status: ipo | funding_round_count: 9 | total_funding_usd: 42914126.0 | has_acquisition: 0 | has_ipo: 1 | outcome_label: ipo | is_yc: 0 | yc_batch: none | has_layoffs: 0 | total_layoffs: 0 | description: Based out of Philadelphia, USA, Echo Therapeutics is focused on Biotechnology. To date, they have raised $42.9M."
/organization/oink-2,Oink,"Headquartered in Hermosa Beach, USA, Oink operates as a key player in the E-Commerce industry. Established in 2008, the company continues to grow. The startup has gone public (IPO).",E-Commerce,Kids,USA,Hermosa Beach,2008.0,http://www.oink.com,ipo,9,39942388.0,0,1,0,1,1,high,late,225.01,ipo,0,none,0,0,"oink e-commerce kids headquartered in hermosa beach, usa, oink operates as a key player in the e-commerce industry. established in 2008, the company continues to grow. the startup has gone public (ipo). usa hermosa beach","name: Oink | industry: E-Commerce | sub_industry: Kids | hq_country: USA | hq_city: Hermosa Beach | founded_year: 2008.0 | status: ipo | funding_round_count: 9 | total_funding_usd: 39942388.0 | has_acquisition: 0 | has_ipo: 1 | outcome_label: ipo | is_yc: 0 | yc_batch: none | has_layoffs: 0 | total_layoffs: 0 | description: Headquartered in Hermosa Beach, USA, Oink operates as a key player in the E-Commerce industry. Established in 2008, the company continues to grow. The startup has gone public (IPO)."
/organization/respect-your-universe,"Respect Your Universe, Inc","Respect Your Universe, Inc is disrupting the E-Commerce sector in Vancouver, CAN. They have secured $15.7M across 9 funding rounds.",E-Commerce,,CAN,Vancouver,,http://ryu.com,ipo,9,15665911.3932343,0,1,0,1,1,high,late,223.13,ipo,0,none,0,0,"respect your universe, inc e-commerce  respect your universe, inc is disrupting the e-commerce sector in vancouver, can. they have secured $15.7m across 9 funding rounds. can vancouver","name: Respect Your Universe, Inc | industry: E-Commerce | sub_industry: N/A | hq_country: CAN | hq_city: Vancouver | founded_year: N/A | status: ipo | funding_round_count: 9 | total_funding_usd: 15665911.3932343 | has_acquisition: 0 | has_ipo: 1 | outcome_label: ipo | is_yc: 0 | yc_batch: none | has_layoffs: 0 | total_layoffs: 0 | description: Respect Your Universe, Inc is disrupting the E-Commerce sector in Vancouver, CAN. They have secured $15.7M across 9 funding rounds."
/organization/pressure-biosciences,Pressure BioSciences,"Founded in 1978, Pressure BioSciences is disrupting the Health Diagnostics sector in South Easton, USA. They have secured $10.6M across 9 funding rounds.",Biotechnology,Health Diagnostics,USA,South Easton,1978.0,http://www.pressurebiosciences.com,ipo,9,10628756.0,0,1,0,1,1,high,late,222.36,ipo,0,none,0,0,"pressure biosciences biotechnology health diagnostics founded in 1978, pressure biosciences is disrupting the health diagnostics sector in south easton, usa. they have secured $10.6m across 9 funding rounds. usa south easton","name: Pressure BioSciences | industry: Biotechnology | sub_industry: Health Diagnostics | hq_country: USA | hq_city: South Easton | founded_year: 1978.0 | status: ipo | funding_round_count: 9 | total_funding_usd: 10628756.0 | has_acquisition: 0 | has_ipo: 1 | outcome_label: ipo | is_yc: 0 | yc_batch: none | has_layoffs: 0 | total_layoffs: 0 | description: Founded in 1978, Pressure BioSciences is disrupting the Health Diagnostics sector in South Easton, USA. They have secured $10.6M across 9 funding rounds."
/organization/blue-calypso,Blue Calypso,"Founded in 2011, the Advertising startup Blue Calypso provides Brand Marketing solutions in Dallas, USA.",Advertising,Brand Marketing,USA,Dallas,2011.0,http://www.bluecalypso.com,ipo,9,8925000.0,0,1,0,1,1,medium,late,222.01,ipo,0,none,0,0,"blue calypso advertising brand marketing founded in 2011, the advertising startup blue calypso provides brand marketing solutions in dallas, usa. usa dallas","name: Blue Calypso | industry: Advertising | sub_industry: Brand Marketing | hq_country: USA | hq_city: Dallas | founded_year: 2011.0 | status: ipo | funding_round_count: 9 | total_funding_usd: 8925000.0 | has_acquisition: 0 | has_ipo: 1 | outcome_label: ipo | is_yc: 0 | yc_batch: none | has_layoffs: 0 | total_layoffs: 0 | description: Founded in 2011, the Advertising startup Blue Calypso provides Brand Marketing solutions in Dallas, USA."
/organization/twitter,Twitter,"Twitter is a Messaging company located in San Francisco, USA. The firm has an estimated total funding of $1.2B.",Information Services,Messaging,USA,San Francisco,2006.0,http://www.twitter.com/,ipo,8,1160166511.0,0,1,0,1,1,mega,late,221.74,ipo,0,none,1,3740,"twitter information services messaging twitter is a messaging company located in san francisco, usa. the firm has an estimated total funding of $1.2b. usa san francisco","name: Twitter | industry: Information Services | sub_industry: Messaging | hq_country: USA | hq_city: San Francisco | founded_year: 2006.0 | status: ipo | funding_round_count: 8 | total_funding_usd: 1160166511.0 | has_acquisition: 0 | has_ipo: 1 | outcome_label: ipo | is_yc: 0 | yc_batch: none | has_layoffs: 1 | total_layoffs: 3740 | description: Twitter is a Messaging company located in San Francisco, USA. The firm has an estimated total funding of $1.2B."
/organization/qunar-com,Qunar.com,"Founded in 2005, Qunar.com is disrupting the Travel sector in Beijing, CHN. They have secured $890.0M across 8 funding rounds.",Business Services,Travel,CHN,Beijing,2005.0,http://www.qunar.com,ipo,8,890000000.0,0,1,0,1,1,mega,late,221.21,ipo,0,none,0,0,"qunar.com business services travel founded in 2005, qunar.com is disrupting the travel sector in beijing, chn. they have secured $890.0m across 8 funding rounds. chn beijing","name: Qunar.com | industry: Business Services | sub_industry: Travel | hq_country: CHN | hq_city: Beijing | founded_year: 2005.0 | status: ipo | funding_round_count: 8 | total_funding_usd: 890000000.0 | has_acquisition: 0 | has_ipo: 1 | outcome_label: ipo | is_yc: 0 | yc_batch: none | has_layoffs: 0 | total_layoffs: 0 | description: Founded in 2005, Qunar.com is disrupting the Travel sector in Beijing, CHN. They have secured $890.0M across 8 funding rounds."
/organization/pure-storage,Pure Storage,"Based out of Mountain View, USA, Pure Storage is focused on Enterprise Software. To date, they have raised $530.9M.",Enterprise Software,Storage,USA,Mountain View,2009.0,http://www.purestorage.com,ipo,8,530856468.0,0,1,0,1,1,mega,late,220.18,ipo,0,none,0,0,"pure storage enterprise software storage based out of mountain view, usa, pure storage is focused on enterprise software. to date, they have raised $530.9m. usa mountain view","name: Pure Storage | industry: Enterprise Software | sub_industry: Storage | hq_country: USA | hq_city: Mountain View | founded_year: 2009.0 | status: ipo | funding_round_count: 8 | total_funding_usd: 530856468.0 | has_acquisition: 0 | has_ipo: 1 | outcome_label: ipo | is_yc: 0 | yc_batch: none | has_layoffs: 0 | total_layoffs: 0 | description: Based out of Mountain View, USA, Pure Storage is focused on Enterprise Software. To date, they have raised $530.9M."
/organization/a123systems,A123 Systems,"Headquartered in Westborough, USA, A123 Systems operates as a key player in the Batteries industry. Established in 2001, the company continues to grow. The startup has gone public (IPO).",Batteries,Clean Technology,USA,Westborough,2001.0,http://a123systems.com,ipo,8,502860000.0,0,1,0,1,1,mega,late,220.07,ipo,0,none,0,0,"a123 systems batteries clean technology headquartered in westborough, usa, a123 systems operates as a key player in the batteries industry. established in 2001, the company continues to grow. the startup has gone public (ipo). usa westborough","name: A123 Systems | industry: Batteries | sub_industry: Clean Technology | hq_country: USA | hq_city: Westborough | founded_year: 2001.0 | status: ipo | funding_round_count: 8 | total_funding_usd: 502860000.0 | has_acquisition: 0 | has_ipo: 1 | outcome_label: ipo | is_yc: 0 | yc_batch: none | has_layoffs: 0 | total_layoffs: 0 | description: Headquartered in Westborough, USA, A123 Systems operates as a key player in the Batteries industry. Established in 2001, the company continues to grow. The startup has gone public (IPO)."
/organization/ironwood-pharmaceuticals,Ironwood Pharmaceuticals,"Based out of Cambridge, USA, Ironwood Pharmaceuticals is focused on Health Care. To date, they have raised $459.0M.",Health Care,,USA,Cambridge,1998.0,http://www.ironwoodpharma.com,ipo,8,459000000.0,0,1,0,1,1,mega,late,219.89,ipo,0,none,0,0,"ironwood pharmaceuticals health care  based out of cambridge, usa, ironwood pharmaceuticals is focused on health care. to date, they have raised $459.0m. usa cambridge","name: Ironwood Pharmaceuticals | industry: Health Care | sub_industry: N/A | hq_country: USA | hq_city: Cambridge | founded_year: 1998.0 | status: ipo | funding_round_count: 8 | total_funding_usd: 459000000.0 | has_acquisition: 0 | has_ipo: 1 | outcome_label: ipo | is_yc: 0 | yc_batch: none | has_layoffs: 0 | total_layoffs: 0 | description: Based out of Cambridge, USA, Ironwood Pharmaceuticals is focused on Health Care. To date, they have raised $459.0M."
/organization/xero,Xero,"Founded in 2006, the Accounting startup Xero provides Banking solutions in Wellington, NZL.",Accounting,Banking,NZL,Wellington,2006.0,http://xero.com,ipo,8,374995300.0,0,1,0,1,1,mega,late,219.48,ipo,0,none,0,0,"xero accounting banking founded in 2006, the accounting startup xero provides banking solutions in wellington, nzl. nzl wellington","name: Xero | industry: Accounting | sub_industry: Banking | hq_country: NZL | hq_city: Wellington | founded_year: 2006.0 | status: ipo | funding_round_count: 8 | total_funding_usd: 374995300.0 | has_acquisition: 0 | has_ipo: 1 | outcome_label: ipo | is_yc: 0 | yc_batch: none | has_layoffs: 0 | total_layoffs: 0 | description: Founded in 2006, the Accounting startup Xero provides Banking solutions in Wellington, NZL."
/organization/relypsa,Relypsa,"Relypsa is a Health Care company located in Redwood City, USA. The firm has an estimated total funding of $357.1M.",Biotechnology,Health Care,USA,Redwood City,2007.0,http://www.relypsa.com,ipo,8,357129887.0,0,1,0,1,1,mega,late,219.39,ipo,0,none,0,0,"relypsa biotechnology health care relypsa is a health care company located in redwood city, usa. the firm has an estimated total funding of $357.1m. usa redwood city","name: Relypsa | industry: Biotechnology | sub_industry: Health Care | hq_country: USA | hq_city: Redwood City | founded_year: 2007.0 | status: ipo | funding_round_count: 8 | total_funding_usd: 357129887.0 | has_acquisition: 0 | has_ipo: 1 | outcome_label: ipo | is_yc: 0 | yc_batch: none | has_layoffs: 0 | total_layoffs: 0 | description: Relypsa is a Health Care company located in Redwood City, USA. The firm has an estimated total funding of $357.1M."
/organization/biocartis,Biocartis,"Headquartered in Lausanne, CHE, Biocartis operates as a key player in the Biotechnology industry. Established in 2007, the company continues to grow. The startup has gone public (IPO).",Biotechnology,Health Diagnostics,CHE,Lausanne,2007.0,http://www.biocartis.com,ipo,8,321184551.0,0,1,0,1,1,mega,late,219.18,ipo,0,none,0,0,"biocartis biotechnology health diagnostics headquartered in lausanne, che, biocartis operates as a key player in the biotechnology industry. established in 2007, the company continues to grow. the startup has gone public (ipo). che lausanne","name: Biocartis | industry: Biotechnology | sub_industry: Health Diagnostics | hq_country: CHE | hq_city: Lausanne | founded_year: 2007.0 | status: ipo | funding_round_count: 8 | total_funding_usd: 321184551.0 | has_acquisition: 0 | has_ipo: 1 | outcome_label: ipo | is_yc: 0 | yc_batch: none | has_layoffs: 0 | total_layoffs: 0 | description: Headquartered in Lausanne, CHE, Biocartis operates as a key player in the Biotechnology industry. Established in 2007, the company continues to grow. The startup has gone public (IPO)."
/organization/lighting-science-group,Lighting Science Group,"Headquartered in Satellite Beach, USA, Lighting Science Group operates as a key player in the Clean Technology industry. Established in 2004, the company continues to grow. The startup has gone public (IPO).",Clean Technology,,USA,Satellite Beach,2004.0,http://lsgc.com,ipo,8,311641726.0,0,1,0,1,1,mega,late,219.11,ipo,0,none,0,0,"lighting science group clean technology  headquartered in satellite beach, usa, lighting science group operates as a key player in the clean technology industry. established in 2004, the company continues to grow. the startup has gone public (ipo). usa satellite beach","name: Lighting Science Group | industry: Clean Technology | sub_industry: N/A | hq_country: USA | hq_city: Satellite Beach | founded_year: 2004.0 | status: ipo | funding_round_count: 8 | total_funding_usd: 311641726.0 | has_acquisition: 0 | has_ipo: 1 | outcome_label: ipo | is_yc: 0 | yc_batch: none | has_layoffs: 0 | total_layoffs: 0 | description: Headquartered in Satellite Beach, USA, Lighting Science Group operates as a key player in the Clean Technology industry. Established in 2004, the company continues to grow. The startup has gone public (IPO)."
/organization/tengion,Tengion,"Founded in 2003, the Biotechnology startup Tengion provides Biotechnology solutions in Audubon, USA.",Biotechnology,,USA,Audubon,2003.0,http://www.tengion.com,ipo,8,297263531.0,0,1,0,1,1,mega,late,219.02,ipo,0,none,0,0,"tengion biotechnology  founded in 2003, the biotechnology startup tengion provides biotechnology solutions in audubon, usa. usa audubon","name: Tengion | industry: Biotechnology | sub_industry: N/A | hq_country: USA | hq_city: Audubon | founded_year: 2003.0 | status: ipo | funding_round_count: 8 | total_funding_usd: 297263531.0 | has_acquisition: 0 | has_ipo: 1 | outcome_label: ipo | is_yc: 0 | yc_batch: none | has_layoffs: 0 | total_layoffs: 0 | description: Founded in 2003, the Biotechnology startup Tengion provides Biotechnology solutions in Audubon, USA."
/organization/genocea-biosciences,Genocea Biosciences,"Headquartered in Cambridge, USA, Genocea Biosciences operates as a key player in the Biotechnology industry. Established in 2006, the company continues to grow. The startup has gone public (IPO).",Biotechnology,,USA,Cambridge,2006.0,http://www.genocea.com,ipo,8,206525461.0,0,1,0,1,1,mega,late,218.29,ipo,0,none,0,0,"genocea biosciences biotechnology  headquartered in cambridge, usa, genocea biosciences operates as a key player in the biotechnology industry. established in 2006, the company continues to grow. the startup has gone public (ipo). usa cambridge","name: Genocea Biosciences | industry: Biotechnology | sub_industry: N/A | hq_country: USA | hq_city: Cambridge | founded_year: 2006.0 | status: ipo | funding_round_count: 8 | total_funding_usd: 206525461.0 | has_acquisition: 0 | has_ipo: 1 | outcome_label: ipo | is_yc: 0 | yc_batch: none | has_layoffs: 0 | total_layoffs: 0 | description: Headquartered in Cambridge, USA, Genocea Biosciences operates as a key player in the Biotechnology industry. Established in 2006, the company continues to grow. The startup has gone public (IPO)."
/organization/vital-therapies,Vital Therapies,"Headquartered in San Diego, USA, Vital Therapies operates as a key player in the Biotechnology industry. Established in 2003, the company continues to grow. The startup has gone public (IPO).",Biotechnology,Health Care,USA,San Diego,2003.0,http://www.vitaltherapies.com,ipo,8,205868476.0,0,1,0,1,1,mega,late,218.29,ipo,0,none,0,0,"vital therapies biotechnology health care headquartered in san diego, usa, vital therapies operates as a key player in the biotechnology industry. established in 2003, the company continues to grow. the startup has gone public (ipo). usa san diego","name: Vital Therapies | industry: Biotechnology | sub_industry: Health Care | hq_country: USA | hq_city: San Diego | founded_year: 2003.0 | status: ipo | funding_round_count: 8 | total_funding_usd: 205868476.0 | has_acquisition: 0 | has_ipo: 1 | outcome_label: ipo | is_yc: 0 | yc_batch: none | has_layoffs: 0 | total_layoffs: 0 | description: Headquartered in San Diego, USA, Vital Therapies operates as a key player in the Biotechnology industry. Established in 2003, the company continues to grow. The startup has gone public (IPO)."
/organization/brightcove,Brightcove,"Based out of Shibuya, JPN, Brightcove is focused on Analytics. To date, they have raised $198.0M.",Analytics,Enterprise Software,JPN,Shibuya,2004.0,http://www.brightcove.com,ipo,8,198007658.0,0,1,0,1,1,mega,late,218.21,ipo,0,none,0,0,"brightcove analytics enterprise software based out of shibuya, jpn, brightcove is focused on analytics. to date, they have raised $198.0m. jpn shibuya","name: Brightcove | industry: Analytics | sub_industry: Enterprise Software | hq_country: JPN | hq_city: Shibuya | founded_year: 2004.0 | status: ipo | funding_round_count: 8 | total_funding_usd: 198007658.0 | has_acquisition: 0 | has_ipo: 1 | outcome_label: ipo | is_yc: 0 | yc_batch: none | has_layoffs: 0 | total_layoffs: 0 | description: Based out of Shibuya, JPN, Brightcove is focused on Analytics. To date, they have raised $198.0M."
/organization/anacor-pharmaceutical,Anacor Pharmaceutical,"Founded in 2000, Anacor Pharmaceutical is innovating the Health Care sector in Palo Alto, USA. They have secured $198.5M across 8 funding rounds.",Biotechnology,Health Care,USA,Palo Alto,2000.0,http://www.anacor.com,ipo,8,198500000.0,0,1,0,1,1,mega,late,218.21,ipo,0,none,0,0,"anacor pharmaceutical biotechnology health care founded in 2000, anacor pharmaceutical is innovating the health care sector in palo alto, usa. they have secured $198.5m across 8 funding rounds. usa palo alto","name: Anacor Pharmaceutical | industry: Biotechnology | sub_industry: Health Care | hq_country: USA | hq_city: Palo Alto | founded_year: 2000.0 | status: ipo | funding_round_count: 8 | total_funding_usd: 198500000.0 | has_acquisition: 0 | has_ipo: 1 | outcome_label: ipo | is_yc: 0 | yc_batch: none | has_layoffs: 0 | total_layoffs: 0 | description: Founded in 2000, Anacor Pharmaceutical is innovating the Health Care sector in Palo Alto, USA. They have secured $198.5M across 8 funding rounds."
/organization/sndax-pharmaceuticals,Syndax Pharmaceuticals,"Founded in 2005, the Biotechnology startup Syndax Pharmaceuticals provides Biotechnology solutions in Waltham, USA.",Biotechnology,,USA,Waltham,2005.0,http://www.syndax.com,ipo,8,192243015.0,0,1,0,1,1,mega,late,218.15,ipo,0,none,0,0,"syndax pharmaceuticals biotechnology  founded in 2005, the biotechnology startup syndax pharmaceuticals provides biotechnology solutions in waltham, usa. usa waltham","name: Syndax Pharmaceuticals | industry: Biotechnology | sub_industry: N/A | hq_country: USA | hq_city: Waltham | founded_year: 2005.0 | status: ipo | funding_round_count: 8 | total_funding_usd: 192243015.0 | has_acquisition: 0 | has_ipo: 1 | outcome_label: ipo | is_yc: 0 | yc_batch: none | has_layoffs: 0 | total_layoffs: 0 | description: Founded in 2005, the Biotechnology startup Syndax Pharmaceuticals provides Biotechnology solutions in Waltham, USA."
/organization/cymabay-therapeutics,CymaBay Therapeutics,"CymaBay Therapeutics is a Biotechnology company located in Hayward, USA. The firm has an estimated total funding of $171.5M.",Biotechnology,,USA,Hayward,1991.0,http://www.cymabay.com,ipo,8,171505694.0,0,1,0,1,1,mega,late,217.92,ipo,0,none,0,0,"cymabay therapeutics biotechnology  cymabay therapeutics is a biotechnology company located in hayward, usa. the firm has an estimated total funding of $171.5m. usa hayward","name: CymaBay Therapeutics | industry: Biotechnology | sub_industry: N/A | hq_country: USA | hq_city: Hayward | founded_year: 1991.0 | status: ipo | funding_round_count: 8 | total_funding_usd: 171505694.0 | has_acquisition: 0 | has_ipo: 1 | outcome_label: ipo | is_yc: 0 | yc_batch: none | has_layoffs: 0 | total_layoffs: 0 | description: CymaBay Therapeutics is a Biotechnology company located in Hayward, USA. The firm has an estimated total funding of $171.5M."
/organization/mobileiron,MobileIron,"Founded in 2007, the Apps startup MobileIron provides Mobile solutions in Mountain View, USA.",Apps,Mobile,USA,Mountain View,2007.0,http://www.mobileiron.com,ipo,8,144800000.0,0,1,0,1,1,mega,late,217.58,ipo,0,none,0,0,"mobileiron apps mobile founded in 2007, the apps startup mobileiron provides mobile solutions in mountain view, usa. usa mountain view","name: MobileIron | industry: Apps | sub_industry: Mobile | hq_country: USA | hq_city: Mountain View | founded_year: 2007.0 | status: ipo | funding_round_count: 8 | total_funding_usd: 144800000.0 | has_acquisition: 0 | has_ipo: 1 | outcome_label: ipo | is_yc: 0 | yc_batch: none | has_layoffs: 0 | total_layoffs: 0 | description: Founded in 2007, the Apps startup MobileIron provides Mobile solutions in Mountain View, USA."
/organization/aduro-biotech,Aduro BioTech,"Aduro BioTech is a Biotechnology company located in Berkeley, USA. The firm has an estimated total funding of $143.4M.",Biotechnology,,USA,Berkeley,2000.0,http://www.aduro.com,ipo,8,143380947.0,0,1,0,1,1,mega,late,217.56,ipo,0,none,0,0,"aduro biotech biotechnology  aduro biotech is a biotechnology company located in berkeley, usa. the firm has an estimated total funding of $143.4m. usa berkeley","name: Aduro BioTech | industry: Biotechnology | sub_industry: N/A | hq_country: USA | hq_city: Berkeley | founded_year: 2000.0 | status: ipo | funding_round_count: 8 | total_funding_usd: 143380947.0 | has_acquisition: 0 | has_ipo: 1 | outcome_label: ipo | is_yc: 0 | yc_batch: none | has_layoffs: 0 | total_layoffs: 0 | description: Aduro BioTech is a Biotechnology company located in Berkeley, USA. The firm has an estimated total funding of $143.4M."
/organization/exagen-diagnostics,Exagen Diagnostics,"Exagen Diagnostics is a Health Diagnostics company located in Albuquerque, USA. The firm has an estimated total funding of $138.8M.",Biotechnology,Health Diagnostics,USA,Albuquerque,2002.0,http://avisetest.com,operating,18,138845088.0,0,0,0,0,0,mega,late,217.5,funded_growth,0,none,0,0,"exagen diagnostics biotechnology health diagnostics exagen diagnostics is a health diagnostics company located in albuquerque, usa. the firm has an estimated total funding of $138.8m. usa albuquerque","name: Exagen Diagnostics | industry: Biotechnology | sub_industry: Health Diagnostics | hq_country: USA | hq_city: Albuquerque | founded_year: 2002.0 | status: operating | funding_round_count: 18 | total_funding_usd: 138845088.0 | has_acquisition: 0 | has_ipo: 0 | outcome_label: funded_growth | is_yc: 0 | yc_batch: none | has_layoffs: 0 | total_layoffs: 0 | description: Exagen Diagnostics is a Health Diagnostics company located in Albuquerque, USA. The firm has an estimated total funding of $138.8M."
/organization/tubemogul,TubeMogul,"Headquartered in Emeryville, USA, TubeMogul operates as a key player in the Advertising industry. Established in 2006, the company continues to grow. The startup has gone public (IPO).",Advertising,Analytics,USA,Emeryville,2006.0,http://www.tubemogul.com,ipo,8,136057047.0,0,1,0,1,1,mega,late,217.46,ipo,0,none,0,0,"tubemogul advertising analytics headquartered in emeryville, usa, tubemogul operates as a key player in the advertising industry. established in 2006, the company continues to grow. the startup has gone public (ipo). usa emeryville","name: TubeMogul | industry: Advertising | sub_industry: Analytics | hq_country: USA | hq_city: Emeryville | founded_year: 2006.0 | status: ipo | funding_round_count: 8 | total_funding_usd: 136057047.0 | has_acquisition: 0 | has_ipo: 1 | outcome_label: ipo | is_yc: 0 | yc_batch: none | has_layoffs: 0 | total_layoffs: 0 | description: Headquartered in Emeryville, USA, TubeMogul operates as a key player in the Advertising industry. Established in 2006, the company continues to grow. The startup has gone public (IPO)."
/organization/reachlocal,ReachLocal,"Founded in 2004, ReachLocal is innovating the Internet Marketing sector in Woodland Hills, USA. They have secured $127.3M across 8 funding rounds.",Advertising,Internet Marketing,USA,Woodland Hills,2004.0,http://www.reachlocal.com,ipo,8,127335670.0,0,1,0,1,1,mega,late,217.32,ipo,0,none,0,0,"reachlocal advertising internet marketing founded in 2004, reachlocal is innovating the internet marketing sector in woodland hills, usa. they have secured $127.3m across 8 funding rounds. usa woodland hills","name: ReachLocal | industry: Advertising | sub_industry: Internet Marketing | hq_country: USA | hq_city: Woodland Hills | founded_year: 2004.0 | status: ipo | funding_round_count: 8 | total_funding_usd: 127335670.0 | has_acquisition: 0 | has_ipo: 1 | outcome_label: ipo | is_yc: 0 | yc_batch: none | has_layoffs: 0 | total_layoffs: 0 | description: Founded in 2004, ReachLocal is innovating the Internet Marketing sector in Woodland Hills, USA. They have secured $127.3M across 8 funding rounds."
/organization/globeimmune,GlobeImmune,"Founded in 1995, the Biotechnology startup GlobeImmune provides Biotechnology solutions in Louisville, USA.",Biotechnology,,USA,Louisville,1995.0,http://www.globeimmune.com,ipo,8,120456440.0,0,1,0,1,1,mega,late,217.21,ipo,0,none,0,0,"globeimmune biotechnology  founded in 1995, the biotechnology startup globeimmune provides biotechnology solutions in louisville, usa. usa louisville","name: GlobeImmune | industry: Biotechnology | sub_industry: N/A | hq_country: USA | hq_city: Louisville | founded_year: 1995.0 | status: ipo | funding_round_count: 8 | total_funding_usd: 120456440.0 | has_acquisition: 0 | has_ipo: 1 | outcome_label: ipo | is_yc: 0 | yc_batch: none | has_layoffs: 0 | total_layoffs: 0 | description: Founded in 1995, the Biotechnology startup GlobeImmune provides Biotechnology solutions in Louisville, USA."
/organization/tremor-video,Tremor Video,"Founded in 2005, Tremor Video is disrupting the Digital Media sector in New York, USA. They have secured $116.4M across 8 funding rounds.",Advertising,Digital Media,USA,New York,2005.0,http://tremorvideo.com,ipo,8,116400000.0,0,1,0,1,1,mega,late,217.15,ipo,0,none,0,0,"tremor video advertising digital media founded in 2005, tremor video is disrupting the digital media sector in new york, usa. they have secured $116.4m across 8 funding rounds. usa new york","name: Tremor Video | industry: Advertising | sub_industry: Digital Media | hq_country: USA | hq_city: New York | founded_year: 2005.0 | status: ipo | funding_round_count: 8 | total_funding_usd: 116400000.0 | has_acquisition: 0 | has_ipo: 1 | outcome_label: ipo | is_yc: 0 | yc_batch: none | has_layoffs: 0 | total_layoffs: 0 | description: Founded in 2005, Tremor Video is disrupting the Digital Media sector in New York, USA. They have secured $116.4M across 8 funding rounds."
/organization/five9,Five9,"Based out of San Ramon, USA, Five9 is focused on Enterprise Software. To date, they have raised $114.1M.",Enterprise Software,Technology,USA,San Ramon,2001.0,http://www.five9.com,ipo,8,114100000.0,0,1,0,1,1,mega,late,217.11,ipo,0,none,0,0,"five9 enterprise software technology based out of san ramon, usa, five9 is focused on enterprise software. to date, they have raised $114.1m. usa san ramon","name: Five9 | industry: Enterprise Software | sub_industry: Technology | hq_country: USA | hq_city: San Ramon | founded_year: 2001.0 | status: ipo | funding_round_count: 8 | total_funding_usd: 114100000.0 | has_acquisition: 0 | has_ipo: 1 | outcome_label: ipo | is_yc: 0 | yc_batch: none | has_layoffs: 0 | total_layoffs: 0 | description: Based out of San Ramon, USA, Five9 is focused on Enterprise Software. To date, they have raised $114.1M."
/organization/cytomedix,Nuo Therapeutics,"Headquartered in Gaithersburg, USA, Nuo Therapeutics operates as a key player in the Biotechnology industry. The startup has gone public (IPO).",Biotechnology,,USA,Gaithersburg,,http://www.cytomedix.com,ipo,8,104775000.0,0,1,0,1,1,mega,late,216.93,ipo,0,none,0,0,"nuo therapeutics biotechnology  headquartered in gaithersburg, usa, nuo therapeutics operates as a key player in the biotechnology industry. the startup has gone public (ipo). usa gaithersburg","name: Nuo Therapeutics | industry: Biotechnology | sub_industry: N/A | hq_country: USA | hq_city: Gaithersburg | founded_year: N/A | status: ipo | funding_round_count: 8 | total_funding_usd: 104775000.0 | has_acquisition: 0 | has_ipo: 1 | outcome_label: ipo | is_yc: 0 | yc_batch: none | has_layoffs: 0 | total_layoffs: 0 | description: Headquartered in Gaithersburg, USA, Nuo Therapeutics operates as a key player in the Biotechnology industry. The startup has gone public (IPO)."
/organization/advaxis-inc,Advaxis,"Founded in 2002, the Biotechnology startup Advaxis provides Biotechnology solutions in Princeton, USA.",Biotechnology,,USA,Princeton,2002.0,http://www.advaxis.com,ipo,8,98537423.0,0,1,0,1,1,mega,late,216.81,ipo,0,none,0,0,"advaxis biotechnology  founded in 2002, the biotechnology startup advaxis provides biotechnology solutions in princeton, usa. usa princeton","name: Advaxis | industry: Biotechnology | sub_industry: N/A | hq_country: USA | hq_city: Princeton | founded_year: 2002.0 | status: ipo | funding_round_count: 8 | total_funding_usd: 98537423.0 | has_acquisition: 0 | has_ipo: 1 | outcome_label: ipo | is_yc: 0 | yc_batch: none | has_layoffs: 0 | total_layoffs: 0 | description: Founded in 2002, the Biotechnology startup Advaxis provides Biotechnology solutions in Princeton, USA."
/organization/etsy,Etsy,"Headquartered in Brooklyn, USA, Etsy operates as a key player in the E-Commerce industry. Established in 2005, the company continues to grow. The startup has gone public (IPO).",E-Commerce,Peer-to-Peer,USA,Brooklyn,2005.0,http://www.etsy.com,ipo,8,97256127.0,0,1,0,1,1,mega,late,216.79,ipo,0,none,0,0,"etsy e-commerce peer-to-peer headquartered in brooklyn, usa, etsy operates as a key player in the e-commerce industry. established in 2005, the company continues to grow. the startup has gone public (ipo). usa brooklyn","name: Etsy | industry: E-Commerce | sub_industry: Peer-to-Peer | hq_country: USA | hq_city: Brooklyn | founded_year: 2005.0 | status: ipo | funding_round_count: 8 | total_funding_usd: 97256127.0 | has_acquisition: 0 | has_ipo: 1 | outcome_label: ipo | is_yc: 0 | yc_batch: none | has_layoffs: 0 | total_layoffs: 0 | description: Headquartered in Brooklyn, USA, Etsy operates as a key player in the E-Commerce industry. Established in 2005, the company continues to grow. The startup has gone public (IPO)."
/organization/bg-medicine,BG Medicine,"BG Medicine is a Health Care company located in Waltham, USA. The firm has an estimated total funding of $96.0M.",Biotechnology,Health Care,USA,Waltham,2000.0,http://www.bg-medicine.com,ipo,8,96029290.0,0,1,0,1,1,mega,late,216.76,ipo,0,none,0,0,"bg medicine biotechnology health care bg medicine is a health care company located in waltham, usa. the firm has an estimated total funding of $96.0m. usa waltham","name: BG Medicine | industry: Biotechnology | sub_industry: Health Care | hq_country: USA | hq_city: Waltham | founded_year: 2000.0 | status: ipo | funding_round_count: 8 | total_funding_usd: 96029290.0 | has_acquisition: 0 | has_ipo: 1 | outcome_label: ipo | is_yc: 0 | yc_batch: none | has_layoffs: 0 | total_layoffs: 0 | description: BG Medicine is a Health Care company located in Waltham, USA. The firm has an estimated total funding of $96.0M."
/organization/titan-medical,Titan Medical,"Headquartered in Toronto, CAN, Titan Medical operates as a key player in the Health and Wellness industry. The startup has gone public (IPO).",Health and Wellness,,CAN,Toronto,,http://titanmedicalinc.com,ipo,8,92043583.4170184,0,1,0,1,1,mega,late,216.68,ipo,0,none,0,0,"titan medical health and wellness  headquartered in toronto, can, titan medical operates as a key player in the health and wellness industry. the startup has gone public (ipo). can toronto","name: Titan Medical | industry: Health and Wellness | sub_industry: N/A | hq_country: CAN | hq_city: Toronto | founded_year: N/A | status: ipo | funding_round_count: 8 | total_funding_usd: 92043583.4170184 | has_acquisition: 0 | has_ipo: 1 | outcome_label: ipo | is_yc: 0 | yc_batch: none | has_layoffs: 0 | total_layoffs: 0 | description: Headquartered in Toronto, CAN, Titan Medical operates as a key player in the Health and Wellness industry. The startup has gone public (IPO)."
/organization/realpage,RealPage,"Headquartered in Carrollton, USA, RealPage operates as a key player in the Software industry. Established in 1995, the company continues to grow. The startup has gone public (IPO).",Software,,USA,Carrollton,1995.0,http://www.realpage.com,ipo,8,86401577.0,0,1,0,1,1,mega,late,216.55,ipo,0,none,0,0,"realpage software  headquartered in carrollton, usa, realpage operates as a key player in the software industry. established in 1995, the company continues to grow. the startup has gone public (ipo). usa carrollton","name: RealPage | industry: Software | sub_industry: N/A | hq_country: USA | hq_city: Carrollton | founded_year: 1995.0 | status: ipo | funding_round_count: 8 | total_funding_usd: 86401577.0 | has_acquisition: 0 | has_ipo: 1 | outcome_label: ipo | is_yc: 0 | yc_batch: none | has_layoffs: 0 | total_layoffs: 0 | description: Headquartered in Carrollton, USA, RealPage operates as a key player in the Software industry. Established in 1995, the company continues to grow. The startup has gone public (IPO)."
/organization/everyday-health,Everyday Health,"Founded in 2002, the Business Services startup Everyday Health provides Health and Wellness solutions in New York, USA.",Business Services,Health and Wellness,USA,New York,2002.0,http://corporate.everydayhealth.com,ipo,8,84728588.0,0,1,0,1,1,mega,late,216.51,ipo,0,none,0,0,"everyday health business services health and wellness founded in 2002, the business services startup everyday health provides health and wellness solutions in new york, usa. usa new york","name: Everyday Health | industry: Business Services | sub_industry: Health and Wellness | hq_country: USA | hq_city: New York | founded_year: 2002.0 | status: ipo | funding_round_count: 8 | total_funding_usd: 84728588.0 | has_acquisition: 0 | has_ipo: 1 | outcome_label: ipo | is_yc: 0 | yc_batch: none | has_layoffs: 0 | total_layoffs: 0 | description: Founded in 2002, the Business Services startup Everyday Health provides Health and Wellness solutions in New York, USA."
/organization/ascent-solar-technologies,Ascent Solar Technologies,"Based out of Thornton, USA, Ascent Solar Technologies is focused on Clean Technology. To date, they have raised $71.4M.",Clean Technology,,USA,Thornton,2005.0,http://www.ascentsolar.com,ipo,8,71350002.0,0,1,0,1,1,mega,late,216.17,ipo,0,none,0,0,"ascent solar technologies clean technology  based out of thornton, usa, ascent solar technologies is focused on clean technology. to date, they have raised $71.4m. usa thornton","name: Ascent Solar Technologies | industry: Clean Technology | sub_industry: N/A | hq_country: USA | hq_city: Thornton | founded_year: 2005.0 | status: ipo | funding_round_count: 8 | total_funding_usd: 71350002.0 | has_acquisition: 0 | has_ipo: 1 | outcome_label: ipo | is_yc: 0 | yc_batch: none | has_layoffs: 0 | total_layoffs: 0 | description: Based out of Thornton, USA, Ascent Solar Technologies is focused on Clean Technology. To date, they have raised $71.4M."
/organization/semprius,Semprius,"Semprius is a Solar company located in Durham, USA. The firm has an estimated total funding of $64.0M.",Clean Technology,Solar,USA,Durham,2005.0,http://www.semprius.com,operating,18,63997160.0,0,0,0,0,0,mega,late,215.95,funded_growth,0,none,0,0,"semprius clean technology solar semprius is a solar company located in durham, usa. the firm has an estimated total funding of $64.0m. usa durham","name: Semprius | industry: Clean Technology | sub_industry: Solar | hq_country: USA | hq_city: Durham | founded_year: 2005.0 | status: operating | funding_round_count: 18 | total_funding_usd: 63997160.0 | has_acquisition: 0 | has_ipo: 0 | outcome_label: funded_growth | is_yc: 0 | yc_batch: none | has_layoffs: 0 | total_layoffs: 0 | description: Semprius is a Solar company located in Durham, USA. The firm has an estimated total funding of $64.0M."
/organization/alibaba,Alibaba,"Founded in 1999, the E-Commerce startup Alibaba provides E-Commerce solutions in Hangzhou, CHN.",E-Commerce,,CHN,Hangzhou,1999.0,http://www.alibaba.com,ipo,7,4812000000.0,0,1,0,1,1,mega,late,214.59,ipo,0,none,0,0,"alibaba e-commerce  founded in 1999, the e-commerce startup alibaba provides e-commerce solutions in hangzhou, chn. chn hangzhou","name: Alibaba | industry: E-Commerce | sub_industry: N/A | hq_country: CHN | hq_city: Hangzhou | founded_year: 1999.0 | status: ipo | funding_round_count: 7 | total_funding_usd: 4812000000.0 | has_acquisition: 0 | has_ipo: 1 | outcome_label: ipo | is_yc: 0 | yc_batch: none | has_layoffs: 0 | total_layoffs: 0 | description: Founded in 1999, the E-Commerce startup Alibaba provides E-Commerce solutions in Hangzhou, CHN."
/organization/newzulu-limited,Newzulu Limited,"Newzulu Limited is a Celebrity company located in Paris, FRA. The firm has an estimated total funding of $28.1M.",Advertising Networks,Celebrity,FRA,Paris,2013.0,http://www.newzulu.com,ipo,8,28124112.0,0,1,0,1,1,high,late,214.3,ipo,0,none,0,0,"newzulu limited advertising networks celebrity newzulu limited is a celebrity company located in paris, fra. the firm has an estimated total funding of $28.1m. fra paris","name: Newzulu Limited | industry: Advertising Networks | sub_industry: Celebrity | hq_country: FRA | hq_city: Paris | founded_year: 2013.0 | status: ipo | funding_round_count: 8 | total_funding_usd: 28124112.0 | has_acquisition: 0 | has_ipo: 1 | outcome_label: ipo | is_yc: 0 | yc_batch: none | has_layoffs: 0 | total_layoffs: 0 | description: Newzulu Limited is a Celebrity company located in Paris, FRA. The firm has an estimated total funding of $28.1M."
/organization/applied-dna-sciences,Applied DNA Sciences,"Applied DNA Sciences is innovating the Security sector in Stony Brook, USA. They have secured $25.8M across 8 funding rounds.",Security,,USA,Stony Brook,,http://www.adnas.com,ipo,8,25838556.0,0,1,0,1,1,high,late,214.13,ipo,0,none,0,0,"applied dna sciences security  applied dna sciences is innovating the security sector in stony brook, usa. they have secured $25.8m across 8 funding rounds. usa stony brook","name: Applied DNA Sciences | industry: Security | sub_industry: N/A | hq_country: USA | hq_city: Stony Brook | founded_year: N/A | status: ipo | funding_round_count: 8 | total_funding_usd: 25838556.0 | has_acquisition: 0 | has_ipo: 1 | outcome_label: ipo | is_yc: 0 | yc_batch: none | has_layoffs: 0 | total_layoffs: 0 | description: Applied DNA Sciences is innovating the Security sector in Stony Brook, USA. They have secured $25.8M across 8 funding rounds."
/organization/labstyle-innovations,LabStyle Innovations,"Headquartered in Newark, USA, LabStyle Innovations operates as a key player in the Hardware + Software industry. Established in 2012, the company continues to grow. The startup has gone public (IPO).",Hardware + Software,,USA,Newark,2012.0,http://mydario.com,ipo,8,23258823.0,0,1,0,1,1,high,late,213.92,ipo,0,none,0,0,"labstyle innovations hardware + software  headquartered in newark, usa, labstyle innovations operates as a key player in the hardware + software industry. established in 2012, the company continues to grow. the startup has gone public (ipo). usa newark","name: LabStyle Innovations | industry: Hardware + Software | sub_industry: N/A | hq_country: USA | hq_city: Newark | founded_year: 2012.0 | status: ipo | funding_round_count: 8 | total_funding_usd: 23258823.0 | has_acquisition: 0 | has_ipo: 1 | outcome_label: ipo | is_yc: 0 | yc_batch: none | has_layoffs: 0 | total_layoffs: 0 | description: Headquartered in Newark, USA, LabStyle Innovations operates as a key player in the Hardware + Software industry. Established in 2012, the company continues to grow. The startup has gone public (IPO)."
/organization/metastat,MetaStat,"MetaStat is a Biotechnology company located in Montclair, USA. The firm has an estimated total funding of $16.8M.",Biotechnology,,USA,Montclair,,http://metastat.com,ipo,8,16767427.0,0,1,0,1,1,high,late,213.27,ipo,0,none,0,0,"metastat biotechnology  metastat is a biotechnology company located in montclair, usa. the firm has an estimated total funding of $16.8m. usa montclair","name: MetaStat | industry: Biotechnology | sub_industry: N/A | hq_country: USA | hq_city: Montclair | founded_year: N/A | status: ipo | funding_round_count: 8 | total_funding_usd: 16767427.0 | has_acquisition: 0 | has_ipo: 1 | outcome_label: ipo | is_yc: 0 | yc_batch: none | has_layoffs: 0 | total_layoffs: 0 | description: MetaStat is a Biotechnology company located in Montclair, USA. The firm has an estimated total funding of $16.8M."
/organization/fireeye,FireEye,"Headquartered in Milpitas, USA, FireEye operates as a key player in the Computers industry. Established in 2004, the company continues to grow. The startup has gone public (IPO).",Computers,Network Security,USA,Milpitas,2004.0,http://www.fireeye.com,ipo,7,840945776.0,0,1,0,1,1,mega,late,211.1,ipo,0,none,0,0,"fireeye computers network security headquartered in milpitas, usa, fireeye operates as a key player in the computers industry. established in 2004, the company continues to grow. the startup has gone public (ipo). usa milpitas","name: FireEye | industry: Computers | sub_industry: Network Security | hq_country: USA | hq_city: Milpitas | founded_year: 2004.0 | status: ipo | funding_round_count: 7 | total_funding_usd: 840945776.0 | has_acquisition: 0 | has_ipo: 1 | outcome_label: ipo | is_yc: 0 | yc_batch: none | has_layoffs: 0 | total_layoffs: 0 | description: Headquartered in Milpitas, USA, FireEye operates as a key player in the Computers industry. Established in 2004, the company continues to grow. The startup has gone public (IPO)."
/organization/ventripoint-diagnostics,VentriPoint Diagnostics,"Based out of Seattle, USA, VentriPoint Diagnostics is focused on Biotechnology. To date, they have raised $4.9M.",Biotechnology,,USA,Seattle,,http://www.ventripoint.com,ipo,8,4860797.0,0,1,0,1,1,medium,late,210.79,ipo,0,none,0,0,"ventripoint diagnostics biotechnology  based out of seattle, usa, ventripoint diagnostics is focused on biotechnology. to date, they have raised $4.9m. usa seattle","name: VentriPoint Diagnostics | industry: Biotechnology | sub_industry: N/A | hq_country: USA | hq_city: Seattle | founded_year: N/A | status: ipo | funding_round_count: 8 | total_funding_usd: 4860797.0 | has_acquisition: 0 | has_ipo: 1 | outcome_label: ipo | is_yc: 0 | yc_batch: none | has_layoffs: 0 | total_layoffs: 0 | description: Based out of Seattle, USA, VentriPoint Diagnostics is focused on Biotechnology. To date, they have raised $4.9M."
/organization/intrexon-corporation,Intrexon Corporation,"Based out of Blacksburg, USA, Intrexon Corporation is focused on Biotechnology. To date, they have raised $344.0M.",Biotechnology,,USA,Blacksburg,1998.0,http://www.dna.com,ipo,7,344000000.0,0,1,0,1,1,mega,late,209.31,ipo,0,none,0,0,"intrexon corporation biotechnology  based out of blacksburg, usa, intrexon corporation is focused on biotechnology. to date, they have raised $344.0m. usa blacksburg","name: Intrexon Corporation | industry: Biotechnology | sub_industry: N/A | hq_country: USA | hq_city: Blacksburg | founded_year: 1998.0 | status: ipo | funding_round_count: 7 | total_funding_usd: 344000000.0 | has_acquisition: 0 | has_ipo: 1 | outcome_label: ipo | is_yc: 0 | yc_batch: none | has_layoffs: 0 | total_layoffs: 0 | description: Based out of Blacksburg, USA, Intrexon Corporation is focused on Biotechnology. To date, they have raised $344.0M."
/organization/truecar,TRUECar,"Headquartered in Santa Monica, USA, TRUECar operates as a key player in the Automotive industry. Established in 2005, the company continues to grow. The startup has gone public (IPO).",Automotive,Public Transportation,USA,Santa Monica,2005.0,http://www.truecar.com,ipo,7,283165000.0,0,1,0,1,1,mega,late,208.92,ipo,0,none,0,0,"truecar automotive public transportation headquartered in santa monica, usa, truecar operates as a key player in the automotive industry. established in 2005, the company continues to grow. the startup has gone public (ipo). usa santa monica","name: TRUECar | industry: Automotive | sub_industry: Public Transportation | hq_country: USA | hq_city: Santa Monica | founded_year: 2005.0 | status: ipo | funding_round_count: 7 | total_funding_usd: 283165000.0 | has_acquisition: 0 | has_ipo: 1 | outcome_label: ipo | is_yc: 0 | yc_batch: none | has_layoffs: 0 | total_layoffs: 0 | description: Headquartered in Santa Monica, USA, TRUECar operates as a key player in the Automotive industry. Established in 2005, the company continues to grow. The startup has gone public (IPO)."
/organization/coupons-com,Quotient Technology,"Quotient Technology is a Coupons company located in Mountain View, USA. The firm has an estimated total funding of $276.8M.",Advertising,Coupons,USA,Mountain View,1998.0,http://www.coupons.com,ipo,7,276760000.0,0,1,0,1,1,mega,late,208.88,ipo,0,none,0,0,"quotient technology advertising coupons quotient technology is a coupons company located in mountain view, usa. the firm has an estimated total funding of $276.8m. usa mountain view","name: Quotient Technology | industry: Advertising | sub_industry: Coupons | hq_country: USA | hq_city: Mountain View | founded_year: 1998.0 | status: ipo | funding_round_count: 7 | total_funding_usd: 276760000.0 | has_acquisition: 0 | has_ipo: 1 | outcome_label: ipo | is_yc: 0 | yc_batch: none | has_layoffs: 0 | total_layoffs: 0 | description: Quotient Technology is a Coupons company located in Mountain View, USA. The firm has an estimated total funding of $276.8M."
/organization/trivascular,TriVascular,"Headquartered in Santa Rosa, USA, TriVascular operates as a key player in the Health Care industry. Established in 1998, the company continues to grow. The startup has gone public (IPO).",Health Care,Medical Devices,USA,Santa Rosa,1998.0,http://www.trivascular.com/,ipo,7,266950270.0,0,1,0,1,1,mega,late,208.81,ipo,0,none,0,0,"trivascular health care medical devices headquartered in santa rosa, usa, trivascular operates as a key player in the health care industry. established in 1998, the company continues to grow. the startup has gone public (ipo). usa santa rosa","name: TriVascular | industry: Health Care | sub_industry: Medical Devices | hq_country: USA | hq_city: Santa Rosa | founded_year: 1998.0 | status: ipo | funding_round_count: 7 | total_funding_usd: 266950270.0 | has_acquisition: 0 | has_ipo: 1 | outcome_label: ipo | is_yc: 0 | yc_batch: none | has_layoffs: 0 | total_layoffs: 0 | description: Headquartered in Santa Rosa, USA, TriVascular operates as a key player in the Health Care industry. Established in 1998, the company continues to grow. The startup has gone public (IPO)."
/organization/chimerix,Chimerix,"Chimerix is a Health Care company located in Durham, USA. The firm has an estimated total funding of $256.4M.",Biotechnology,Health Care,USA,Durham,2002.0,http://www.chimerix.com,ipo,7,256400000.0,0,1,0,1,1,mega,late,208.72,ipo,0,none,0,0,"chimerix biotechnology health care chimerix is a health care company located in durham, usa. the firm has an estimated total funding of $256.4m. usa durham","name: Chimerix | industry: Biotechnology | sub_industry: Health Care | hq_country: USA | hq_city: Durham | founded_year: 2002.0 | status: ipo | funding_round_count: 7 | total_funding_usd: 256400000.0 | has_acquisition: 0 | has_ipo: 1 | outcome_label: ipo | is_yc: 0 | yc_batch: none | has_layoffs: 0 | total_layoffs: 0 | description: Chimerix is a Health Care company located in Durham, USA. The firm has an estimated total funding of $256.4M."
/organization/karyopharm-therapeutics,Karyopharm Therapeutics,"Based out of Natick, USA, Karyopharm Therapeutics is focused on Biotechnology. To date, they have raised $248.7M.",Biotechnology,Health Care,USA,Natick,,http://www.karyopharm.com,ipo,7,248700000.0,0,1,0,1,1,mega,late,208.66,ipo,0,none,0,0,"karyopharm therapeutics biotechnology health care based out of natick, usa, karyopharm therapeutics is focused on biotechnology. to date, they have raised $248.7m. usa natick","name: Karyopharm Therapeutics | industry: Biotechnology | sub_industry: Health Care | hq_country: USA | hq_city: Natick | founded_year: N/A | status: ipo | funding_round_count: 7 | total_funding_usd: 248700000.0 | has_acquisition: 0 | has_ipo: 1 | outcome_label: ipo | is_yc: 0 | yc_batch: none | has_layoffs: 0 | total_layoffs: 0 | description: Based out of Natick, USA, Karyopharm Therapeutics is focused on Biotechnology. To date, they have raised $248.7M."
/organization/endogastric-solutions,EndoGastric Solutions,"Based out of San Mateo, USA, EndoGastric Solutions is focused on Health Care. To date, they have raised $247.5M.",Health Care,,USA,San Mateo,2002.0,http://www.endogastricsolutions.com,operating,17,247545839.0,0,0,0,0,0,mega,late,208.65,funded_growth,0,none,0,0,"endogastric solutions health care  based out of san mateo, usa, endogastric solutions is focused on health care. to date, they have raised $247.5m. usa san mateo","name: EndoGastric Solutions | industry: Health Care | sub_industry: N/A | hq_country: USA | hq_city: San Mateo | founded_year: 2002.0 | status: operating | funding_round_count: 17 | total_funding_usd: 247545839.0 | has_acquisition: 0 | has_ipo: 0 | outcome_label: funded_growth | is_yc: 0 | yc_batch: none | has_layoffs: 0 | total_layoffs: 0 | description: Based out of San Mateo, USA, EndoGastric Solutions is focused on Health Care. To date, they have raised $247.5M."
/organization/alimera-sciences,Alimera Sciences,"Alimera Sciences is a Health Care company located in Alpharetta, USA. The firm has an estimated total funding of $206.1M.",Biotechnology,Health Care,USA,Alpharetta,2003.0,http://www.alimerasciences.com,ipo,7,206050000.0,0,1,0,1,1,mega,late,208.29,ipo,0,none,0,0,"alimera sciences biotechnology health care alimera sciences is a health care company located in alpharetta, usa. the firm has an estimated total funding of $206.1m. usa alpharetta","name: Alimera Sciences | industry: Biotechnology | sub_industry: Health Care | hq_country: USA | hq_city: Alpharetta | founded_year: 2003.0 | status: ipo | funding_round_count: 7 | total_funding_usd: 206050000.0 | has_acquisition: 0 | has_ipo: 1 | outcome_label: ipo | is_yc: 0 | yc_batch: none | has_layoffs: 0 | total_layoffs: 0 | description: Alimera Sciences is a Health Care company located in Alpharetta, USA. The firm has an estimated total funding of $206.1M."
/organization/violin-memory,Violin Memory,"Headquartered in Santa Clara, USA, Violin Memory operates as a key player in the Semiconductors industry. Established in 2005, the company continues to grow. The startup has gone public (IPO).",Semiconductors,Storage,USA,Santa Clara,2005.0,http://www.violin-memory.com/,ipo,7,187884937.0,0,1,0,1,1,mega,late,208.1,ipo,0,none,0,0,"violin memory semiconductors storage headquartered in santa clara, usa, violin memory operates as a key player in the semiconductors industry. established in 2005, the company continues to grow. the startup has gone public (ipo). usa santa clara","name: Violin Memory | industry: Semiconductors | sub_industry: Storage | hq_country: USA | hq_city: Santa Clara | founded_year: 2005.0 | status: ipo | funding_round_count: 7 | total_funding_usd: 187884937.0 | has_acquisition: 0 | has_ipo: 1 | outcome_label: ipo | is_yc: 0 | yc_batch: none | has_layoffs: 0 | total_layoffs: 0 | description: Headquartered in Santa Clara, USA, Violin Memory operates as a key player in the Semiconductors industry. Established in 2005, the company continues to grow. The startup has gone public (IPO)."
/organization/chiasma,Chiasma,"Headquartered in Jerusalem, ISR, Chiasma operates as a key player in the Biotechnology industry. Established in 2001, the company continues to grow. The startup has gone public (IPO).",Biotechnology,,ISR,Jerusalem,2001.0,http://chiasmapharma.com,ipo,7,176000000.0,0,1,0,1,1,mega,late,207.97,ipo,0,none,0,0,"chiasma biotechnology  headquartered in jerusalem, isr, chiasma operates as a key player in the biotechnology industry. established in 2001, the company continues to grow. the startup has gone public (ipo). isr jerusalem","name: Chiasma | industry: Biotechnology | sub_industry: N/A | hq_country: ISR | hq_city: Jerusalem | founded_year: 2001.0 | status: ipo | funding_round_count: 7 | total_funding_usd: 176000000.0 | has_acquisition: 0 | has_ipo: 1 | outcome_label: ipo | is_yc: 0 | yc_batch: none | has_layoffs: 0 | total_layoffs: 0 | description: Headquartered in Jerusalem, ISR, Chiasma operates as a key player in the Biotechnology industry. Established in 2001, the company continues to grow. The startup has gone public (IPO)."
/organization/ignyta,Ignyta,"Based out of San Diego, USA, Ignyta is focused on Biotechnology. To date, they have raised $173.5M.",Biotechnology,Health Care,USA,San Diego,2011.0,http://www.ignyta.com,ipo,7,173500000.0,0,1,0,1,1,mega,late,207.94,ipo,0,none,0,0,"ignyta biotechnology health care based out of san diego, usa, ignyta is focused on biotechnology. to date, they have raised $173.5m. usa san diego","name: Ignyta | industry: Biotechnology | sub_industry: Health Care | hq_country: USA | hq_city: San Diego | founded_year: 2011.0 | status: ipo | funding_round_count: 7 | total_funding_usd: 173500000.0 | has_acquisition: 0 | has_ipo: 1 | outcome_label: ipo | is_yc: 0 | yc_batch: none | has_layoffs: 0 | total_layoffs: 0 | description: Based out of San Diego, USA, Ignyta is focused on Biotechnology. To date, they have raised $173.5M."
/organization/apigee,Apigee,"Based out of Palo Alto, USA, Apigee is focused on Cloud Data Services. To date, they have raised $173.0M.",Cloud Data Services,Enterprise Software,USA,Palo Alto,2004.0,http://www.apigee.com,ipo,7,173000000.0,0,1,0,1,1,mega,late,207.94,ipo,0,none,0,0,"apigee cloud data services enterprise software based out of palo alto, usa, apigee is focused on cloud data services. to date, they have raised $173.0m. usa palo alto","name: Apigee | industry: Cloud Data Services | sub_industry: Enterprise Software | hq_country: USA | hq_city: Palo Alto | founded_year: 2004.0 | status: ipo | funding_round_count: 7 | total_funding_usd: 173000000.0 | has_acquisition: 0 | has_ipo: 1 | outcome_label: ipo | is_yc: 0 | yc_batch: none | has_layoffs: 0 | total_layoffs: 0 | description: Based out of Palo Alto, USA, Apigee is focused on Cloud Data Services. To date, they have raised $173.0M."
/organization/zafgen,Zafgen,"Based out of Boston, USA, Zafgen is focused on Biotechnology. To date, they have raised $155.2M.",Biotechnology,,USA,Boston,2005.0,http://www.zafgen.com,ipo,7,155180000.0,0,1,0,1,1,mega,late,207.72,ipo,0,none,0,0,"zafgen biotechnology  based out of boston, usa, zafgen is focused on biotechnology. to date, they have raised $155.2m. usa boston","name: Zafgen | industry: Biotechnology | sub_industry: N/A | hq_country: USA | hq_city: Boston | founded_year: 2005.0 | status: ipo | funding_round_count: 7 | total_funding_usd: 155180000.0 | has_acquisition: 0 | has_ipo: 1 | outcome_label: ipo | is_yc: 0 | yc_batch: none | has_layoffs: 0 | total_layoffs: 0 | description: Based out of Boston, USA, Zafgen is focused on Biotechnology. To date, they have raised $155.2M."
/organization/natera,Natera,"Founded in 2004, the Biotechnology startup Natera provides Health Diagnostics solutions in Redwood City, USA.",Biotechnology,Health Diagnostics,USA,Redwood City,2004.0,http://www.natera.com,ipo,7,154100000.0,0,1,0,1,1,mega,late,207.71,ipo,0,none,0,0,"natera biotechnology health diagnostics founded in 2004, the biotechnology startup natera provides health diagnostics solutions in redwood city, usa. usa redwood city","name: Natera | industry: Biotechnology | sub_industry: Health Diagnostics | hq_country: USA | hq_city: Redwood City | founded_year: 2004.0 | status: ipo | funding_round_count: 7 | total_funding_usd: 154100000.0 | has_acquisition: 0 | has_ipo: 1 | outcome_label: ipo | is_yc: 0 | yc_batch: none | has_layoffs: 0 | total_layoffs: 0 | description: Founded in 2004, the Biotechnology startup Natera provides Health Diagnostics solutions in Redwood City, USA."
/organization/solazyme,Solazyme,"Solazyme is a Clean Technology company located in South San Francisco, USA. The firm has an estimated total funding of $146.1M.",Chemicals,Clean Technology,USA,South San Francisco,2003.0,http://www.solazyme.com,ipo,7,146110000.0,0,1,0,1,1,mega,late,207.6,ipo,0,none,0,0,"solazyme chemicals clean technology solazyme is a clean technology company located in south san francisco, usa. the firm has an estimated total funding of $146.1m. usa south san francisco","name: Solazyme | industry: Chemicals | sub_industry: Clean Technology | hq_country: USA | hq_city: South San Francisco | founded_year: 2003.0 | status: ipo | funding_round_count: 7 | total_funding_usd: 146110000.0 | has_acquisition: 0 | has_ipo: 1 | outcome_label: ipo | is_yc: 0 | yc_batch: none | has_layoffs: 0 | total_layoffs: 0 | description: Solazyme is a Clean Technology company located in South San Francisco, USA. The firm has an estimated total funding of $146.1M."
/organization/cyclacel-pharmaceuticals,Cyclacel Pharmaceuticals,"Based out of Berkeley Heights, USA, Cyclacel Pharmaceuticals is focused on Biotechnology. To date, they have raised $132.2M.",Biotechnology,,USA,Berkeley Heights,,http://cyclacel.com,ipo,7,132188186.0,0,1,0,1,1,mega,late,207.4,ipo,0,none,0,0,"cyclacel pharmaceuticals biotechnology  based out of berkeley heights, usa, cyclacel pharmaceuticals is focused on biotechnology. to date, they have raised $132.2m. usa berkeley heights","name: Cyclacel Pharmaceuticals | industry: Biotechnology | sub_industry: N/A | hq_country: USA | hq_city: Berkeley Heights | founded_year: N/A | status: ipo | funding_round_count: 7 | total_funding_usd: 132188186.0 | has_acquisition: 0 | has_ipo: 1 | outcome_label: ipo | is_yc: 0 | yc_batch: none | has_layoffs: 0 | total_layoffs: 0 | description: Based out of Berkeley Heights, USA, Cyclacel Pharmaceuticals is focused on Biotechnology. To date, they have raised $132.2M."
/organization/argos-therapeutics,Argos Therapeutics,"Founded in 1997, Argos Therapeutics is innovating the Health Care sector in Durham, USA. They have secured $128.4M across 7 funding rounds.",Biotechnology,Health Care,USA,Durham,1997.0,http://www.argostherapeutics.com,ipo,7,128352074.0,0,1,0,1,1,mega,late,207.34,ipo,0,none,0,0,"argos therapeutics biotechnology health care founded in 1997, argos therapeutics is innovating the health care sector in durham, usa. they have secured $128.4m across 7 funding rounds. usa durham","name: Argos Therapeutics | industry: Biotechnology | sub_industry: Health Care | hq_country: USA | hq_city: Durham | founded_year: 1997.0 | status: ipo | funding_round_count: 7 | total_funding_usd: 128352074.0 | has_acquisition: 0 | has_ipo: 1 | outcome_label: ipo | is_yc: 0 | yc_batch: none | has_layoffs: 0 | total_layoffs: 0 | description: Founded in 1997, Argos Therapeutics is innovating the Health Care sector in Durham, USA. They have secured $128.4M across 7 funding rounds."
/organization/glaukos,Glaukos,"Based out of Laguna Hills, USA, Glaukos is focused on Health Care. To date, they have raised $121.0M.",Health Care,,USA,Laguna Hills,2001.0,http://www.glaukos.com,ipo,7,121000392.0,0,1,0,1,1,mega,late,207.22,ipo,0,none,0,0,"glaukos health care  based out of laguna hills, usa, glaukos is focused on health care. to date, they have raised $121.0m. usa laguna hills","name: Glaukos | industry: Health Care | sub_industry: N/A | hq_country: USA | hq_city: Laguna Hills | founded_year: 2001.0 | status: ipo | funding_round_count: 7 | total_funding_usd: 121000392.0 | has_acquisition: 0 | has_ipo: 1 | outcome_label: ipo | is_yc: 0 | yc_batch: none | has_layoffs: 0 | total_layoffs: 0 | description: Based out of Laguna Hills, USA, Glaukos is focused on Health Care. To date, they have raised $121.0M."
/organization/kineto-wireless,Kineto Wireless,"Founded in 2001, the Mobile startup Kineto Wireless provides Wireless solutions in Milpitas, USA.",Mobile,Wireless,USA,Milpitas,2001.0,http://www.kineto.com,acquired,12,114449379.0,1,0,1,0,1,mega,late,207.11,acquired,0,none,0,0,"kineto wireless mobile wireless founded in 2001, the mobile startup kineto wireless provides wireless solutions in milpitas, usa. usa milpitas","name: Kineto Wireless | industry: Mobile | sub_industry: Wireless | hq_country: USA | hq_city: Milpitas | founded_year: 2001.0 | status: acquired | funding_round_count: 12 | total_funding_usd: 114449379.0 | has_acquisition: 1 | has_ipo: 0 | outcome_label: acquired | is_yc: 0 | yc_batch: none | has_layoffs: 0 | total_layoffs: 0 | description: Founded in 2001, the Mobile startup Kineto Wireless provides Wireless solutions in Milpitas, USA."
/organization/agile-therapeutics,Agile Therapeutics,"Founded in 1997, Agile Therapeutics is transforming the Biotechnology sector in Princeton, USA. They have secured $111.0M across 7 funding rounds.",Biotechnology,,USA,Princeton,1997.0,http://www.agiletherapeutics.com,ipo,7,111005000.0,0,1,0,1,1,mega,late,207.05,ipo,0,none,0,0,"agile therapeutics biotechnology  founded in 1997, agile therapeutics is transforming the biotechnology sector in princeton, usa. they have secured $111.0m across 7 funding rounds. usa princeton","name: Agile Therapeutics | industry: Biotechnology | sub_industry: N/A | hq_country: USA | hq_city: Princeton | founded_year: 1997.0 | status: ipo | funding_round_count: 7 | total_funding_usd: 111005000.0 | has_acquisition: 0 | has_ipo: 1 | outcome_label: ipo | is_yc: 0 | yc_batch: none | has_layoffs: 0 | total_layoffs: 0 | description: Founded in 1997, Agile Therapeutics is transforming the Biotechnology sector in Princeton, USA. They have secured $111.0M across 7 funding rounds."
/organization/tigo-energy,Tigo Energy,"Founded in 2007, the Clean Technology startup Tigo Energy provides Clean Technology solutions in Los Gatos, USA.",Clean Technology,,USA,Los Gatos,2007.0,http://www.tigoenergy.com,operating,17,103662749.0,0,0,0,0,0,mega,late,206.91,funded_growth,0,none,0,0,"tigo energy clean technology  founded in 2007, the clean technology startup tigo energy provides clean technology solutions in los gatos, usa. usa los gatos","name: Tigo Energy | industry: Clean Technology | sub_industry: N/A | hq_country: USA | hq_city: Los Gatos | founded_year: 2007.0 | status: operating | funding_round_count: 17 | total_funding_usd: 103662749.0 | has_acquisition: 0 | has_ipo: 0 | outcome_label: funded_growth | is_yc: 0 | yc_batch: none | has_layoffs: 0 | total_layoffs: 0 | description: Founded in 2007, the Clean Technology startup Tigo Energy provides Clean Technology solutions in Los Gatos, USA."
/organization/edge-therapeutics,Edge Therapeutics,"Edge Therapeutics is a Biotechnology company located in Berkeley Heights, USA. The firm has an estimated total funding of $101.5M.",Biotechnology,,USA,Berkeley Heights,2009.0,http://edgetherapeutics.com,ipo,7,101472500.0,0,1,0,1,1,mega,late,206.87,ipo,0,none,0,0,"edge therapeutics biotechnology  edge therapeutics is a biotechnology company located in berkeley heights, usa. the firm has an estimated total funding of $101.5m. usa berkeley heights","name: Edge Therapeutics | industry: Biotechnology | sub_industry: N/A | hq_country: USA | hq_city: Berkeley Heights | founded_year: 2009.0 | status: ipo | funding_round_count: 7 | total_funding_usd: 101472500.0 | has_acquisition: 0 | has_ipo: 1 | outcome_label: ipo | is_yc: 0 | yc_batch: none | has_layoffs: 0 | total_layoffs: 0 | description: Edge Therapeutics is a Biotechnology company located in Berkeley Heights, USA. The firm has an estimated total funding of $101.5M."
/organization/control4,Control4,"Founded in 2003, Control4 is transforming the Home Automation sector in Salt Lake City, USA. They have secured $93.0M across 7 funding rounds.",Hardware + Software,Home Automation,USA,Salt Lake City,2003.0,http://control4.com,ipo,7,93000000.0,0,1,0,1,1,mega,late,206.7,ipo,0,none,0,0,"control4 hardware + software home automation founded in 2003, control4 is transforming the home automation sector in salt lake city, usa. they have secured $93.0m across 7 funding rounds. usa salt lake city","name: Control4 | industry: Hardware + Software | sub_industry: Home Automation | hq_country: USA | hq_city: Salt Lake City | founded_year: 2003.0 | status: ipo | funding_round_count: 7 | total_funding_usd: 93000000.0 | has_acquisition: 0 | has_ipo: 1 | outcome_label: ipo | is_yc: 0 | yc_batch: none | has_layoffs: 0 | total_layoffs: 0 | description: Founded in 2003, Control4 is transforming the Home Automation sector in Salt Lake City, USA. They have secured $93.0M across 7 funding rounds."
/organization/xactly-corp,Xactly Corp,"Based out of San Jose, USA, Xactly Corp is focused on Analytics. To date, they have raised $85.9M.",Analytics,Incentives,USA,San Jose,2005.0,http://www.xactlycorp.com,ipo,7,85870000.0,0,1,0,1,1,mega,late,206.54,ipo,0,none,0,0,"xactly corp analytics incentives based out of san jose, usa, xactly corp is focused on analytics. to date, they have raised $85.9m. usa san jose","name: Xactly Corp | industry: Analytics | sub_industry: Incentives | hq_country: USA | hq_city: San Jose | founded_year: 2005.0 | status: ipo | funding_round_count: 7 | total_funding_usd: 85870000.0 | has_acquisition: 0 | has_ipo: 1 | outcome_label: ipo | is_yc: 0 | yc_batch: none | has_layoffs: 0 | total_layoffs: 0 | description: Based out of San Jose, USA, Xactly Corp is focused on Analytics. To date, they have raised $85.9M."
/organization/aquinox-pharmaceuticals,Aquinox Pharmaceuticals,"Aquinox Pharmaceuticals is a Health Care company located in Vancouver, CAN. The firm has an estimated total funding of $74.1M.",Biotechnology,Health Care,CAN,Vancouver,2004.0,http://www.aqxpharma.com,ipo,7,74119365.0,0,1,0,1,1,mega,late,206.24,ipo,0,none,0,0,"aquinox pharmaceuticals biotechnology health care aquinox pharmaceuticals is a health care company located in vancouver, can. the firm has an estimated total funding of $74.1m. can vancouver","name: Aquinox Pharmaceuticals | industry: Biotechnology | sub_industry: Health Care | hq_country: CAN | hq_city: Vancouver | founded_year: 2004.0 | status: ipo | funding_round_count: 7 | total_funding_usd: 74119365.0 | has_acquisition: 0 | has_ipo: 1 | outcome_label: ipo | is_yc: 0 | yc_batch: none | has_layoffs: 0 | total_layoffs: 0 | description: Aquinox Pharmaceuticals is a Health Care company located in Vancouver, CAN. The firm has an estimated total funding of $74.1M."
/organization/axogen,AxoGen,"Founded in 2002, AxoGen is innovating the Biotechnology sector in Alachua, USA. They have secured $69.9M across 7 funding rounds.",Biotechnology,,USA,Alachua,2002.0,http://www.axogeninc.com,ipo,7,69919779.0,0,1,0,1,1,mega,late,206.13,ipo,0,none,0,0,"axogen biotechnology  founded in 2002, axogen is innovating the biotechnology sector in alachua, usa. they have secured $69.9m across 7 funding rounds. usa alachua","name: AxoGen | industry: Biotechnology | sub_industry: N/A | hq_country: USA | hq_city: Alachua | founded_year: 2002.0 | status: ipo | funding_round_count: 7 | total_funding_usd: 69919779.0 | has_acquisition: 0 | has_ipo: 1 | outcome_label: ipo | is_yc: 0 | yc_batch: none | has_layoffs: 0 | total_layoffs: 0 | description: Founded in 2002, AxoGen is innovating the Biotechnology sector in Alachua, USA. They have secured $69.9M across 7 funding rounds."
/organization/biotime,BioTime,"Based out of Alameda, USA, BioTime is focused on Biotechnology. To date, they have raised $63.6M.",Biotechnology,,USA,Alameda,1992.0,http://www.biotimeinc.com,ipo,7,63630000.0,0,1,0,1,1,mega,late,205.94,ipo,0,none,0,0,"biotime biotechnology  based out of alameda, usa, biotime is focused on biotechnology. to date, they have raised $63.6m. usa alameda","name: BioTime | industry: Biotechnology | sub_industry: N/A | hq_country: USA | hq_city: Alameda | founded_year: 1992.0 | status: ipo | funding_round_count: 7 | total_funding_usd: 63630000.0 | has_acquisition: 0 | has_ipo: 1 | outcome_label: ipo | is_yc: 0 | yc_batch: none | has_layoffs: 0 | total_layoffs: 0 | description: Based out of Alameda, USA, BioTime is focused on Biotechnology. To date, they have raised $63.6M."
/organization/rubiconproject,Rubicon Project,"Rubicon Project is a Media company located in Playa Vista, USA. The firm has an estimated total funding of $60.0M.",Advertising,Media,USA,Playa Vista,2007.0,http://www.rubiconproject.com,ipo,7,60000000.0,0,1,0,1,1,mega,late,205.82,ipo,0,none,0,0,"rubicon project advertising media rubicon project is a media company located in playa vista, usa. the firm has an estimated total funding of $60.0m. usa playa vista","name: Rubicon Project | industry: Advertising | sub_industry: Media | hq_country: USA | hq_city: Playa Vista | founded_year: 2007.0 | status: ipo | funding_round_count: 7 | total_funding_usd: 60000000.0 | has_acquisition: 0 | has_ipo: 1 | outcome_label: ipo | is_yc: 0 | yc_batch: none | has_layoffs: 0 | total_layoffs: 0 | description: Rubicon Project is a Media company located in Playa Vista, USA. The firm has an estimated total funding of $60.0M."
/organization/adesto-technologies,Adesto Technologies,"Based out of Sunnyvale, USA, Adesto Technologies is focused on Semiconductors. To date, they have raised $56.4M.",Semiconductors,,USA,Sunnyvale,2006.0,http://www.adestotech.com,ipo,7,56381909.0,0,1,0,1,1,mega,late,205.7,ipo,0,none,0,0,"adesto technologies semiconductors  based out of sunnyvale, usa, adesto technologies is focused on semiconductors. to date, they have raised $56.4m. usa sunnyvale","name: Adesto Technologies | industry: Semiconductors | sub_industry: N/A | hq_country: USA | hq_city: Sunnyvale | founded_year: 2006.0 | status: ipo | funding_round_count: 7 | total_funding_usd: 56381909.0 | has_acquisition: 0 | has_ipo: 1 | outcome_label: ipo | is_yc: 0 | yc_batch: none | has_layoffs: 0 | total_layoffs: 0 | description: Based out of Sunnyvale, USA, Adesto Technologies is focused on Semiconductors. To date, they have raised $56.4M."
/organization/webfilings,"Workiva, Inc.","Founded in 2008, the Software startup Workiva, Inc. provides Software solutions in Ames, USA.",Software,,USA,Ames,2008.0,http://www.workiva.com,ipo,7,52583497.0,0,1,0,1,1,mega,late,205.56,ipo,0,none,0,0,"workiva, inc. software  founded in 2008, the software startup workiva, inc. provides software solutions in ames, usa. usa ames","name: Workiva, Inc. | industry: Software | sub_industry: N/A | hq_country: USA | hq_city: Ames | founded_year: 2008.0 | status: ipo | funding_round_count: 7 | total_funding_usd: 52583497.0 | has_acquisition: 0 | has_ipo: 1 | outcome_label: ipo | is_yc: 0 | yc_batch: none | has_layoffs: 0 | total_layoffs: 0 | description: Founded in 2008, the Software startup Workiva, Inc. provides Software solutions in Ames, USA."
/organization/medgenics,Medgenics,"Headquartered in Misgav, ISR, Medgenics operates as a key player in the Biotechnology industry. Established in 2000, the company continues to grow. The startup has gone public (IPO).",Biotechnology,,ISR,Misgav,2000.0,http://www.medgenics.com,ipo,7,45626066.0,0,1,0,1,1,high,late,205.27,ipo,0,none,0,0,"medgenics biotechnology  headquartered in misgav, isr, medgenics operates as a key player in the biotechnology industry. established in 2000, the company continues to grow. the startup has gone public (ipo). isr misgav","name: Medgenics | industry: Biotechnology | sub_industry: N/A | hq_country: ISR | hq_city: Misgav | founded_year: 2000.0 | status: ipo | funding_round_count: 7 | total_funding_usd: 45626066.0 | has_acquisition: 0 | has_ipo: 1 | outcome_label: ipo | is_yc: 0 | yc_batch: none | has_layoffs: 0 | total_layoffs: 0 | description: Headquartered in Misgav, ISR, Medgenics operates as a key player in the Biotechnology industry. Established in 2000, the company continues to grow. The startup has gone public (IPO)."
/organization/alliqua,Alliqua,"Based out of New York, USA, Alliqua is focused on Biotechnology. To date, they have raised $40.8M.",Biotechnology,Health Diagnostics,USA,New York,,http://alliqua.com,ipo,7,40816578.0,0,1,0,1,1,high,late,205.05,ipo,0,none,0,0,"alliqua biotechnology health diagnostics based out of new york, usa, alliqua is focused on biotechnology. to date, they have raised $40.8m. usa new york","name: Alliqua | industry: Biotechnology | sub_industry: Health Diagnostics | hq_country: USA | hq_city: New York | founded_year: N/A | status: ipo | funding_round_count: 7 | total_funding_usd: 40816578.0 | has_acquisition: 0 | has_ipo: 1 | outcome_label: ipo | is_yc: 0 | yc_batch: none | has_layoffs: 0 | total_layoffs: 0 | description: Based out of New York, USA, Alliqua is focused on Biotechnology. To date, they have raised $40.8M."
/organization/adcare-health-systems,AdCare Health Systems,"Based out of Roswell, USA, AdCare Health Systems is focused on Biotechnology. To date, they have raised $36.0M.",Biotechnology,Health Care,USA,Roswell,1988.0,http://adcarehealth.com,ipo,7,36043700.0,0,1,0,1,1,high,late,204.8,ipo,0,none,0,0,"adcare health systems biotechnology health care based out of roswell, usa, adcare health systems is focused on biotechnology. to date, they have raised $36.0m. usa roswell","name: AdCare Health Systems | industry: Biotechnology | sub_industry: Health Care | hq_country: USA | hq_city: Roswell | founded_year: 1988.0 | status: ipo | funding_round_count: 7 | total_funding_usd: 36043700.0 | has_acquisition: 0 | has_ipo: 1 | outcome_label: ipo | is_yc: 0 | yc_batch: none | has_layoffs: 0 | total_layoffs: 0 | description: Based out of Roswell, USA, AdCare Health Systems is focused on Biotechnology. To date, they have raised $36.0M."
/organization/adslot,Adslot,"Based out of South Melbourne, AUS, Adslot is focused on Advertising. To date, they have raised $31.6M.",Advertising,Media,AUS,South Melbourne,2007.0,http://www.adslot.com,ipo,7,31634312.0,0,1,0,1,1,high,late,204.54,ipo,0,none,0,0,"adslot advertising media based out of south melbourne, aus, adslot is focused on advertising. to date, they have raised $31.6m. aus south melbourne","name: Adslot | industry: Advertising | sub_industry: Media | hq_country: AUS | hq_city: South Melbourne | founded_year: 2007.0 | status: ipo | funding_round_count: 7 | total_funding_usd: 31634312.0 | has_acquisition: 0 | has_ipo: 1 | outcome_label: ipo | is_yc: 0 | yc_batch: none | has_layoffs: 0 | total_layoffs: 0 | description: Based out of South Melbourne, AUS, Adslot is focused on Advertising. To date, they have raised $31.6M."
/organization/innocoll-holdings,Innocoll Holdings,"Innocoll Holdings is a Biotechnology company located in Ashburn, USA. The firm has an estimated total funding of $22.6M.",Biotechnology,,USA,Ashburn,,http://innocollinc.com,ipo,7,22600031.0,0,1,0,1,1,high,late,203.87,ipo,0,none,0,0,"innocoll holdings biotechnology  innocoll holdings is a biotechnology company located in ashburn, usa. the firm has an estimated total funding of $22.6m. usa ashburn","name: Innocoll Holdings | industry: Biotechnology | sub_industry: N/A | hq_country: USA | hq_city: Ashburn | founded_year: N/A | status: ipo | funding_round_count: 7 | total_funding_usd: 22600031.0 | has_acquisition: 0 | has_ipo: 1 | outcome_label: ipo | is_yc: 0 | yc_batch: none | has_layoffs: 0 | total_layoffs: 0 | description: Innocoll Holdings is a Biotechnology company located in Ashburn, USA. The firm has an estimated total funding of $22.6M."
/organization/authentidate-holding,Authentidate Holding,"Headquartered in Berkeley Heights, USA, Authentidate Holding operates as a key player in the Software industry. Established in 1985, the company continues to grow. The startup has gone public (IPO).",Software,,USA,Berkeley Heights,1985.0,http://www.authentidatehc.com,ipo,7,22465006.0,0,1,0,1,1,high,late,203.85,ipo,0,none,0,0,"authentidate holding software  headquartered in berkeley heights, usa, authentidate holding operates as a key player in the software industry. established in 1985, the company continues to grow. the startup has gone public (ipo). usa berkeley heights","name: Authentidate Holding | industry: Software | sub_industry: N/A | hq_country: USA | hq_city: Berkeley Heights | founded_year: 1985.0 | status: ipo | funding_round_count: 7 | total_funding_usd: 22465006.0 | has_acquisition: 0 | has_ipo: 1 | outcome_label: ipo | is_yc: 0 | yc_batch: none | has_layoffs: 0 | total_layoffs: 0 | description: Headquartered in Berkeley Heights, USA, Authentidate Holding operates as a key player in the Software industry. Established in 1985, the company continues to grow. The startup has gone public (IPO)."
/organization/montage-technology,Montage Technology,"Founded in 2004, the Semiconductors startup Montage Technology provides Semiconductors solutions in Shanghai, CHN.",Semiconductors,,CHN,Shanghai,2004.0,http://www.montage-tech.com,ipo,7,21930000.0,0,1,0,1,1,high,late,203.81,ipo,0,none,0,0,"montage technology semiconductors  founded in 2004, the semiconductors startup montage technology provides semiconductors solutions in shanghai, chn. chn shanghai","name: Montage Technology | industry: Semiconductors | sub_industry: N/A | hq_country: CHN | hq_city: Shanghai | founded_year: 2004.0 | status: ipo | funding_round_count: 7 | total_funding_usd: 21930000.0 | has_acquisition: 0 | has_ipo: 1 | outcome_label: ipo | is_yc: 0 | yc_batch: none | has_layoffs: 0 | total_layoffs: 0 | description: Founded in 2004, the Semiconductors startup Montage Technology provides Semiconductors solutions in Shanghai, CHN."
/organization/vocera-communications,Vocera Communications,"Founded in 2000, the Health Care Information Technology startup Vocera Communications provides Mobile solutions in San Jose, USA.",Health Care Information Technology,Mobile,USA,San Jose,2000.0,http://www.vocera.com,ipo,7,20729000.0,0,1,0,1,1,high,late,203.69,ipo,0,none,0,0,"vocera communications health care information technology mobile founded in 2000, the health care information technology startup vocera communications provides mobile solutions in san jose, usa. usa san jose","name: Vocera Communications | industry: Health Care Information Technology | sub_industry: Mobile | hq_country: USA | hq_city: San Jose | founded_year: 2000.0 | status: ipo | funding_round_count: 7 | total_funding_usd: 20729000.0 | has_acquisition: 0 | has_ipo: 1 | outcome_label: ipo | is_yc: 0 | yc_batch: none | has_layoffs: 0 | total_layoffs: 0 | description: Founded in 2000, the Health Care Information Technology startup Vocera Communications provides Mobile solutions in San Jose, USA."
/organization/decimal-software-ltd,Decimal Software Ltd,"Founded in 2006, the Finance startup Decimal Software Ltd provides Finance Technology solutions in Sydney, AUS.",Finance,Finance Technology,AUS,Sydney,2006.0,http://www.decimal.com.au,ipo,7,19826645.0,0,1,0,1,1,high,late,203.61,ipo,0,none,0,0,"decimal software ltd finance finance technology founded in 2006, the finance startup decimal software ltd provides finance technology solutions in sydney, aus. aus sydney","name: Decimal Software Ltd | industry: Finance | sub_industry: Finance Technology | hq_country: AUS | hq_city: Sydney | founded_year: 2006.0 | status: ipo | funding_round_count: 7 | total_funding_usd: 19826645.0 | has_acquisition: 0 | has_ipo: 1 | outcome_label: ipo | is_yc: 0 | yc_batch: none | has_layoffs: 0 | total_layoffs: 0 | description: Founded in 2006, the Finance startup Decimal Software Ltd provides Finance Technology solutions in Sydney, AUS."
/organization/healthwarehouse-com,HealthWarehouse.com,"HealthWarehouse.com is a E-Commerce company located in Loveland, USA. The firm has an estimated total funding of $17.6M.",E-Commerce,,USA,Loveland,2007.0,http://www.healthwarehouse.com,ipo,7,17620401.0,0,1,0,1,1,high,late,203.37,ipo,0,none,0,0,"healthwarehouse.com e-commerce  healthwarehouse.com is a e-commerce company located in loveland, usa. the firm has an estimated total funding of $17.6m. usa loveland","name: HealthWarehouse.com | industry: E-Commerce | sub_industry: N/A | hq_country: USA | hq_city: Loveland | founded_year: 2007.0 | status: ipo | funding_round_count: 7 | total_funding_usd: 17620401.0 | has_acquisition: 0 | has_ipo: 1 | outcome_label: ipo | is_yc: 0 | yc_batch: none | has_layoffs: 0 | total_layoffs: 0 | description: HealthWarehouse.com is a E-Commerce company located in Loveland, USA. The firm has an estimated total funding of $17.6M."
/organization/palantir-technologies,Palantir Technologies,"Headquartered in Palo Alto, USA, Palantir Technologies operates as a key player in the Analytics industry. Established in 2004, the company continues to grow.",Analytics,,USA,Palo Alto,2004.0,http://www.palantir.com,operating,16,1671557162.0,0,0,0,0,0,mega,late,202.47,funded_growth,0,none,0,0,"palantir technologies analytics  headquartered in palo alto, usa, palantir technologies operates as a key player in the analytics industry. established in 2004, the company continues to grow. usa palo alto","name: Palantir Technologies | industry: Analytics | sub_industry: N/A | hq_country: USA | hq_city: Palo Alto | founded_year: 2004.0 | status: operating | funding_round_count: 16 | total_funding_usd: 1671557162.0 | has_acquisition: 0 | has_ipo: 0 | outcome_label: funded_growth | is_yc: 0 | yc_batch: none | has_layoffs: 0 | total_layoffs: 0 | description: Headquartered in Palo Alto, USA, Palantir Technologies operates as a key player in the Analytics industry. Established in 2004, the company continues to grow."
/organization/groupon,Groupon,"Groupon is a Discounts company located in Chicago, USA. The firm has an estimated total funding of $1.1B.",Advertising,Discounts,USA,Chicago,2008.0,http://www.groupon.com,ipo,6,1137000000.0,0,1,0,1,1,mega,late,201.7,ipo,0,none,1,500,"groupon advertising discounts groupon is a discounts company located in chicago, usa. the firm has an estimated total funding of $1.1b. usa chicago","name: Groupon | industry: Advertising | sub_industry: Discounts | hq_country: USA | hq_city: Chicago | founded_year: 2008.0 | status: ipo | funding_round_count: 6 | total_funding_usd: 1137000000.0 | has_acquisition: 0 | has_ipo: 1 | outcome_label: ipo | is_yc: 0 | yc_batch: none | has_layoffs: 1 | total_layoffs: 500 | description: Groupon is a Discounts company located in Chicago, USA. The firm has an estimated total funding of $1.1B."
/organization/58-com,58.com,"Founded in 2005, the Curated Web startup 58.com provides Internet solutions in Chaoyang, CHN.",Curated Web,Internet,CHN,Chaoyang,2005.0,http://www.58.com,ipo,6,876780000.0,0,1,0,1,1,mega,late,201.18,ipo,0,none,0,0,"58.com curated web internet founded in 2005, the curated web startup 58.com provides internet solutions in chaoyang, chn. chn chaoyang","name: 58.com | industry: Curated Web | sub_industry: Internet | hq_country: CHN | hq_city: Chaoyang | founded_year: 2005.0 | status: ipo | funding_round_count: 6 | total_funding_usd: 876780000.0 | has_acquisition: 0 | has_ipo: 1 | outcome_label: ipo | is_yc: 0 | yc_batch: none | has_layoffs: 0 | total_layoffs: 0 | description: Founded in 2005, the Curated Web startup 58.com provides Internet solutions in Chaoyang, CHN."
/organization/tuniu-com,Tuniu,"Tuniu is a Leisure company located in Nanjing, CHN. The firm has an estimated total funding of $695.0M.",Internet,Leisure,CHN,Nanjing,2006.0,http://www.tuniu.com,ipo,6,695000000.0,0,1,0,1,1,mega,late,200.72,ipo,0,none,0,0,"tuniu internet leisure tuniu is a leisure company located in nanjing, chn. the firm has an estimated total funding of $695.0m. chn nanjing","name: Tuniu | industry: Internet | sub_industry: Leisure | hq_country: CHN | hq_city: Nanjing | founded_year: 2006.0 | status: ipo | funding_round_count: 6 | total_funding_usd: 695000000.0 | has_acquisition: 0 | has_ipo: 1 | outcome_label: ipo | is_yc: 0 | yc_batch: none | has_layoffs: 0 | total_layoffs: 0 | description: Tuniu is a Leisure company located in Nanjing, CHN. The firm has an estimated total funding of $695.0M."
/organization/fab-com,Fab,"Based out of New York, USA, Fab is focused on Apps. To date, they have raised $336.3M.",Apps,Design,USA,New York,2011.0,http://fab.com,acquired,11,336325000.0,1,0,1,0,1,mega,late,199.27,acquired,0,none,0,0,"fab apps design based out of new york, usa, fab is focused on apps. to date, they have raised $336.3m. usa new york","name: Fab | industry: Apps | sub_industry: Design | hq_country: USA | hq_city: New York | founded_year: 2011.0 | status: acquired | funding_round_count: 11 | total_funding_usd: 336325000.0 | has_acquisition: 1 | has_ipo: 0 | outcome_label: acquired | is_yc: 0 | yc_batch: none | has_layoffs: 0 | total_layoffs: 0 | description: Based out of New York, USA, Fab is focused on Apps. To date, they have raised $336.3M."
/organization/voltari,Voltari,"Founded in 2001, the Ad Targeting startup Voltari provides Advertising solutions in New York, USA.",Ad Targeting,Advertising,USA,New York,2001.0,http://www.voltari.com,ipo,6,323834120.0,0,1,0,1,1,mega,late,199.19,ipo,0,none,0,0,"voltari ad targeting advertising founded in 2001, the ad targeting startup voltari provides advertising solutions in new york, usa. usa new york","name: Voltari | industry: Ad Targeting | sub_industry: Advertising | hq_country: USA | hq_city: New York | founded_year: 2001.0 | status: ipo | funding_round_count: 6 | total_funding_usd: 323834120.0 | has_acquisition: 0 | has_ipo: 1 | outcome_label: ipo | is_yc: 0 | yc_batch: none | has_layoffs: 0 | total_layoffs: 0 | description: Founded in 2001, the Ad Targeting startup Voltari provides Advertising solutions in New York, USA."
/organization/gridpoint,GridPoint,"GridPoint is a Energy Management company located in Arlington, USA. The firm has an estimated total funding of $307.6M.",Clean Technology,Energy Management,USA,Arlington,2003.0,http://gridpoint.com,acquired,11,307588886.0,1,0,1,0,1,mega,late,199.09,acquired,0,none,0,0,"gridpoint clean technology energy management gridpoint is a energy management company located in arlington, usa. the firm has an estimated total funding of $307.6m. usa arlington","name: GridPoint | industry: Clean Technology | sub_industry: Energy Management | hq_country: USA | hq_city: Arlington | founded_year: 2003.0 | status: acquired | funding_round_count: 11 | total_funding_usd: 307588886.0 | has_acquisition: 1 | has_ipo: 0 | outcome_label: acquired | is_yc: 0 | yc_batch: none | has_layoffs: 0 | total_layoffs: 0 | description: GridPoint is a Energy Management company located in Arlington, USA. The firm has an estimated total funding of $307.6M."
/organization/new-relic,New Relic,"Based out of San Francisco, USA, New Relic is focused on Analytics. To date, they have raised $214.5M. Recently, the company has undergone workforce reductions.",Analytics,Application Performance Monitoring,USA,San Francisco,2008.0,http://newrelic.com,ipo,6,214500000.0,0,1,0,1,1,mega,late,198.37,ipo,0,none,1,110,"new relic analytics application performance monitoring based out of san francisco, usa, new relic is focused on analytics. to date, they have raised $214.5m. recently, the company has undergone workforce reductions. usa san francisco","name: New Relic | industry: Analytics | sub_industry: Application Performance Monitoring | hq_country: USA | hq_city: San Francisco | founded_year: 2008.0 | status: ipo | funding_round_count: 6 | total_funding_usd: 214500000.0 | has_acquisition: 0 | has_ipo: 1 | outcome_label: ipo | is_yc: 0 | yc_batch: none | has_layoffs: 1 | total_layoffs: 110 | description: Based out of San Francisco, USA, New Relic is focused on Analytics. To date, they have raised $214.5M. Recently, the company has undergone workforce reductions."
/organization/radius-health,Radius Health,"Headquartered in Cambridge, USA, Radius Health operates as a key player in the Biotechnology industry. Established in 2003, the company continues to grow. The startup has gone public (IPO).",Biotechnology,,USA,Cambridge,2003.0,http://www.radiuspharm.com,ipo,6,212900000.0,0,1,0,1,1,mega,late,198.35,ipo,0,none,0,0,"radius health biotechnology  headquartered in cambridge, usa, radius health operates as a key player in the biotechnology industry. established in 2003, the company continues to grow. the startup has gone public (ipo). usa cambridge","name: Radius Health | industry: Biotechnology | sub_industry: N/A | hq_country: USA | hq_city: Cambridge | founded_year: 2003.0 | status: ipo | funding_round_count: 6 | total_funding_usd: 212900000.0 | has_acquisition: 0 | has_ipo: 1 | outcome_label: ipo | is_yc: 0 | yc_batch: none | has_layoffs: 0 | total_layoffs: 0 | description: Headquartered in Cambridge, USA, Radius Health operates as a key player in the Biotechnology industry. Established in 2003, the company continues to grow. The startup has gone public (IPO)."
/organization/aveo-pharmaceuticals,AVEO Pharmaceuticals,"Founded in 2012, the Biotechnology startup AVEO Pharmaceuticals provides Health and Wellness solutions in Cambridge, USA.",Biotechnology,Health and Wellness,USA,Cambridge,2012.0,http://aveooncology.com,ipo,6,208949997.0,0,1,0,1,1,mega,late,198.32,ipo,0,none,0,0,"aveo pharmaceuticals biotechnology health and wellness founded in 2012, the biotechnology startup aveo pharmaceuticals provides health and wellness solutions in cambridge, usa. usa cambridge","name: AVEO Pharmaceuticals | industry: Biotechnology | sub_industry: Health and Wellness | hq_country: USA | hq_city: Cambridge | founded_year: 2012.0 | status: ipo | funding_round_count: 6 | total_funding_usd: 208949997.0 | has_acquisition: 0 | has_ipo: 1 | outcome_label: ipo | is_yc: 0 | yc_batch: none | has_layoffs: 0 | total_layoffs: 0 | description: Founded in 2012, the Biotechnology startup AVEO Pharmaceuticals provides Health and Wellness solutions in Cambridge, USA."
/organization/verizon,Verizon Communications,"Headquartered in New York, USA, Verizon Communications operates as a key player in the Communications Infrastructure industry. Established in 1983, the company continues to grow. The startup has gone public (IPO).",Communications Infrastructure,Information Technology,USA,New York,1983.0,http://www.verizon.com/,ipo,5,30079503000.0,0,1,0,1,1,mega,late,198.25,ipo,0,none,0,0,"verizon communications communications infrastructure information technology headquartered in new york, usa, verizon communications operates as a key player in the communications infrastructure industry. established in 1983, the company continues to grow. the startup has gone public (ipo). usa new york","name: Verizon Communications | industry: Communications Infrastructure | sub_industry: Information Technology | hq_country: USA | hq_city: New York | founded_year: 1983.0 | status: ipo | funding_round_count: 5 | total_funding_usd: 30079503000.0 | has_acquisition: 0 | has_ipo: 1 | outcome_label: ipo | is_yc: 0 | yc_batch: none | has_layoffs: 0 | total_layoffs: 0 | description: Headquartered in New York, USA, Verizon Communications operates as a key player in the Communications Infrastructure industry. Established in 1983, the company continues to grow. The startup has gone public (IPO)."
/organization/neophotonics,NeoPhotonics,"Based out of San Jose, USA, NeoPhotonics is focused on Semiconductors. To date, they have raised $194.7M.",Semiconductors,Web Hosting,USA,San Jose,1997.0,http://www.neophotonics.com,ipo,6,194673840.0,0,1,0,1,1,mega,late,198.17,ipo,0,none,0,0,"neophotonics semiconductors web hosting based out of san jose, usa, neophotonics is focused on semiconductors. to date, they have raised $194.7m. usa san jose","name: NeoPhotonics | industry: Semiconductors | sub_industry: Web Hosting | hq_country: USA | hq_city: San Jose | founded_year: 1997.0 | status: ipo | funding_round_count: 6 | total_funding_usd: 194673840.0 | has_acquisition: 0 | has_ipo: 1 | outcome_label: ipo | is_yc: 0 | yc_batch: none | has_layoffs: 0 | total_layoffs: 0 | description: Based out of San Jose, USA, NeoPhotonics is focused on Semiconductors. To date, they have raised $194.7M."
/organization/ablynx,Ablynx,"Headquartered in Zwijnaarde, BEL, Ablynx operates as a key player in the Biotechnology industry. Established in 2001, the company continues to grow. The startup has gone public (IPO).",Biotechnology,,BEL,Zwijnaarde,2001.0,http://www.ablynx.com,ipo,6,186036236.0,0,1,0,1,1,mega,late,198.08,ipo,0,none,0,0,"ablynx biotechnology  headquartered in zwijnaarde, bel, ablynx operates as a key player in the biotechnology industry. established in 2001, the company continues to grow. the startup has gone public (ipo). bel zwijnaarde","name: Ablynx | industry: Biotechnology | sub_industry: N/A | hq_country: BEL | hq_city: Zwijnaarde | founded_year: 2001.0 | status: ipo | funding_round_count: 6 | total_funding_usd: 186036236.0 | has_acquisition: 0 | has_ipo: 1 | outcome_label: ipo | is_yc: 0 | yc_batch: none | has_layoffs: 0 | total_layoffs: 0 | description: Headquartered in Zwijnaarde, BEL, Ablynx operates as a key player in the Biotechnology industry. Established in 2001, the company continues to grow. The startup has gone public (IPO)."
/organization/atyr-pharma,aTyr Pharma,"Founded in 2005, the Biotechnology startup aTyr Pharma provides Biotechnology solutions in San Diego, USA.",Biotechnology,,USA,San Diego,2005.0,http://www.atyrpharma.com,ipo,6,180500000.0,0,1,0,1,1,mega,late,198.02,ipo,0,none,0,0,"atyr pharma biotechnology  founded in 2005, the biotechnology startup atyr pharma provides biotechnology solutions in san diego, usa. usa san diego","name: aTyr Pharma | industry: Biotechnology | sub_industry: N/A | hq_country: USA | hq_city: San Diego | founded_year: 2005.0 | status: ipo | funding_round_count: 6 | total_funding_usd: 180500000.0 | has_acquisition: 0 | has_ipo: 1 | outcome_label: ipo | is_yc: 0 | yc_batch: none | has_layoffs: 0 | total_layoffs: 0 | description: Founded in 2005, the Biotechnology startup aTyr Pharma provides Biotechnology solutions in San Diego, USA."
/organization/lensar,LensAR,"Founded in 2004, the Health Care startup LensAR provides Health Care solutions in Orlando, USA.",Health Care,,USA,Orlando,2004.0,http://www.lensar.com,acquired,11,169521818.0,1,0,1,0,1,mega,late,197.9,acquired,0,none,0,0,"lensar health care  founded in 2004, the health care startup lensar provides health care solutions in orlando, usa. usa orlando","name: LensAR | industry: Health Care | sub_industry: N/A | hq_country: USA | hq_city: Orlando | founded_year: 2004.0 | status: acquired | funding_round_count: 11 | total_funding_usd: 169521818.0 | has_acquisition: 1 | has_ipo: 0 | outcome_label: acquired | is_yc: 0 | yc_batch: none | has_layoffs: 0 | total_layoffs: 0 | description: Founded in 2004, the Health Care startup LensAR provides Health Care solutions in Orlando, USA."
/organization/zogenix,Zogenix,"Zogenix is a Health Care company located in San Diego, USA. The firm has an estimated total funding of $167.1M.",Biotechnology,Health Care,USA,San Diego,2006.0,http://www.zogenix.com,ipo,6,167062156.0,0,1,0,1,1,mega,late,197.87,ipo,0,none,0,0,"zogenix biotechnology health care zogenix is a health care company located in san diego, usa. the firm has an estimated total funding of $167.1m. usa san diego","name: Zogenix | industry: Biotechnology | sub_industry: Health Care | hq_country: USA | hq_city: San Diego | founded_year: 2006.0 | status: ipo | funding_round_count: 6 | total_funding_usd: 167062156.0 | has_acquisition: 0 | has_ipo: 1 | outcome_label: ipo | is_yc: 0 | yc_batch: none | has_layoffs: 0 | total_layoffs: 0 | description: Zogenix is a Health Care company located in San Diego, USA. The firm has an estimated total funding of $167.1M."
/organization/intelligent-energy,Intelligent Energy,"Intelligent Energy is a Clean Technology company located in Loughborough, GBR. The firm has an estimated total funding of $166.6M.",Clean Technology,,GBR,Loughborough,2001.0,http://www.intelligent-energy.com,ipo,6,166570000.0,0,1,0,1,1,mega,late,197.86,ipo,0,none,0,0,"intelligent energy clean technology  intelligent energy is a clean technology company located in loughborough, gbr. the firm has an estimated total funding of $166.6m. gbr loughborough","name: Intelligent Energy | industry: Clean Technology | sub_industry: N/A | hq_country: GBR | hq_city: Loughborough | founded_year: 2001.0 | status: ipo | funding_round_count: 6 | total_funding_usd: 166570000.0 | has_acquisition: 0 | has_ipo: 1 | outcome_label: ipo | is_yc: 0 | yc_batch: none | has_layoffs: 0 | total_layoffs: 0 | description: Intelligent Energy is a Clean Technology company located in Loughborough, GBR. The firm has an estimated total funding of $166.6M."
/organization/telecommunication-systems,TeleCommunication Systems,"Headquartered in Annapolis, USA, TeleCommunication Systems operates as a key player in the Mobile industry. Established in 1987, the company continues to grow. It was successfully acquired.",Mobile,,USA,Annapolis,1987.0,http://www.telecomsys.com,acquired,11,150450000.0,2,0,1,0,1,mega,late,197.66,acquired,0,none,0,0,"telecommunication systems mobile  headquartered in annapolis, usa, telecommunication systems operates as a key player in the mobile industry. established in 1987, the company continues to grow. it was successfully acquired. usa annapolis","name: TeleCommunication Systems | industry: Mobile | sub_industry: N/A | hq_country: USA | hq_city: Annapolis | founded_year: 1987.0 | status: acquired | funding_round_count: 11 | total_funding_usd: 150450000.0 | has_acquisition: 1 | has_ipo: 0 | outcome_label: acquired | is_yc: 0 | yc_batch: none | has_layoffs: 0 | total_layoffs: 0 | description: Headquartered in Annapolis, USA, TeleCommunication Systems operates as a key player in the Mobile industry. Established in 1987, the company continues to grow. It was successfully acquired."
/organization/bluebird-bio,bluebird bio,"Based out of Cambridge, USA, bluebird bio is focused on Biotechnology. To date, they have raised $150.5M.",Biotechnology,,USA,Cambridge,1992.0,http://www.bluebirdbio.com,ipo,6,150500000.0,0,1,0,1,1,mega,late,197.66,ipo,0,none,0,0,"bluebird bio biotechnology  based out of cambridge, usa, bluebird bio is focused on biotechnology. to date, they have raised $150.5m. usa cambridge","name: bluebird bio | industry: Biotechnology | sub_industry: N/A | hq_country: USA | hq_city: Cambridge | founded_year: 1992.0 | status: ipo | funding_round_count: 6 | total_funding_usd: 150500000.0 | has_acquisition: 0 | has_ipo: 1 | outcome_label: ipo | is_yc: 0 | yc_batch: none | has_layoffs: 0 | total_layoffs: 0 | description: Based out of Cambridge, USA, bluebird bio is focused on Biotechnology. To date, they have raised $150.5M."
/organization/infinia,Infinia,"Founded in 1985, Infinia is disrupting the Clean Technology sector in Ogden, USA. They have secured $147.9M across 11 funding rounds.",Clean Energy,Clean Technology,USA,Ogden,1985.0,http://infiniacorp.com,acquired,11,147863878.0,1,0,1,0,1,mega,late,197.62,acquired,0,none,0,0,"infinia clean energy clean technology founded in 1985, infinia is disrupting the clean technology sector in ogden, usa. they have secured $147.9m across 11 funding rounds. usa ogden","name: Infinia | industry: Clean Energy | sub_industry: Clean Technology | hq_country: USA | hq_city: Ogden | founded_year: 1985.0 | status: acquired | funding_round_count: 11 | total_funding_usd: 147863878.0 | has_acquisition: 1 | has_ipo: 0 | outcome_label: acquired | is_yc: 0 | yc_batch: none | has_layoffs: 0 | total_layoffs: 0 | description: Founded in 1985, Infinia is disrupting the Clean Technology sector in Ogden, USA. They have secured $147.9M across 11 funding rounds."
/organization/five-prime-therapeutics,Five Prime Therapeutics,"Headquartered in San Francisco, USA, Five Prime Therapeutics operates as a key player in the Biotechnology industry. Established in 2002, the company continues to grow. The startup has gone public (IPO).",Biotechnology,Health and Wellness,USA,San Francisco,2002.0,http://www.fiveprime.com,ipo,6,145540487.0,0,1,0,1,1,mega,late,197.59,ipo,0,none,0,0,"five prime therapeutics biotechnology health and wellness headquartered in san francisco, usa, five prime therapeutics operates as a key player in the biotechnology industry. established in 2002, the company continues to grow. the startup has gone public (ipo). usa san francisco","name: Five Prime Therapeutics | industry: Biotechnology | sub_industry: Health and Wellness | hq_country: USA | hq_city: San Francisco | founded_year: 2002.0 | status: ipo | funding_round_count: 6 | total_funding_usd: 145540487.0 | has_acquisition: 0 | has_ipo: 1 | outcome_label: ipo | is_yc: 0 | yc_batch: none | has_layoffs: 0 | total_layoffs: 0 | description: Headquartered in San Francisco, USA, Five Prime Therapeutics operates as a key player in the Biotechnology industry. Established in 2002, the company continues to grow. The startup has gone public (IPO)."
/organization/versartis,Versartis,"Headquartered in Menlo Park, USA, Versartis operates as a key player in the Health Care industry. Established in 2008, the company continues to grow. The startup has gone public (IPO).",Health Care,,USA,Menlo Park,2008.0,http://www.versartis.com,ipo,6,144499999.0,0,1,0,1,1,mega,late,197.58,ipo,0,none,0,0,"versartis health care  headquartered in menlo park, usa, versartis operates as a key player in the health care industry. established in 2008, the company continues to grow. the startup has gone public (ipo). usa menlo park","name: Versartis | industry: Health Care | sub_industry: N/A | hq_country: USA | hq_city: Menlo Park | founded_year: 2008.0 | status: ipo | funding_round_count: 6 | total_funding_usd: 144499999.0 | has_acquisition: 0 | has_ipo: 1 | outcome_label: ipo | is_yc: 0 | yc_batch: none | has_layoffs: 0 | total_layoffs: 0 | description: Headquartered in Menlo Park, USA, Versartis operates as a key player in the Health Care industry. Established in 2008, the company continues to grow. The startup has gone public (IPO)."
/organization/amedica,Amedica,"Based out of Salt Lake City, USA, Amedica is focused on Biotechnology. To date, they have raised $142.8M.",Biotechnology,Health Care,USA,Salt Lake City,2009.0,http://www.amedicacorp.com,ipo,6,142825000.0,0,1,0,1,1,mega,late,197.55,ipo,0,none,0,0,"amedica biotechnology health care based out of salt lake city, usa, amedica is focused on biotechnology. to date, they have raised $142.8m. usa salt lake city","name: Amedica | industry: Biotechnology | sub_industry: Health Care | hq_country: USA | hq_city: Salt Lake City | founded_year: 2009.0 | status: ipo | funding_round_count: 6 | total_funding_usd: 142825000.0 | has_acquisition: 0 | has_ipo: 1 | outcome_label: ipo | is_yc: 0 | yc_batch: none | has_layoffs: 0 | total_layoffs: 0 | description: Based out of Salt Lake City, USA, Amedica is focused on Biotechnology. To date, they have raised $142.8M."
/organization/bind-therapeutics,BIND Therapeutics,"BIND Therapeutics is a Health Care company located in Cambridge, USA. The firm has an estimated total funding of $137.8M.",Biotechnology,Health Care,USA,Cambridge,2006.0,http://bindtherapeutics.com,ipo,6,137847684.0,0,1,0,1,1,mega,late,197.48,ipo,0,none,0,0,"bind therapeutics biotechnology health care bind therapeutics is a health care company located in cambridge, usa. the firm has an estimated total funding of $137.8m. usa cambridge","name: BIND Therapeutics | industry: Biotechnology | sub_industry: Health Care | hq_country: USA | hq_city: Cambridge | founded_year: 2006.0 | status: ipo | funding_round_count: 6 | total_funding_usd: 137847684.0 | has_acquisition: 0 | has_ipo: 1 | outcome_label: ipo | is_yc: 0 | yc_batch: none | has_layoffs: 0 | total_layoffs: 0 | description: BIND Therapeutics is a Health Care company located in Cambridge, USA. The firm has an estimated total funding of $137.8M."
/organization/aspen-aerogels,Aspen Aerogels,"Aspen Aerogels is a Clean Technology company located in Northborough, USA. The firm has an estimated total funding of $136.0M.",Clean Technology,,USA,Northborough,2001.0,http://www.aerogel.com,ipo,6,136000000.0,0,1,0,1,1,mega,late,197.46,ipo,0,none,0,0,"aspen aerogels clean technology  aspen aerogels is a clean technology company located in northborough, usa. the firm has an estimated total funding of $136.0m. usa northborough","name: Aspen Aerogels | industry: Clean Technology | sub_industry: N/A | hq_country: USA | hq_city: Northborough | founded_year: 2001.0 | status: ipo | funding_round_count: 6 | total_funding_usd: 136000000.0 | has_acquisition: 0 | has_ipo: 1 | outcome_label: ipo | is_yc: 0 | yc_batch: none | has_layoffs: 0 | total_layoffs: 0 | description: Aspen Aerogels is a Clean Technology company located in Northborough, USA. The firm has an estimated total funding of $136.0M."
/organization/bioamber,BioAmber,"Founded in 1997, BioAmber is innovating the Biotechnology sector in Plymouth, USA. They have secured $135.6M across 6 funding rounds.",Biotechnology,,USA,Plymouth,1997.0,http://www.bio-amber.com,ipo,6,135585460.0,0,1,0,1,1,mega,late,197.45,ipo,0,none,0,0,"bioamber biotechnology  founded in 1997, bioamber is innovating the biotechnology sector in plymouth, usa. they have secured $135.6m across 6 funding rounds. usa plymouth","name: BioAmber | industry: Biotechnology | sub_industry: N/A | hq_country: USA | hq_city: Plymouth | founded_year: 1997.0 | status: ipo | funding_round_count: 6 | total_funding_usd: 135585460.0 | has_acquisition: 0 | has_ipo: 1 | outcome_label: ipo | is_yc: 0 | yc_batch: none | has_layoffs: 0 | total_layoffs: 0 | description: Founded in 1997, BioAmber is innovating the Biotechnology sector in Plymouth, USA. They have secured $135.6M across 6 funding rounds."
/organization/virtustream,Virtustream,"Founded in 2008, the Enterprise Software startup Virtustream provides Enterprise Software solutions in Bethesda, USA.",Enterprise Software,,USA,Bethesda,2008.0,http://www.virtustream.com,acquired,11,129642925.0,1,0,1,0,1,mega,late,197.36,acquired,0,none,0,0,"virtustream enterprise software  founded in 2008, the enterprise software startup virtustream provides enterprise software solutions in bethesda, usa. usa bethesda","name: Virtustream | industry: Enterprise Software | sub_industry: N/A | hq_country: USA | hq_city: Bethesda | founded_year: 2008.0 | status: acquired | funding_round_count: 11 | total_funding_usd: 129642925.0 | has_acquisition: 1 | has_ipo: 0 | outcome_label: acquired | is_yc: 0 | yc_batch: none | has_layoffs: 0 | total_layoffs: 0 | description: Founded in 2008, the Enterprise Software startup Virtustream provides Enterprise Software solutions in Bethesda, USA."
/organization/chinacache,ChinaCache,"Based out of Beijing, CHN, ChinaCache is focused on Curated Web. To date, they have raised $118.5M.",Curated Web,Internet,CHN,Beijing,1998.0,http://www.chinacache.com,ipo,6,118500000.0,0,1,0,1,1,mega,late,197.18,ipo,0,none,0,0,"chinacache curated web internet based out of beijing, chn, chinacache is focused on curated web. to date, they have raised $118.5m. chn beijing","name: ChinaCache | industry: Curated Web | sub_industry: Internet | hq_country: CHN | hq_city: Beijing | founded_year: 1998.0 | status: ipo | funding_round_count: 6 | total_funding_usd: 118500000.0 | has_acquisition: 0 | has_ipo: 1 | outcome_label: ipo | is_yc: 0 | yc_batch: none | has_layoffs: 0 | total_layoffs: 0 | description: Based out of Beijing, CHN, ChinaCache is focused on Curated Web. To date, they have raised $118.5M."
/organization/acceleron-pharma,Acceleron Pharma,"Founded in 2004, Acceleron Pharma is transforming the Biotechnology sector in Cambridge, USA. They have secured $113.7M across 6 funding rounds.",Biotechnology,,USA,Cambridge,2004.0,http://www.acceleronpharma.com,ipo,6,113701127.0,0,1,0,1,1,mega,late,197.1,ipo,0,none,0,0,"acceleron pharma biotechnology  founded in 2004, acceleron pharma is transforming the biotechnology sector in cambridge, usa. they have secured $113.7m across 6 funding rounds. usa cambridge","name: Acceleron Pharma | industry: Biotechnology | sub_industry: N/A | hq_country: USA | hq_city: Cambridge | founded_year: 2004.0 | status: ipo | funding_round_count: 6 | total_funding_usd: 113701127.0 | has_acquisition: 0 | has_ipo: 1 | outcome_label: ipo | is_yc: 0 | yc_batch: none | has_layoffs: 0 | total_layoffs: 0 | description: Founded in 2004, Acceleron Pharma is transforming the Biotechnology sector in Cambridge, USA. They have secured $113.7M across 6 funding rounds."
/organization/care-com,Care.com,"Founded in 2006, the Curated Web startup Care.com provides Customer Service solutions in Waltham, USA.",Curated Web,Customer Service,USA,Waltham,2006.0,http://www.care.com,ipo,6,110800000.0,0,1,0,1,1,mega,late,197.05,ipo,0,none,0,0,"care.com curated web customer service founded in 2006, the curated web startup care.com provides customer service solutions in waltham, usa. usa waltham","name: Care.com | industry: Curated Web | sub_industry: Customer Service | hq_country: USA | hq_city: Waltham | founded_year: 2006.0 | status: ipo | funding_round_count: 6 | total_funding_usd: 110800000.0 | has_acquisition: 0 | has_ipo: 1 | outcome_label: ipo | is_yc: 0 | yc_batch: none | has_layoffs: 0 | total_layoffs: 0 | description: Founded in 2006, the Curated Web startup Care.com provides Customer Service solutions in Waltham, USA."
/organization/mindbody,MINDBODY,"Founded in 2001, the Software startup MINDBODY provides Software solutions in San Luis Obispo, USA.",Software,,USA,San Luis Obispo,2001.0,http://mindbodyonline.com,ipo,6,108869760.0,0,1,0,1,1,mega,late,197.01,ipo,0,none,0,0,"mindbody software  founded in 2001, the software startup mindbody provides software solutions in san luis obispo, usa. usa san luis obispo","name: MINDBODY | industry: Software | sub_industry: N/A | hq_country: USA | hq_city: San Luis Obispo | founded_year: 2001.0 | status: ipo | funding_round_count: 6 | total_funding_usd: 108869760.0 | has_acquisition: 0 | has_ipo: 1 | outcome_label: ipo | is_yc: 0 | yc_batch: none | has_layoffs: 0 | total_layoffs: 0 | description: Founded in 2001, the Software startup MINDBODY provides Software solutions in San Luis Obispo, USA."
/organization/marketo,Marketo,"Based out of San Mateo, USA, Marketo is focused on Analytics. To date, they have raised $108.4M.",Analytics,B2B,USA,San Mateo,2006.0,http://www.marketo.com,ipo,6,108400000.0,0,1,0,1,1,mega,late,197.0,ipo,0,none,0,0,"marketo analytics b2b based out of san mateo, usa, marketo is focused on analytics. to date, they have raised $108.4m. usa san mateo","name: Marketo | industry: Analytics | sub_industry: B2B | hq_country: USA | hq_city: San Mateo | founded_year: 2006.0 | status: ipo | funding_round_count: 6 | total_funding_usd: 108400000.0 | has_acquisition: 0 | has_ipo: 1 | outcome_label: ipo | is_yc: 0 | yc_batch: none | has_layoffs: 0 | total_layoffs: 0 | description: Based out of San Mateo, USA, Marketo is focused on Analytics. To date, they have raised $108.4M."
/organization/calithera-biosciences,Calithera Biosciences,"Calithera Biosciences is a Biotechnology company located in South San Francisco, USA. The firm has an estimated total funding of $105.0M.",Biotechnology,,USA,South San Francisco,2010.0,http://www.calithera.com,ipo,6,104999998.0,0,1,0,1,1,mega,late,196.94,ipo,0,none,0,0,"calithera biosciences biotechnology  calithera biosciences is a biotechnology company located in south san francisco, usa. the firm has an estimated total funding of $105.0m. usa south san francisco","name: Calithera Biosciences | industry: Biotechnology | sub_industry: N/A | hq_country: USA | hq_city: South San Francisco | founded_year: 2010.0 | status: ipo | funding_round_count: 6 | total_funding_usd: 104999998.0 | has_acquisition: 0 | has_ipo: 1 | outcome_label: ipo | is_yc: 0 | yc_batch: none | has_layoffs: 0 | total_layoffs: 0 | description: Calithera Biosciences is a Biotechnology company located in South San Francisco, USA. The firm has an estimated total funding of $105.0M."
/organization/aerohive-networks,Aerohive Networks,"Founded in 2006, the Mobile startup Aerohive Networks provides Technology solutions in Sunnyvale, USA.",Mobile,Technology,USA,Sunnyvale,2006.0,http://www.aerohive.com,ipo,6,104952382.0,0,1,0,1,1,mega,late,196.94,ipo,0,none,0,0,"aerohive networks mobile technology founded in 2006, the mobile startup aerohive networks provides technology solutions in sunnyvale, usa. usa sunnyvale","name: Aerohive Networks | industry: Mobile | sub_industry: Technology | hq_country: USA | hq_city: Sunnyvale | founded_year: 2006.0 | status: ipo | funding_round_count: 6 | total_funding_usd: 104952382.0 | has_acquisition: 0 | has_ipo: 1 | outcome_label: ipo | is_yc: 0 | yc_batch: none | has_layoffs: 0 | total_layoffs: 0 | description: Founded in 2006, the Mobile startup Aerohive Networks provides Technology solutions in Sunnyvale, USA."
/organization/tyro-payments,Tyro Payments,"Headquartered in Sydney, AUS, Tyro Payments operates as a key player in the Banking industry. Established in 2003, the company continues to grow.",Banking,Finance,AUS,Sydney,2003.0,http://www.tyro.com,operating,16,103594390.0,0,0,0,0,0,mega,late,196.91,funded_growth,0,none,0,0,"tyro payments banking finance headquartered in sydney, aus, tyro payments operates as a key player in the banking industry. established in 2003, the company continues to grow. aus sydney","name: Tyro Payments | industry: Banking | sub_industry: Finance | hq_country: AUS | hq_city: Sydney | founded_year: 2003.0 | status: operating | funding_round_count: 16 | total_funding_usd: 103594390.0 | has_acquisition: 0 | has_ipo: 0 | outcome_label: funded_growth | is_yc: 0 | yc_batch: none | has_layoffs: 0 | total_layoffs: 0 | description: Headquartered in Sydney, AUS, Tyro Payments operates as a key player in the Banking industry. Established in 2003, the company continues to grow."
/organization/imagination-technologies,Imagination Technologies,"Headquartered in Kings Langley, GBR, Imagination Technologies operates as a key player in the Semiconductors industry. Established in 1985, the company continues to grow. The startup has gone public (IPO).",Semiconductors,,GBR,Kings Langley,1985.0,http://www.imgtec.com,ipo,6,103139678.477403,0,1,0,1,1,mega,late,196.9,ipo,0,none,0,0,"imagination technologies semiconductors  headquartered in kings langley, gbr, imagination technologies operates as a key player in the semiconductors industry. established in 1985, the company continues to grow. the startup has gone public (ipo). gbr kings langley","name: Imagination Technologies | industry: Semiconductors | sub_industry: N/A | hq_country: GBR | hq_city: Kings Langley | founded_year: 1985.0 | status: ipo | funding_round_count: 6 | total_funding_usd: 103139678.477403 | has_acquisition: 0 | has_ipo: 1 | outcome_label: ipo | is_yc: 0 | yc_batch: none | has_layoffs: 0 | total_layoffs: 0 | description: Headquartered in Kings Langley, GBR, Imagination Technologies operates as a key player in the Semiconductors industry. Established in 1985, the company continues to grow. The startup has gone public (IPO)."
/organization/collegium-pharmaceutical,Collegium Pharmaceutical,"Founded in 2002, the Biotechnology startup Collegium Pharmaceutical provides Biotechnology solutions in Cumberland, USA.",Biotechnology,,USA,Cumberland,2002.0,http://www.collegiumpharma.com,ipo,6,103000002.0,0,1,0,1,1,mega,late,196.9,ipo,0,none,0,0,"collegium pharmaceutical biotechnology  founded in 2002, the biotechnology startup collegium pharmaceutical provides biotechnology solutions in cumberland, usa. usa cumberland","name: Collegium Pharmaceutical | industry: Biotechnology | sub_industry: N/A | hq_country: USA | hq_city: Cumberland | founded_year: 2002.0 | status: ipo | funding_round_count: 6 | total_funding_usd: 103000002.0 | has_acquisition: 0 | has_ipo: 1 | outcome_label: ipo | is_yc: 0 | yc_batch: none | has_layoffs: 0 | total_layoffs: 0 | description: Founded in 2002, the Biotechnology startup Collegium Pharmaceutical provides Biotechnology solutions in Cumberland, USA."
/organization/hubspot,HubSpot,"Based out of Cambridge, USA, HubSpot is focused on Lead Generation. To date, they have raised $100.5M.",Lead Generation,Software,USA,Cambridge,2006.0,http://www.hubspot.com,ipo,6,100500000.0,0,1,0,1,1,mega,late,196.85,ipo,0,none,0,0,"hubspot lead generation software based out of cambridge, usa, hubspot is focused on lead generation. to date, they have raised $100.5m. usa cambridge","name: HubSpot | industry: Lead Generation | sub_industry: Software | hq_country: USA | hq_city: Cambridge | founded_year: 2006.0 | status: ipo | funding_round_count: 6 | total_funding_usd: 100500000.0 | has_acquisition: 0 | has_ipo: 1 | outcome_label: ipo | is_yc: 0 | yc_batch: none | has_layoffs: 0 | total_layoffs: 0 | description: Based out of Cambridge, USA, HubSpot is focused on Lead Generation. To date, they have raised $100.5M."
/organization/marrone-bio-innovations,Marrone Bio Innovations,"Based out of Davis, USA, Marrone Bio Innovations is focused on Biotechnology. To date, they have raised $99.2M.",Biotechnology,Chemicals,USA,Davis,2006.0,http://www.marroneorganicinnovations.com,ipo,6,99150000.0,0,1,0,1,1,mega,late,196.82,ipo,0,none,0,0,"marrone bio innovations biotechnology chemicals based out of davis, usa, marrone bio innovations is focused on biotechnology. to date, they have raised $99.2m. usa davis","name: Marrone Bio Innovations | industry: Biotechnology | sub_industry: Chemicals | hq_country: USA | hq_city: Davis | founded_year: 2006.0 | status: ipo | funding_round_count: 6 | total_funding_usd: 99150000.0 | has_acquisition: 0 | has_ipo: 1 | outcome_label: ipo | is_yc: 0 | yc_batch: none | has_layoffs: 0 | total_layoffs: 0 | description: Based out of Davis, USA, Marrone Bio Innovations is focused on Biotechnology. To date, they have raised $99.2M."
/organization/fluidigm,Fluidigm,"Fluidigm is a Biotechnology company located in South San Francisco, USA. The firm has an estimated total funding of $98.2M.",Biotechnology,,USA,South San Francisco,1999.0,http://www.fluidigm.com,ipo,6,98203214.0,0,1,0,1,1,mega,late,196.81,ipo,0,none,0,0,"fluidigm biotechnology  fluidigm is a biotechnology company located in south san francisco, usa. the firm has an estimated total funding of $98.2m. usa south san francisco","name: Fluidigm | industry: Biotechnology | sub_industry: N/A | hq_country: USA | hq_city: South San Francisco | founded_year: 1999.0 | status: ipo | funding_round_count: 6 | total_funding_usd: 98203214.0 | has_acquisition: 0 | has_ipo: 1 | outcome_label: ipo | is_yc: 0 | yc_batch: none | has_layoffs: 0 | total_layoffs: 0 | description: Fluidigm is a Biotechnology company located in South San Francisco, USA. The firm has an estimated total funding of $98.2M."
/organization/celator-pharmaceuticals,Celator Pharmaceuticals,"Celator Pharmaceuticals is a Biotechnology company located in Princeton, USA. The firm has an estimated total funding of $96.9M.",Biotechnology,,USA,Princeton,1999.0,http://www.celatorpharma.com,ipo,6,96876867.0,0,1,0,1,1,mega,late,196.78,ipo,0,none,0,0,"celator pharmaceuticals biotechnology  celator pharmaceuticals is a biotechnology company located in princeton, usa. the firm has an estimated total funding of $96.9m. usa princeton","name: Celator Pharmaceuticals | industry: Biotechnology | sub_industry: N/A | hq_country: USA | hq_city: Princeton | founded_year: 1999.0 | status: ipo | funding_round_count: 6 | total_funding_usd: 96876867.0 | has_acquisition: 0 | has_ipo: 1 | outcome_label: ipo | is_yc: 0 | yc_batch: none | has_layoffs: 0 | total_layoffs: 0 | description: Celator Pharmaceuticals is a Biotechnology company located in Princeton, USA. The firm has an estimated total funding of $96.9M."
/organization/neos-therapeutics,Neos Therapeutics,"Headquartered in Grand Prairie, USA, Neos Therapeutics operates as a key player in the Biotechnology industry. Established in 2008, the company continues to grow. The startup has gone public (IPO).",Biotechnology,,USA,Grand Prairie,2008.0,http://www.neostx.com,ipo,6,96278860.0,0,1,0,1,1,mega,late,196.77,ipo,0,none,0,0,"neos therapeutics biotechnology  headquartered in grand prairie, usa, neos therapeutics operates as a key player in the biotechnology industry. established in 2008, the company continues to grow. the startup has gone public (ipo). usa grand prairie","name: Neos Therapeutics | industry: Biotechnology | sub_industry: N/A | hq_country: USA | hq_city: Grand Prairie | founded_year: 2008.0 | status: ipo | funding_round_count: 6 | total_funding_usd: 96278860.0 | has_acquisition: 0 | has_ipo: 1 | outcome_label: ipo | is_yc: 0 | yc_batch: none | has_layoffs: 0 | total_layoffs: 0 | description: Headquartered in Grand Prairie, USA, Neos Therapeutics operates as a key player in the Biotechnology industry. Established in 2008, the company continues to grow. The startup has gone public (IPO)."
/organization/2u,2U Inc.,"Founded in 2008, the EdTech startup 2U Inc. provides Education solutions in Hyattsville, USA.",EdTech,Education,USA,Hyattsville,2008.0,http://2u.com,ipo,6,95875000.0,0,1,0,1,1,mega,late,196.76,ipo,0,none,0,0,"2u inc. edtech education founded in 2008, the edtech startup 2u inc. provides education solutions in hyattsville, usa. usa hyattsville","name: 2U Inc. | industry: EdTech | sub_industry: Education | hq_country: USA | hq_city: Hyattsville | founded_year: 2008.0 | status: ipo | funding_round_count: 6 | total_funding_usd: 95875000.0 | has_acquisition: 0 | has_ipo: 1 | outcome_label: ipo | is_yc: 0 | yc_batch: none | has_layoffs: 0 | total_layoffs: 0 | description: Founded in 2008, the EdTech startup 2U Inc. provides Education solutions in Hyattsville, USA."
/organization/windeln-de,Windeln.de,"Based out of München, DEU, Windeln.de is focused on Babies. To date, they have raised $92.3M.",Babies,E-Commerce,DEU,München,2010.0,http://www.windeln.de,ipo,6,92275758.0,0,1,0,1,1,mega,late,196.68,ipo,0,none,0,0,"windeln.de babies e-commerce based out of münchen, deu, windeln.de is focused on babies. to date, they have raised $92.3m. deu münchen","name: Windeln.de | industry: Babies | sub_industry: E-Commerce | hq_country: DEU | hq_city: München | founded_year: 2010.0 | status: ipo | funding_round_count: 6 | total_funding_usd: 92275758.0 | has_acquisition: 0 | has_ipo: 1 | outcome_label: ipo | is_yc: 0 | yc_batch: none | has_layoffs: 0 | total_layoffs: 0 | description: Based out of München, DEU, Windeln.de is focused on Babies. To date, they have raised $92.3M."
/organization/neurogesx,NeurogesX,"Headquartered in San Carlos, USA, NeurogesX operates as a key player in the Biotechnology industry. Established in 1998, the company continues to grow. The startup has gone public (IPO).",Biotechnology,,USA,San Carlos,1998.0,http://www.neurogesx.com,ipo,6,92043611.0,0,1,0,1,1,mega,late,196.68,ipo,0,none,0,0,"neurogesx biotechnology  headquartered in san carlos, usa, neurogesx operates as a key player in the biotechnology industry. established in 1998, the company continues to grow. the startup has gone public (ipo). usa san carlos","name: NeurogesX | industry: Biotechnology | sub_industry: N/A | hq_country: USA | hq_city: San Carlos | founded_year: 1998.0 | status: ipo | funding_round_count: 6 | total_funding_usd: 92043611.0 | has_acquisition: 0 | has_ipo: 1 | outcome_label: ipo | is_yc: 0 | yc_batch: none | has_layoffs: 0 | total_layoffs: 0 | description: Headquartered in San Carlos, USA, NeurogesX operates as a key player in the Biotechnology industry. Established in 1998, the company continues to grow. The startup has gone public (IPO)."
/organization/erytech-pharma,ERYtech Pharma,"ERYtech Pharma is a Biotechnology company located in Lyon, FRA. The firm has an estimated total funding of $85.9M.",Biotechnology,,FRA,Lyon,,http://www.erytech.com,ipo,6,85919109.0,0,1,0,1,1,mega,late,196.54,ipo,0,none,0,0,"erytech pharma biotechnology  erytech pharma is a biotechnology company located in lyon, fra. the firm has an estimated total funding of $85.9m. fra lyon","name: ERYtech Pharma | industry: Biotechnology | sub_industry: N/A | hq_country: FRA | hq_city: Lyon | founded_year: N/A | status: ipo | funding_round_count: 6 | total_funding_usd: 85919109.0 | has_acquisition: 0 | has_ipo: 1 | outcome_label: ipo | is_yc: 0 | yc_batch: none | has_layoffs: 0 | total_layoffs: 0 | description: ERYtech Pharma is a Biotechnology company located in Lyon, FRA. The firm has an estimated total funding of $85.9M."
/organization/fate-therapeutics,Fate Therapeutics,"Fate Therapeutics is a Biotechnology company located in La Jolla, USA. The firm has an estimated total funding of $86.2M.",Biotechnology,,USA,La Jolla,2007.0,http://www.fatetherapeutics.com,ipo,6,86188360.0,0,1,0,1,1,mega,late,196.54,ipo,0,none,0,0,"fate therapeutics biotechnology  fate therapeutics is a biotechnology company located in la jolla, usa. the firm has an estimated total funding of $86.2m. usa la jolla","name: Fate Therapeutics | industry: Biotechnology | sub_industry: N/A | hq_country: USA | hq_city: La Jolla | founded_year: 2007.0 | status: ipo | funding_round_count: 6 | total_funding_usd: 86188360.0 | has_acquisition: 0 | has_ipo: 1 | outcome_label: ipo | is_yc: 0 | yc_batch: none | has_layoffs: 0 | total_layoffs: 0 | description: Fate Therapeutics is a Biotechnology company located in La Jolla, USA. The firm has an estimated total funding of $86.2M."
/organization/zendesk,Zendesk,"Headquartered in San Francisco, USA, Zendesk operates as a key player in the Customer Service industry. Established in 2007, the company continues to grow. The startup has gone public (IPO).",Customer Service,Customer Support Tools,USA,San Francisco,2007.0,http://zendesk.com,ipo,6,85500000.0,0,1,0,1,1,mega,late,196.53,ipo,0,none,1,350,"zendesk customer service customer support tools headquartered in san francisco, usa, zendesk operates as a key player in the customer service industry. established in 2007, the company continues to grow. the startup has gone public (ipo). usa san francisco","name: Zendesk | industry: Customer Service | sub_industry: Customer Support Tools | hq_country: USA | hq_city: San Francisco | founded_year: 2007.0 | status: ipo | funding_round_count: 6 | total_funding_usd: 85500000.0 | has_acquisition: 0 | has_ipo: 1 | outcome_label: ipo | is_yc: 0 | yc_batch: none | has_layoffs: 1 | total_layoffs: 350 | description: Headquartered in San Francisco, USA, Zendesk operates as a key player in the Customer Service industry. Established in 2007, the company continues to grow. The startup has gone public (IPO)."
/organization/grubhub,GrubHub,"GrubHub is a Delivery company located in Chicago, USA. The firm has an estimated total funding of $84.1M.",Business Services,Delivery,USA,Chicago,2004.0,http://www.grubhub.com,ipo,6,84100000.0,0,1,0,1,1,mega,late,196.5,ipo,0,none,0,0,"grubhub business services delivery grubhub is a delivery company located in chicago, usa. the firm has an estimated total funding of $84.1m. usa chicago","name: GrubHub | industry: Business Services | sub_industry: Delivery | hq_country: USA | hq_city: Chicago | founded_year: 2004.0 | status: ipo | funding_round_count: 6 | total_funding_usd: 84100000.0 | has_acquisition: 0 | has_ipo: 1 | outcome_label: ipo | is_yc: 0 | yc_batch: none | has_layoffs: 0 | total_layoffs: 0 | description: GrubHub is a Delivery company located in Chicago, USA. The firm has an estimated total funding of $84.1M."
/organization/service-now-com,ServiceNow,"Based out of Santa Clara, USA, ServiceNow is focused on Enterprise Software. To date, they have raised $83.7M.",Enterprise Software,IT Management,USA,Santa Clara,2004.0,http://www.servicenow.com,ipo,6,83703892.0,0,1,0,1,1,mega,late,196.49,ipo,0,none,0,0,"servicenow enterprise software it management based out of santa clara, usa, servicenow is focused on enterprise software. to date, they have raised $83.7m. usa santa clara","name: ServiceNow | industry: Enterprise Software | sub_industry: IT Management | hq_country: USA | hq_city: Santa Clara | founded_year: 2004.0 | status: ipo | funding_round_count: 6 | total_funding_usd: 83703892.0 | has_acquisition: 0 | has_ipo: 1 | outcome_label: ipo | is_yc: 0 | yc_batch: none | has_layoffs: 0 | total_layoffs: 0 | description: Based out of Santa Clara, USA, ServiceNow is focused on Enterprise Software. To date, they have raised $83.7M."
/organization/sequans-communications,Sequans Communications,"Sequans Communications is a Semiconductors company located in Paris, FRA. The firm has an estimated total funding of $81.9M.",Semiconductors,,FRA,Paris,2003.0,http://www.sequans.com,ipo,6,81880403.0,0,1,0,1,1,mega,late,196.44,ipo,0,none,0,0,"sequans communications semiconductors  sequans communications is a semiconductors company located in paris, fra. the firm has an estimated total funding of $81.9m. fra paris","name: Sequans Communications | industry: Semiconductors | sub_industry: N/A | hq_country: FRA | hq_city: Paris | founded_year: 2003.0 | status: ipo | funding_round_count: 6 | total_funding_usd: 81880403.0 | has_acquisition: 0 | has_ipo: 1 | outcome_label: ipo | is_yc: 0 | yc_batch: none | has_layoffs: 0 | total_layoffs: 0 | description: Sequans Communications is a Semiconductors company located in Paris, FRA. The firm has an estimated total funding of $81.9M."
/organization/ocular-therapeutix,Ocular Therapeutix,"Founded in 2006, the Biotechnology startup Ocular Therapeutix provides Biotechnology solutions in Bedford, USA.",Biotechnology,,USA,Bedford,2006.0,http://www.ocutx.com,ipo,6,73300000.0,0,1,0,1,1,mega,late,196.22,ipo,0,none,0,0,"ocular therapeutix biotechnology  founded in 2006, the biotechnology startup ocular therapeutix provides biotechnology solutions in bedford, usa. usa bedford","name: Ocular Therapeutix | industry: Biotechnology | sub_industry: N/A | hq_country: USA | hq_city: Bedford | founded_year: 2006.0 | status: ipo | funding_round_count: 6 | total_funding_usd: 73300000.0 | has_acquisition: 0 | has_ipo: 1 | outcome_label: ipo | is_yc: 0 | yc_batch: none | has_layoffs: 0 | total_layoffs: 0 | description: Founded in 2006, the Biotechnology startup Ocular Therapeutix provides Biotechnology solutions in Bedford, USA."
/organization/tetralogic-pharmaceuticals,TetraLogic Pharmaceuticals,"TetraLogic Pharmaceuticals is transforming the Health Care sector in Malvern, USA. They have secured $73.0M across 6 funding rounds.",Biotechnology,Health Care,USA,Malvern,,http://www.tetralogicpharma.com,ipo,6,73000000.0,0,1,0,1,1,mega,late,196.21,ipo,0,none,0,0,"tetralogic pharmaceuticals biotechnology health care tetralogic pharmaceuticals is transforming the health care sector in malvern, usa. they have secured $73.0m across 6 funding rounds. usa malvern","name: TetraLogic Pharmaceuticals | industry: Biotechnology | sub_industry: Health Care | hq_country: USA | hq_city: Malvern | founded_year: N/A | status: ipo | funding_round_count: 6 | total_funding_usd: 73000000.0 | has_acquisition: 0 | has_ipo: 1 | outcome_label: ipo | is_yc: 0 | yc_batch: none | has_layoffs: 0 | total_layoffs: 0 | description: TetraLogic Pharmaceuticals is transforming the Health Care sector in Malvern, USA. They have secured $73.0M across 6 funding rounds."
/organization/tigenix,TiGenix,"Founded in 2000, the Biotechnology startup TiGenix provides Biotechnology solutions in Leuven, BEL.",Biotechnology,,BEL,Leuven,2000.0,http://www.tigenix.com,ipo,6,68285881.8492276,0,1,0,1,1,mega,late,196.08,ipo,0,none,0,0,"tigenix biotechnology  founded in 2000, the biotechnology startup tigenix provides biotechnology solutions in leuven, bel. bel leuven","name: TiGenix | industry: Biotechnology | sub_industry: N/A | hq_country: BEL | hq_city: Leuven | founded_year: 2000.0 | status: ipo | funding_round_count: 6 | total_funding_usd: 68285881.8492276 | has_acquisition: 0 | has_ipo: 1 | outcome_label: ipo | is_yc: 0 | yc_batch: none | has_layoffs: 0 | total_layoffs: 0 | description: Founded in 2000, the Biotechnology startup TiGenix provides Biotechnology solutions in Leuven, BEL."
/organization/carbonite,Carbonite,"Founded in 2005, Carbonite is transforming the Software sector in Boston, USA. They have secured $67.2M across 6 funding rounds.",SaaS,Software,USA,Boston,2005.0,http://www.carbonite.com/,ipo,6,67192715.0,0,1,0,1,1,mega,late,196.05,ipo,0,none,0,0,"carbonite saas software founded in 2005, carbonite is transforming the software sector in boston, usa. they have secured $67.2m across 6 funding rounds. usa boston","name: Carbonite | industry: SaaS | sub_industry: Software | hq_country: USA | hq_city: Boston | founded_year: 2005.0 | status: ipo | funding_round_count: 6 | total_funding_usd: 67192715.0 | has_acquisition: 0 | has_ipo: 1 | outcome_label: ipo | is_yc: 0 | yc_batch: none | has_layoffs: 0 | total_layoffs: 0 | description: Founded in 2005, Carbonite is transforming the Software sector in Boston, USA. They have secured $67.2M across 6 funding rounds."
/organization/cleveland-biolabs,Cleveland BioLabs,"Headquartered in Buffalo, USA, Cleveland BioLabs operates as a key player in the Biotechnology industry. Established in 2003, the company continues to grow. The startup has gone public (IPO).",Biotechnology,,USA,Buffalo,2003.0,http://www.cbiolabs.com,ipo,6,66426557.0,0,1,0,1,1,mega,late,196.02,ipo,0,none,0,0,"cleveland biolabs biotechnology  headquartered in buffalo, usa, cleveland biolabs operates as a key player in the biotechnology industry. established in 2003, the company continues to grow. the startup has gone public (ipo). usa buffalo","name: Cleveland BioLabs | industry: Biotechnology | sub_industry: N/A | hq_country: USA | hq_city: Buffalo | founded_year: 2003.0 | status: ipo | funding_round_count: 6 | total_funding_usd: 66426557.0 | has_acquisition: 0 | has_ipo: 1 | outcome_label: ipo | is_yc: 0 | yc_batch: none | has_layoffs: 0 | total_layoffs: 0 | description: Headquartered in Buffalo, USA, Cleveland BioLabs operates as a key player in the Biotechnology industry. Established in 2003, the company continues to grow. The startup has gone public (IPO)."
/organization/conatus-pharmaceuticals,Conatus Pharmaceuticals,"Conatus Pharmaceuticals is disrupting the Health Care sector in San Diego, USA. They have secured $62.1M across 6 funding rounds.",Biotechnology,Health Care,USA,San Diego,,http://www.conatuspharma.com,ipo,6,62101551.0,0,1,0,1,1,mega,late,195.89,ipo,0,none,0,0,"conatus pharmaceuticals biotechnology health care conatus pharmaceuticals is disrupting the health care sector in san diego, usa. they have secured $62.1m across 6 funding rounds. usa san diego","name: Conatus Pharmaceuticals | industry: Biotechnology | sub_industry: Health Care | hq_country: USA | hq_city: San Diego | founded_year: N/A | status: ipo | funding_round_count: 6 | total_funding_usd: 62101551.0 | has_acquisition: 0 | has_ipo: 1 | outcome_label: ipo | is_yc: 0 | yc_batch: none | has_layoffs: 0 | total_layoffs: 0 | description: Conatus Pharmaceuticals is disrupting the Health Care sector in San Diego, USA. They have secured $62.1M across 6 funding rounds."
/organization/combimatrix,CombiMatrix,"CombiMatrix is transforming the Health Diagnostics sector in Irvine, USA. They have secured $57.0M across 6 funding rounds.",Biotechnology,Health Diagnostics,USA,Irvine,,http://www.combimatrix.com,ipo,6,56952124.0,0,1,0,1,1,mega,late,195.72,ipo,0,none,0,0,"combimatrix biotechnology health diagnostics combimatrix is transforming the health diagnostics sector in irvine, usa. they have secured $57.0m across 6 funding rounds. usa irvine","name: CombiMatrix | industry: Biotechnology | sub_industry: Health Diagnostics | hq_country: USA | hq_city: Irvine | founded_year: N/A | status: ipo | funding_round_count: 6 | total_funding_usd: 56952124.0 | has_acquisition: 0 | has_ipo: 1 | outcome_label: ipo | is_yc: 0 | yc_batch: none | has_layoffs: 0 | total_layoffs: 0 | description: CombiMatrix is transforming the Health Diagnostics sector in Irvine, USA. They have secured $57.0M across 6 funding rounds."
/organization/pandora,Pandora Media,"Founded in 2000, the Broadcasting startup Pandora Media provides Music solutions in Oakland, USA.",Broadcasting,Music,USA,Oakland,2000.0,http://pandora.com,ipo,6,56300000.0,0,1,0,1,1,mega,late,195.69,ipo,0,none,0,0,"pandora media broadcasting music founded in 2000, the broadcasting startup pandora media provides music solutions in oakland, usa. usa oakland","name: Pandora Media | industry: Broadcasting | sub_industry: Music | hq_country: USA | hq_city: Oakland | founded_year: 2000.0 | status: ipo | funding_round_count: 6 | total_funding_usd: 56300000.0 | has_acquisition: 0 | has_ipo: 1 | outcome_label: ipo | is_yc: 0 | yc_batch: none | has_layoffs: 0 | total_layoffs: 0 | description: Founded in 2000, the Broadcasting startup Pandora Media provides Music solutions in Oakland, USA."
/organization/tearlab-corporation,TearLab Corporation,"Headquartered in San Diego, USA, TearLab Corporation operates as a key player in the Hardware + Software industry. Established in 2003, the company continues to grow. The startup has gone public (IPO).",Hardware + Software,Health and Wellness,USA,San Diego,2003.0,http://tearlab.com,ipo,6,54597734.0,0,1,0,1,1,mega,late,195.63,ipo,0,none,0,0,"tearlab corporation hardware + software health and wellness headquartered in san diego, usa, tearlab corporation operates as a key player in the hardware + software industry. established in 2003, the company continues to grow. the startup has gone public (ipo). usa san diego","name: TearLab Corporation | industry: Hardware + Software | sub_industry: Health and Wellness | hq_country: USA | hq_city: San Diego | founded_year: 2003.0 | status: ipo | funding_round_count: 6 | total_funding_usd: 54597734.0 | has_acquisition: 0 | has_ipo: 1 | outcome_label: ipo | is_yc: 0 | yc_batch: none | has_layoffs: 0 | total_layoffs: 0 | description: Headquartered in San Diego, USA, TearLab Corporation operates as a key player in the Hardware + Software industry. Established in 2003, the company continues to grow. The startup has gone public (IPO)."
/organization/ringcentral,RingCentral,"Founded in 2003, the Communications Hardware startup RingCentral provides Messaging solutions in San Mateo, USA.",Communications Hardware,Messaging,USA,San Mateo,2003.0,http://www.ringcentral.com,ipo,6,50250000.0,0,1,0,1,1,mega,late,195.47,ipo,0,none,1,80,"ringcentral communications hardware messaging founded in 2003, the communications hardware startup ringcentral provides messaging solutions in san mateo, usa. usa san mateo","name: RingCentral | industry: Communications Hardware | sub_industry: Messaging | hq_country: USA | hq_city: San Mateo | founded_year: 2003.0 | status: ipo | funding_round_count: 6 | total_funding_usd: 50250000.0 | has_acquisition: 0 | has_ipo: 1 | outcome_label: ipo | is_yc: 0 | yc_batch: none | has_layoffs: 1 | total_layoffs: 80 | description: Founded in 2003, the Communications Hardware startup RingCentral provides Messaging solutions in San Mateo, USA."
/organization/ekinops,Ekinops,"Founded in 2003, the Hardware + Software startup Ekinops provides Hardware + Software solutions in Lannion, FRA.",Hardware + Software,,FRA,Lannion,2003.0,http://www.ekinops.net,ipo,6,49463731.0,0,1,0,1,1,high,late,195.43,ipo,0,none,0,0,"ekinops hardware + software  founded in 2003, the hardware + software startup ekinops provides hardware + software solutions in lannion, fra. fra lannion","name: Ekinops | industry: Hardware + Software | sub_industry: N/A | hq_country: FRA | hq_city: Lannion | founded_year: 2003.0 | status: ipo | funding_round_count: 6 | total_funding_usd: 49463731.0 | has_acquisition: 0 | has_ipo: 1 | outcome_label: ipo | is_yc: 0 | yc_batch: none | has_layoffs: 0 | total_layoffs: 0 | description: Founded in 2003, the Hardware + Software startup Ekinops provides Hardware + Software solutions in Lannion, FRA."
/organization/nanoviricides,NanoViricides,"Based out of West Haven, USA, NanoViricides is focused on Biotechnology. To date, they have raised $46.0M.",Biotechnology,,USA,West Haven,2005.0,http://www.nanoviricides.com,ipo,6,46000000.0,0,1,0,1,1,high,late,195.29,ipo,0,none,0,0,"nanoviricides biotechnology  based out of west haven, usa, nanoviricides is focused on biotechnology. to date, they have raised $46.0m. usa west haven","name: NanoViricides | industry: Biotechnology | sub_industry: N/A | hq_country: USA | hq_city: West Haven | founded_year: 2005.0 | status: ipo | funding_round_count: 6 | total_funding_usd: 46000000.0 | has_acquisition: 0 | has_ipo: 1 | outcome_label: ipo | is_yc: 0 | yc_batch: none | has_layoffs: 0 | total_layoffs: 0 | description: Based out of West Haven, USA, NanoViricides is focused on Biotechnology. To date, they have raised $46.0M."
/organization/vistagen-therapeutics,VistaGen Therapeutics,"VistaGen Therapeutics is a Biotechnology company located in South San Francisco, USA. The firm has an estimated total funding of $44.8M.",Biotechnology,,USA,South San Francisco,2013.0,http://www.vistagen.com,ipo,6,44750281.0,0,1,0,1,1,high,late,195.23,ipo,0,none,0,0,"vistagen therapeutics biotechnology  vistagen therapeutics is a biotechnology company located in south san francisco, usa. the firm has an estimated total funding of $44.8m. usa south san francisco","name: VistaGen Therapeutics | industry: Biotechnology | sub_industry: N/A | hq_country: USA | hq_city: South San Francisco | founded_year: 2013.0 | status: ipo | funding_round_count: 6 | total_funding_usd: 44750281.0 | has_acquisition: 0 | has_ipo: 1 | outcome_label: ipo | is_yc: 0 | yc_batch: none | has_layoffs: 0 | total_layoffs: 0 | description: VistaGen Therapeutics is a Biotechnology company located in South San Francisco, USA. The firm has an estimated total funding of $44.8M."
/organization/mig-me,Mig Me,"Headquartered in Singapore, SGP, Mig Me operates as a key player in the Android industry. Established in 2005, the company continues to grow. The startup has gone public (IPO).",Android,Apps,SGP,Singapore,2005.0,http://mig.me/,ipo,6,44600000.0,0,1,0,1,1,high,late,195.23,ipo,0,none,0,0,"mig me android apps headquartered in singapore, sgp, mig me operates as a key player in the android industry. established in 2005, the company continues to grow. the startup has gone public (ipo). sgp singapore","name: Mig Me | industry: Android | sub_industry: Apps | hq_country: SGP | hq_city: Singapore | founded_year: 2005.0 | status: ipo | funding_round_count: 6 | total_funding_usd: 44600000.0 | has_acquisition: 0 | has_ipo: 1 | outcome_label: ipo | is_yc: 0 | yc_batch: none | has_layoffs: 0 | total_layoffs: 0 | description: Headquartered in Singapore, SGP, Mig Me operates as a key player in the Android industry. Established in 2005, the company continues to grow. The startup has gone public (IPO)."
/organization/photobucket,Photobucket,"Based out of Denver, USA, Photobucket is focused on Curated Web. To date, they have raised $39.0M.",Curated Web,Image Recognition,USA,Denver,2003.0,http://photobucket.com,acquired,11,38986432.0,1,0,1,0,1,high,late,194.96,acquired,0,none,0,0,"photobucket curated web image recognition based out of denver, usa, photobucket is focused on curated web. to date, they have raised $39.0m. usa denver","name: Photobucket | industry: Curated Web | sub_industry: Image Recognition | hq_country: USA | hq_city: Denver | founded_year: 2003.0 | status: acquired | funding_round_count: 11 | total_funding_usd: 38986432.0 | has_acquisition: 1 | has_ipo: 0 | outcome_label: acquired | is_yc: 0 | yc_batch: none | has_layoffs: 0 | total_layoffs: 0 | description: Based out of Denver, USA, Photobucket is focused on Curated Web. To date, they have raised $39.0M."
/organization/mabvax-therapeutics,MabVax Therapeutics,"Based out of San Diego, USA, MabVax Therapeutics is focused on Biotechnology. To date, they have raised $34.2M.",Biotechnology,,USA,San Diego,2006.0,http://www.mabvax.com,ipo,6,34151008.0,0,1,0,1,1,high,late,194.69,ipo,0,none,0,0,"mabvax therapeutics biotechnology  based out of san diego, usa, mabvax therapeutics is focused on biotechnology. to date, they have raised $34.2m. usa san diego","name: MabVax Therapeutics | industry: Biotechnology | sub_industry: N/A | hq_country: USA | hq_city: San Diego | founded_year: 2006.0 | status: ipo | funding_round_count: 6 | total_funding_usd: 34151008.0 | has_acquisition: 0 | has_ipo: 1 | outcome_label: ipo | is_yc: 0 | yc_batch: none | has_layoffs: 0 | total_layoffs: 0 | description: Based out of San Diego, USA, MabVax Therapeutics is focused on Biotechnology. To date, they have raised $34.2M."
/organization/enumeral-biomedical,Enumeral Biomedical,"Headquartered in New York, USA, Enumeral Biomedical operates as a key player in the Biotechnology industry. Established in 2009, the company continues to grow. The startup has gone public (IPO).",Biotechnology,,USA,New York,2009.0,http://enumeral.com,ipo,6,29941703.0,0,1,0,1,1,high,late,194.43,ipo,0,none,0,0,"enumeral biomedical biotechnology  headquartered in new york, usa, enumeral biomedical operates as a key player in the biotechnology industry. established in 2009, the company continues to grow. the startup has gone public (ipo). usa new york","name: Enumeral Biomedical | industry: Biotechnology | sub_industry: N/A | hq_country: USA | hq_city: New York | founded_year: 2009.0 | status: ipo | funding_round_count: 6 | total_funding_usd: 29941703.0 | has_acquisition: 0 | has_ipo: 1 | outcome_label: ipo | is_yc: 0 | yc_batch: none | has_layoffs: 0 | total_layoffs: 0 | description: Headquartered in New York, USA, Enumeral Biomedical operates as a key player in the Biotechnology industry. Established in 2009, the company continues to grow. The startup has gone public (IPO)."
/organization/lightwave-logic,Lightwave Logic,"Headquartered in Newark, USA, Lightwave Logic operates as a key player in the Hardware + Software industry. Established in 1991, the company continues to grow. The startup has gone public (IPO).",Hardware + Software,,USA,Newark,1991.0,http://www.lightwavelogic.com,ipo,6,26590000.0,0,1,0,1,1,high,late,194.19,ipo,0,none,0,0,"lightwave logic hardware + software  headquartered in newark, usa, lightwave logic operates as a key player in the hardware + software industry. established in 1991, the company continues to grow. the startup has gone public (ipo). usa newark","name: Lightwave Logic | industry: Hardware + Software | sub_industry: N/A | hq_country: USA | hq_city: Newark | founded_year: 1991.0 | status: ipo | funding_round_count: 6 | total_funding_usd: 26590000.0 | has_acquisition: 0 | has_ipo: 1 | outcome_label: ipo | is_yc: 0 | yc_batch: none | has_layoffs: 0 | total_layoffs: 0 | description: Headquartered in Newark, USA, Lightwave Logic operates as a key player in the Hardware + Software industry. Established in 1991, the company continues to grow. The startup has gone public (IPO)."
/organization/intercloud-systems,Intercloud Systems,"Founded in 2010, Intercloud Systems is innovating the Analytics sector in Red Bank, USA. They have secured $25.6M across 6 funding rounds.",Analytics,,USA,Red Bank,2010.0,http://intercloudsys.com,ipo,6,25601579.0,0,1,0,1,1,high,late,194.12,ipo,0,none,0,0,"intercloud systems analytics  founded in 2010, intercloud systems is innovating the analytics sector in red bank, usa. they have secured $25.6m across 6 funding rounds. usa red bank","name: Intercloud Systems | industry: Analytics | sub_industry: N/A | hq_country: USA | hq_city: Red Bank | founded_year: 2010.0 | status: ipo | funding_round_count: 6 | total_funding_usd: 25601579.0 | has_acquisition: 0 | has_ipo: 1 | outcome_label: ipo | is_yc: 0 | yc_batch: none | has_layoffs: 0 | total_layoffs: 0 | description: Founded in 2010, Intercloud Systems is innovating the Analytics sector in Red Bank, USA. They have secured $25.6M across 6 funding rounds."
/organization/inspiremd-inc,InspireMD,"Based out of Tel Aviv, ISR, InspireMD is focused on Health Care. To date, they have raised $25.0M.",Health Care,,ISR,Tel Aviv,2005.0,http://www.inspire-md.com,ipo,6,24983103.0,0,1,0,1,1,high,late,194.07,ipo,0,none,0,0,"inspiremd health care  based out of tel aviv, isr, inspiremd is focused on health care. to date, they have raised $25.0m. isr tel aviv","name: InspireMD | industry: Health Care | sub_industry: N/A | hq_country: ISR | hq_city: Tel Aviv | founded_year: 2005.0 | status: ipo | funding_round_count: 6 | total_funding_usd: 24983103.0 | has_acquisition: 0 | has_ipo: 1 | outcome_label: ipo | is_yc: 0 | yc_batch: none | has_layoffs: 0 | total_layoffs: 0 | description: Based out of Tel Aviv, ISR, InspireMD is focused on Health Care. To date, they have raised $25.0M."
/organization/eg-technology,EG Technology,"EG Technology is disrupting the Technology sector in Atlanta, USA. They have secured $24.1M across 11 funding rounds.",Services,Technology,USA,Atlanta,,,acquired,11,24150000.0,1,0,1,0,1,high,late,194.0,acquired,0,none,0,0,"eg technology services technology eg technology is disrupting the technology sector in atlanta, usa. they have secured $24.1m across 11 funding rounds. usa atlanta","name: EG Technology | industry: Services | sub_industry: Technology | hq_country: USA | hq_city: Atlanta | founded_year: N/A | status: acquired | funding_round_count: 11 | total_funding_usd: 24150000.0 | has_acquisition: 1 | has_ipo: 0 | outcome_label: acquired | is_yc: 0 | yc_batch: none | has_layoffs: 0 | total_layoffs: 0 | description: EG Technology is disrupting the Technology sector in Atlanta, USA. They have secured $24.1M across 11 funding rounds."
/organization/terascala,Terascala,"Based out of Avon, USA, Terascala is focused on Software. To date, they have raised $23.4M.",Software,,USA,Avon,2005.0,http://www.terascala.com,operating,16,23416000.0,0,0,0,0,0,high,late,193.94,funded_growth,0,none,0,0,"terascala software  based out of avon, usa, terascala is focused on software. to date, they have raised $23.4m. usa avon","name: Terascala | industry: Software | sub_industry: N/A | hq_country: USA | hq_city: Avon | founded_year: 2005.0 | status: operating | funding_round_count: 16 | total_funding_usd: 23416000.0 | has_acquisition: 0 | has_ipo: 0 | outcome_label: funded_growth | is_yc: 0 | yc_batch: none | has_layoffs: 0 | total_layoffs: 0 | description: Based out of Avon, USA, Terascala is focused on Software. To date, they have raised $23.4M."
/organization/response-biomedical,Response Biomedical,"Based out of Vancouver, CAN, Response Biomedical is focused on Biotechnology. To date, they have raised $21.7M.",Biotechnology,,CAN,Vancouver,1992.0,http://responsebio.com,ipo,6,21665600.0,0,1,0,1,1,high,late,193.78,ipo,0,none,0,0,"response biomedical biotechnology  based out of vancouver, can, response biomedical is focused on biotechnology. to date, they have raised $21.7m. can vancouver","name: Response Biomedical | industry: Biotechnology | sub_industry: N/A | hq_country: CAN | hq_city: Vancouver | founded_year: 1992.0 | status: ipo | funding_round_count: 6 | total_funding_usd: 21665600.0 | has_acquisition: 0 | has_ipo: 1 | outcome_label: ipo | is_yc: 0 | yc_batch: none | has_layoffs: 0 | total_layoffs: 0 | description: Based out of Vancouver, CAN, Response Biomedical is focused on Biotechnology. To date, they have raised $21.7M."
/organization/antriabio,AntriaBio,"Founded in 2010, AntriaBio is disrupting the Biotechnology sector in Denver, USA. They have secured $20.4M across 6 funding rounds.",Biotechnology,,USA,Denver,2010.0,http://antriabio.com,ipo,6,20366453.0,0,1,0,1,1,high,late,193.66,ipo,0,none,0,0,"antriabio biotechnology  founded in 2010, antriabio is disrupting the biotechnology sector in denver, usa. they have secured $20.4m across 6 funding rounds. usa denver","name: AntriaBio | industry: Biotechnology | sub_industry: N/A | hq_country: USA | hq_city: Denver | founded_year: 2010.0 | status: ipo | funding_round_count: 6 | total_funding_usd: 20366453.0 | has_acquisition: 0 | has_ipo: 1 | outcome_label: ipo | is_yc: 0 | yc_batch: none | has_layoffs: 0 | total_layoffs: 0 | description: Founded in 2010, AntriaBio is disrupting the Biotechnology sector in Denver, USA. They have secured $20.4M across 6 funding rounds."
/organization/genenews,GeneNews,"Founded in 1998, GeneNews is disrupting the Health Diagnostics sector in Richmond Hill, CAN. They have secured $19.9M across 6 funding rounds.",Biotechnology,Health Diagnostics,CAN,Richmond Hill,1998.0,http://www.genenews.com,ipo,6,19904010.0,0,1,0,1,1,high,late,193.61,ipo,0,none,0,0,"genenews biotechnology health diagnostics founded in 1998, genenews is disrupting the health diagnostics sector in richmond hill, can. they have secured $19.9m across 6 funding rounds. can richmond hill","name: GeneNews | industry: Biotechnology | sub_industry: Health Diagnostics | hq_country: CAN | hq_city: Richmond Hill | founded_year: 1998.0 | status: ipo | funding_round_count: 6 | total_funding_usd: 19904010.0 | has_acquisition: 0 | has_ipo: 1 | outcome_label: ipo | is_yc: 0 | yc_batch: none | has_layoffs: 0 | total_layoffs: 0 | description: Founded in 1998, GeneNews is disrupting the Health Diagnostics sector in Richmond Hill, CAN. They have secured $19.9M across 6 funding rounds."
/organization/ubid-holdings,uBid Holdings,"Founded in 1997, the E-Commerce startup uBid Holdings provides Internet solutions in Itasca, USA.",E-Commerce,Internet,USA,Itasca,1997.0,http://ubid.com,ipo,6,19282891.0,0,1,0,1,1,high,late,193.55,ipo,0,none,0,0,"ubid holdings e-commerce internet founded in 1997, the e-commerce startup ubid holdings provides internet solutions in itasca, usa. usa itasca","name: uBid Holdings | industry: E-Commerce | sub_industry: Internet | hq_country: USA | hq_city: Itasca | founded_year: 1997.0 | status: ipo | funding_round_count: 6 | total_funding_usd: 19282891.0 | has_acquisition: 0 | has_ipo: 1 | outcome_label: ipo | is_yc: 0 | yc_batch: none | has_layoffs: 0 | total_layoffs: 0 | description: Founded in 1997, the E-Commerce startup uBid Holdings provides Internet solutions in Itasca, USA."
/organization/anterios,ANTERIOS,"Headquartered in New York, USA, ANTERIOS operates as a key player in the Nanotechnology industry. Established in 2006, the company continues to grow. The startup has gone public (IPO).",Nanotechnology,,USA,New York,2006.0,http://anteriosinc.com,ipo,6,17194549.0,0,1,0,1,1,high,late,193.32,ipo,0,none,0,0,"anterios nanotechnology  headquartered in new york, usa, anterios operates as a key player in the nanotechnology industry. established in 2006, the company continues to grow. the startup has gone public (ipo). usa new york","name: ANTERIOS | industry: Nanotechnology | sub_industry: N/A | hq_country: USA | hq_city: New York | founded_year: 2006.0 | status: ipo | funding_round_count: 6 | total_funding_usd: 17194549.0 | has_acquisition: 0 | has_ipo: 1 | outcome_label: ipo | is_yc: 0 | yc_batch: none | has_layoffs: 0 | total_layoffs: 0 | description: Headquartered in New York, USA, ANTERIOS operates as a key player in the Nanotechnology industry. Established in 2006, the company continues to grow. The startup has gone public (IPO)."
/organization/22nd-century-group,22nd Century Group,"Founded in 1998, the Biotechnology startup 22nd Century Group provides Biotechnology solutions in Clarence, USA.",Biotechnology,,USA,Clarence,1998.0,http://www.xxiicentury.com,ipo,6,15034750.0,0,1,0,1,1,high,late,193.05,ipo,0,none,0,0,"22nd century group biotechnology  founded in 1998, the biotechnology startup 22nd century group provides biotechnology solutions in clarence, usa. usa clarence","name: 22nd Century Group | industry: Biotechnology | sub_industry: N/A | hq_country: USA | hq_city: Clarence | founded_year: 1998.0 | status: ipo | funding_round_count: 6 | total_funding_usd: 15034750.0 | has_acquisition: 0 | has_ipo: 1 | outcome_label: ipo | is_yc: 0 | yc_batch: none | has_layoffs: 0 | total_layoffs: 0 | description: Founded in 1998, the Biotechnology startup 22nd Century Group provides Biotechnology solutions in Clarence, USA."
/organization/sunshine-heart,Sunshine Heart,"Sunshine Heart is a Biotechnology company located in Eden Prairie, USA. The firm has an estimated total funding of $13.1M.",Biotechnology,,USA,Eden Prairie,,http://sunshineheart.com,ipo,6,13142400.0,0,1,0,1,1,high,late,192.78,ipo,0,none,0,0,"sunshine heart biotechnology  sunshine heart is a biotechnology company located in eden prairie, usa. the firm has an estimated total funding of $13.1m. usa eden prairie","name: Sunshine Heart | industry: Biotechnology | sub_industry: N/A | hq_country: USA | hq_city: Eden Prairie | founded_year: N/A | status: ipo | funding_round_count: 6 | total_funding_usd: 13142400.0 | has_acquisition: 0 | has_ipo: 1 | outcome_label: ipo | is_yc: 0 | yc_batch: none | has_layoffs: 0 | total_layoffs: 0 | description: Sunshine Heart is a Biotechnology company located in Eden Prairie, USA. The firm has an estimated total funding of $13.1M."
/organization/document-security-systems,Document Security Systems,"Document Security Systems is a Security company located in Rochester, USA. The firm has an estimated total funding of $12.9M.",Security,,USA,Rochester,1984.0,http://www.documentsecurity.com,ipo,6,12862048.0,0,1,0,1,1,high,late,192.74,ipo,0,none,0,0,"document security systems security  document security systems is a security company located in rochester, usa. the firm has an estimated total funding of $12.9m. usa rochester","name: Document Security Systems | industry: Security | sub_industry: N/A | hq_country: USA | hq_city: Rochester | founded_year: 1984.0 | status: ipo | funding_round_count: 6 | total_funding_usd: 12862048.0 | has_acquisition: 0 | has_ipo: 1 | outcome_label: ipo | is_yc: 0 | yc_batch: none | has_layoffs: 0 | total_layoffs: 0 | description: Document Security Systems is a Security company located in Rochester, USA. The firm has an estimated total funding of $12.9M."
/organization/powerhouse-dynamics,Powerhouse Dynamics,"Founded in 2007, the Big Data Analytics startup Powerhouse Dynamics provides Clean Technology solutions in Newton, USA.",Big Data Analytics,Clean Technology,USA,Newton,2007.0,http://www.powerhousedynamics.com,operating,16,12366014.0,0,0,0,0,0,high,late,192.66,funded_growth,0,none,0,0,"powerhouse dynamics big data analytics clean technology founded in 2007, the big data analytics startup powerhouse dynamics provides clean technology solutions in newton, usa. usa newton","name: Powerhouse Dynamics | industry: Big Data Analytics | sub_industry: Clean Technology | hq_country: USA | hq_city: Newton | founded_year: 2007.0 | status: operating | funding_round_count: 16 | total_funding_usd: 12366014.0 | has_acquisition: 0 | has_ipo: 0 | outcome_label: funded_growth | is_yc: 0 | yc_batch: none | has_layoffs: 0 | total_layoffs: 0 | description: Founded in 2007, the Big Data Analytics startup Powerhouse Dynamics provides Clean Technology solutions in Newton, USA."
/organization/copytele,Copytele,"Copytele is a FinTech company located in Melville, USA. The firm has an estimated total funding of $11.8M.",Finance,FinTech,USA,Melville,,http://copytele.com,ipo,6,11765000.0,0,1,0,1,1,high,late,192.56,ipo,0,none,0,0,"copytele finance fintech copytele is a fintech company located in melville, usa. the firm has an estimated total funding of $11.8m. usa melville","name: Copytele | industry: Finance | sub_industry: FinTech | hq_country: USA | hq_city: Melville | founded_year: N/A | status: ipo | funding_round_count: 6 | total_funding_usd: 11765000.0 | has_acquisition: 0 | has_ipo: 1 | outcome_label: ipo | is_yc: 0 | yc_batch: none | has_layoffs: 0 | total_layoffs: 0 | description: Copytele is a FinTech company located in Melville, USA. The firm has an estimated total funding of $11.8M."
/organization/nqmobile,NQ Mobile Inc.,"NQ Mobile Inc. is a Apps company located in Dallas, USA. The firm has an estimated total funding of $10.0M.",Android,Apps,USA,Dallas,2005.0,http://cn.nq.com,ipo,6,10000000.0,0,1,0,1,1,high,late,192.24,ipo,0,none,0,0,"nq mobile inc. android apps nq mobile inc. is a apps company located in dallas, usa. the firm has an estimated total funding of $10.0m. usa dallas","name: NQ Mobile Inc. | industry: Android | sub_industry: Apps | hq_country: USA | hq_city: Dallas | founded_year: 2005.0 | status: ipo | funding_round_count: 6 | total_funding_usd: 10000000.0 | has_acquisition: 0 | has_ipo: 1 | outcome_label: ipo | is_yc: 0 | yc_batch: none | has_layoffs: 0 | total_layoffs: 0 | description: NQ Mobile Inc. is a Apps company located in Dallas, USA. The firm has an estimated total funding of $10.0M."
/organization/infochimps,Infochimps,"Founded in 2009, the Databases startup Infochimps provides Data Mining solutions in Austin, USA.",Databases,Data Mining,USA,Austin,2009.0,http://infochimps.com,acquired,11,5650000.0,1,0,1,0,1,medium,late,191.09,acquired,0,none,0,0,"infochimps databases data mining founded in 2009, the databases startup infochimps provides data mining solutions in austin, usa. usa austin","name: Infochimps | industry: Databases | sub_industry: Data Mining | hq_country: USA | hq_city: Austin | founded_year: 2009.0 | status: acquired | funding_round_count: 11 | total_funding_usd: 5650000.0 | has_acquisition: 1 | has_ipo: 0 | outcome_label: acquired | is_yc: 0 | yc_batch: none | has_layoffs: 0 | total_layoffs: 0 | description: Founded in 2009, the Databases startup Infochimps provides Data Mining solutions in Austin, USA."
/organization/cardax-pharma,Cardax Pharma,"Cardax Pharma is a Biotechnology company located in Honolulu, USA. The firm has an estimated total funding of $5.0M.",Biotechnology,,USA,Honolulu,2006.0,http://cardaxpharma.com,ipo,6,4973170.0,0,1,0,1,1,medium,late,190.84,ipo,0,none,0,0,"cardax pharma biotechnology  cardax pharma is a biotechnology company located in honolulu, usa. the firm has an estimated total funding of $5.0m. usa honolulu","name: Cardax Pharma | industry: Biotechnology | sub_industry: N/A | hq_country: USA | hq_city: Honolulu | founded_year: 2006.0 | status: ipo | funding_round_count: 6 | total_funding_usd: 4973170.0 | has_acquisition: 0 | has_ipo: 1 | outcome_label: ipo | is_yc: 0 | yc_batch: none | has_layoffs: 0 | total_layoffs: 0 | description: Cardax Pharma is a Biotechnology company located in Honolulu, USA. The firm has an estimated total funding of $5.0M."
/organization/mobivery,Mobivery,"Founded in 2008, the Apps startup Mobivery provides Mobile solutions in Madrid, ESP.",Apps,Mobile,ESP,Madrid,2008.0,http://www.mobivery.com,operating,16,4845320.0,0,0,0,0,0,medium,late,190.79,funded_growth,0,none,0,0,"mobivery apps mobile founded in 2008, the apps startup mobivery provides mobile solutions in madrid, esp. esp madrid","name: Mobivery | industry: Apps | sub_industry: Mobile | hq_country: ESP | hq_city: Madrid | founded_year: 2008.0 | status: operating | funding_round_count: 16 | total_funding_usd: 4845320.0 | has_acquisition: 0 | has_ipo: 0 | outcome_label: funded_growth | is_yc: 0 | yc_batch: none | has_layoffs: 0 | total_layoffs: 0 | description: Founded in 2008, the Apps startup Mobivery provides Mobile solutions in Madrid, ESP."
/organization/solopower,SoloPower,"Founded in 2005, the Clean Technology startup SoloPower provides Clean Technology solutions in San Jose, USA.",Clean Technology,,USA,San Jose,2005.0,http://www.solopower.com,acquired,10,458089999.0,1,0,1,0,1,mega,late,189.89,acquired,0,none,0,0,"solopower clean technology  founded in 2005, the clean technology startup solopower provides clean technology solutions in san jose, usa. usa san jose","name: SoloPower | industry: Clean Technology | sub_industry: N/A | hq_country: USA | hq_city: San Jose | founded_year: 2005.0 | status: acquired | funding_round_count: 10 | total_funding_usd: 458089999.0 | has_acquisition: 1 | has_ipo: 0 | outcome_label: acquired | is_yc: 0 | yc_batch: none | has_layoffs: 0 | total_layoffs: 0 | description: Founded in 2005, the Clean Technology startup SoloPower provides Clean Technology solutions in San Jose, USA."
/organization/jd-com,JD.com,"Headquartered in Beijing, CHN, JD.com operates as a key player in the Consumer Goods industry. Established in 2004, the company continues to grow. The startup has gone public (IPO).",Consumer Goods,E-Commerce,CHN,Beijing,2004.0,http://en.jd.com,ipo,5,446000000.0,0,1,0,1,1,mega,late,189.83,ipo,0,none,0,0,"jd.com consumer goods e-commerce headquartered in beijing, chn, jd.com operates as a key player in the consumer goods industry. established in 2004, the company continues to grow. the startup has gone public (ipo). chn beijing","name: JD.com | industry: Consumer Goods | sub_industry: E-Commerce | hq_country: CHN | hq_city: Beijing | founded_year: 2004.0 | status: ipo | funding_round_count: 5 | total_funding_usd: 446000000.0 | has_acquisition: 0 | has_ipo: 1 | outcome_label: ipo | is_yc: 0 | yc_batch: none | has_layoffs: 0 | total_layoffs: 0 | description: Headquartered in Beijing, CHN, JD.com operates as a key player in the Consumer Goods industry. Established in 2004, the company continues to grow. The startup has gone public (IPO)."
/organization/ehi-car-rental,eHi Car Rental,"Headquartered in Shanghai, CHN, eHi Car Rental operates as a key player in the E-Commerce industry. Established in 2006, the company continues to grow. The startup has gone public (IPO).",E-Commerce,,CHN,Shanghai,2006.0,http://www.1hai.cn,ipo,5,420000000.0,0,1,0,1,1,mega,late,189.71,ipo,0,none,0,0,"ehi car rental e-commerce  headquartered in shanghai, chn, ehi car rental operates as a key player in the e-commerce industry. established in 2006, the company continues to grow. the startup has gone public (ipo). chn shanghai","name: eHi Car Rental | industry: E-Commerce | sub_industry: N/A | hq_country: CHN | hq_city: Shanghai | founded_year: 2006.0 | status: ipo | funding_round_count: 5 | total_funding_usd: 420000000.0 | has_acquisition: 0 | has_ipo: 1 | outcome_label: ipo | is_yc: 0 | yc_batch: none | has_layoffs: 0 | total_layoffs: 0 | description: Headquartered in Shanghai, CHN, eHi Car Rental operates as a key player in the E-Commerce industry. Established in 2006, the company continues to grow. The startup has gone public (IPO)."
/organization/21vianet,21viaNet,"Founded in 2009, the Software startup 21viaNet provides Web Hosting solutions in Beijing, CHN.",Software,Web Hosting,CHN,Beijing,2009.0,http://www.ch.21vianet.com,ipo,5,396000000.0,0,1,0,1,1,mega,late,189.59,ipo,0,none,0,0,"21vianet software web hosting founded in 2009, the software startup 21vianet provides web hosting solutions in beijing, chn. chn beijing","name: 21viaNet | industry: Software | sub_industry: Web Hosting | hq_country: CHN | hq_city: Beijing | founded_year: 2009.0 | status: ipo | funding_round_count: 5 | total_funding_usd: 396000000.0 | has_acquisition: 0 | has_ipo: 1 | outcome_label: ipo | is_yc: 0 | yc_batch: none | has_layoffs: 0 | total_layoffs: 0 | description: Founded in 2009, the Software startup 21viaNet provides Web Hosting solutions in Beijing, CHN."
/organization/bridgelux,BridgeLux,"Based out of Sunnyvale, USA, BridgeLux is focused on Manufacturing. To date, they have raised $344.8M.",Manufacturing,,USA,Sunnyvale,2002.0,http://www.bridgelux.com,acquired,10,344789135.0,1,0,1,0,1,mega,late,189.32,acquired,0,none,0,0,"bridgelux manufacturing  based out of sunnyvale, usa, bridgelux is focused on manufacturing. to date, they have raised $344.8m. usa sunnyvale","name: BridgeLux | industry: Manufacturing | sub_industry: N/A | hq_country: USA | hq_city: Sunnyvale | founded_year: 2002.0 | status: acquired | funding_round_count: 10 | total_funding_usd: 344789135.0 | has_acquisition: 1 | has_ipo: 0 | outcome_label: acquired | is_yc: 0 | yc_batch: none | has_layoffs: 0 | total_layoffs: 0 | description: Based out of Sunnyvale, USA, BridgeLux is focused on Manufacturing. To date, they have raised $344.8M."
/organization/palo-alto-networks,Palo Alto Networks,"Based out of Santa Clara, USA, Palo Alto Networks is focused on Communications Hardware. To date, they have raised $329.0M.",Communications Hardware,Computers,USA,Santa Clara,2005.0,http://www.paloaltonetworks.com,ipo,5,329000000.0,0,1,0,1,1,mega,late,189.22,ipo,0,none,0,0,"palo alto networks communications hardware computers based out of santa clara, usa, palo alto networks is focused on communications hardware. to date, they have raised $329.0m. usa santa clara","name: Palo Alto Networks | industry: Communications Hardware | sub_industry: Computers | hq_country: USA | hq_city: Santa Clara | founded_year: 2005.0 | status: ipo | funding_round_count: 5 | total_funding_usd: 329000000.0 | has_acquisition: 0 | has_ipo: 1 | outcome_label: ipo | is_yc: 0 | yc_batch: none | has_layoffs: 0 | total_layoffs: 0 | description: Based out of Santa Clara, USA, Palo Alto Networks is focused on Communications Hardware. To date, they have raised $329.0M."
/organization/kankan,Xunlei,"Founded in 2003, Xunlei is disrupting the Web Tools sector in Shenzhen, CHN. They have secured $326.0M across 5 funding rounds.",Software,Web Tools,CHN,Shenzhen,2003.0,http://www.kankan.com,ipo,5,326000000.0,0,1,0,1,1,mega,late,189.2,ipo,0,none,0,0,"xunlei software web tools founded in 2003, xunlei is disrupting the web tools sector in shenzhen, chn. they have secured $326.0m across 5 funding rounds. chn shenzhen","name: Xunlei | industry: Software | sub_industry: Web Tools | hq_country: CHN | hq_city: Shenzhen | founded_year: 2003.0 | status: ipo | funding_round_count: 5 | total_funding_usd: 326000000.0 | has_acquisition: 0 | has_ipo: 1 | outcome_label: ipo | is_yc: 0 | yc_batch: none | has_layoffs: 0 | total_layoffs: 0 | description: Founded in 2003, Xunlei is disrupting the Web Tools sector in Shenzhen, CHN. They have secured $326.0M across 5 funding rounds."
/organization/kior,Kior,"Kior is a Oil company located in Pasadena, USA. The firm has an estimated total funding of $299.3M.",Clean Technology,Oil,USA,Pasadena,2007.0,http://www.kior.com,ipo,5,299320000.0,0,1,0,1,1,mega,late,189.03,ipo,0,none,0,0,"kior clean technology oil kior is a oil company located in pasadena, usa. the firm has an estimated total funding of $299.3m. usa pasadena","name: Kior | industry: Clean Technology | sub_industry: Oil | hq_country: USA | hq_city: Pasadena | founded_year: 2007.0 | status: ipo | funding_round_count: 5 | total_funding_usd: 299320000.0 | has_acquisition: 0 | has_ipo: 1 | outcome_label: ipo | is_yc: 0 | yc_batch: none | has_layoffs: 0 | total_layoffs: 0 | description: Kior is a Oil company located in Pasadena, USA. The firm has an estimated total funding of $299.3M."
/organization/ophthotech,Ophthotech,"Ophthotech is a Health Care company located in Princeton, USA. The firm has an estimated total funding of $282.7M.",Biotechnology,Health Care,USA,Princeton,2007.0,http://www.ophthotech.com,ipo,5,282700000.0,0,1,0,1,1,mega,late,188.92,ipo,0,none,0,0,"ophthotech biotechnology health care ophthotech is a health care company located in princeton, usa. the firm has an estimated total funding of $282.7m. usa princeton","name: Ophthotech | industry: Biotechnology | sub_industry: Health Care | hq_country: USA | hq_city: Princeton | founded_year: 2007.0 | status: ipo | funding_round_count: 5 | total_funding_usd: 282700000.0 | has_acquisition: 0 | has_ipo: 1 | outcome_label: ipo | is_yc: 0 | yc_batch: none | has_layoffs: 0 | total_layoffs: 0 | description: Ophthotech is a Health Care company located in Princeton, USA. The firm has an estimated total funding of $282.7M."
/organization/pacific-biosciences,Pacific Biosciences,"Pacific Biosciences is a Biotechnology company located in Menlo Park, USA. The firm has an estimated total funding of $255.2M.",Biotechnology,,USA,Menlo Park,2004.0,http://www.pacificbiosciences.com,ipo,5,255220000.0,0,1,0,1,1,mega,late,188.72,ipo,0,none,0,0,"pacific biosciences biotechnology  pacific biosciences is a biotechnology company located in menlo park, usa. the firm has an estimated total funding of $255.2m. usa menlo park","name: Pacific Biosciences | industry: Biotechnology | sub_industry: N/A | hq_country: USA | hq_city: Menlo Park | founded_year: 2004.0 | status: ipo | funding_round_count: 5 | total_funding_usd: 255220000.0 | has_acquisition: 0 | has_ipo: 1 | outcome_label: ipo | is_yc: 0 | yc_batch: none | has_layoffs: 0 | total_layoffs: 0 | description: Pacific Biosciences is a Biotechnology company located in Menlo Park, USA. The firm has an estimated total funding of $255.2M."
/organization/aerie-pharmaceuticals,Aerie Pharmaceuticals,"Aerie Pharmaceuticals is a Biotechnology company located in Bedminster, USA. The firm has an estimated total funding of $253.6M.",Biotechnology,,USA,Bedminster,2005.0,http://www.aeriepharma.com,ipo,5,253614965.0,0,1,0,1,1,mega,late,188.7,ipo,0,none,0,0,"aerie pharmaceuticals biotechnology  aerie pharmaceuticals is a biotechnology company located in bedminster, usa. the firm has an estimated total funding of $253.6m. usa bedminster","name: Aerie Pharmaceuticals | industry: Biotechnology | sub_industry: N/A | hq_country: USA | hq_city: Bedminster | founded_year: 2005.0 | status: ipo | funding_round_count: 5 | total_funding_usd: 253614965.0 | has_acquisition: 0 | has_ipo: 1 | outcome_label: ipo | is_yc: 0 | yc_batch: none | has_layoffs: 0 | total_layoffs: 0 | description: Aerie Pharmaceuticals is a Biotechnology company located in Bedminster, USA. The firm has an estimated total funding of $253.6M."
/organization/portola-pharmaceuticals,Portola Pharmaceuticals,"Founded in 2003, Portola Pharmaceuticals is transforming the Biotechnology sector in South San Francisco, USA. They have secured $249.1M across 5 funding rounds.",Biotechnology,,USA,South San Francisco,2003.0,http://www.portola.com,ipo,5,249099998.0,0,1,0,1,1,mega,late,188.67,ipo,0,none,0,0,"portola pharmaceuticals biotechnology  founded in 2003, portola pharmaceuticals is transforming the biotechnology sector in south san francisco, usa. they have secured $249.1m across 5 funding rounds. usa south san francisco","name: Portola Pharmaceuticals | industry: Biotechnology | sub_industry: N/A | hq_country: USA | hq_city: South San Francisco | founded_year: 2003.0 | status: ipo | funding_round_count: 5 | total_funding_usd: 249099998.0 | has_acquisition: 0 | has_ipo: 1 | outcome_label: ipo | is_yc: 0 | yc_batch: none | has_layoffs: 0 | total_layoffs: 0 | description: Founded in 2003, Portola Pharmaceuticals is transforming the Biotechnology sector in South San Francisco, USA. They have secured $249.1M across 5 funding rounds."
/organization/hortonworks,Hortonworks,"Founded in 2011, Hortonworks is innovating the Enterprise Software sector in Santa Clara, USA. They have secured $248.0M across 5 funding rounds.",Big Data,Enterprise Software,USA,Santa Clara,2011.0,http://www.hortonworks.com,ipo,5,248000000.0,0,1,0,1,1,mega,late,188.66,ipo,0,none,0,0,"hortonworks big data enterprise software founded in 2011, hortonworks is innovating the enterprise software sector in santa clara, usa. they have secured $248.0m across 5 funding rounds. usa santa clara","name: Hortonworks | industry: Big Data | sub_industry: Enterprise Software | hq_country: USA | hq_city: Santa Clara | founded_year: 2011.0 | status: ipo | funding_round_count: 5 | total_funding_usd: 248000000.0 | has_acquisition: 0 | has_ipo: 1 | outcome_label: ipo | is_yc: 0 | yc_batch: none | has_layoffs: 0 | total_layoffs: 0 | description: Founded in 2011, Hortonworks is innovating the Enterprise Software sector in Santa Clara, USA. They have secured $248.0M across 5 funding rounds."
/organization/cardiomems,CardioMEMS,"Founded in 2001, the Health Care startup CardioMEMS provides Medical Devices solutions in Atlanta, USA.",Health Care,Medical Devices,USA,Atlanta,2001.0,http://www.cardiomems.com,acquired,10,232601872.0,2,0,1,0,1,mega,late,188.53,acquired,0,none,0,0,"cardiomems health care medical devices founded in 2001, the health care startup cardiomems provides medical devices solutions in atlanta, usa. usa atlanta","name: CardioMEMS | industry: Health Care | sub_industry: Medical Devices | hq_country: USA | hq_city: Atlanta | founded_year: 2001.0 | status: acquired | funding_round_count: 10 | total_funding_usd: 232601872.0 | has_acquisition: 1 | has_ipo: 0 | outcome_label: acquired | is_yc: 0 | yc_batch: none | has_layoffs: 0 | total_layoffs: 0 | description: Founded in 2001, the Health Care startup CardioMEMS provides Medical Devices solutions in Atlanta, USA."
/organization/dicerna-pharmaceuticals,Dicerna Pharmaceuticals,"Founded in 2007, Dicerna Pharmaceuticals is disrupting the Health Care sector in Watertown, USA. They have secured $225.5M across 5 funding rounds.",Biotechnology,Health Care,USA,Watertown,2007.0,http://www.dicerna.com,ipo,5,225450628.0,0,1,0,1,1,mega,late,188.47,ipo,0,none,0,0,"dicerna pharmaceuticals biotechnology health care founded in 2007, dicerna pharmaceuticals is disrupting the health care sector in watertown, usa. they have secured $225.5m across 5 funding rounds. usa watertown","name: Dicerna Pharmaceuticals | industry: Biotechnology | sub_industry: Health Care | hq_country: USA | hq_city: Watertown | founded_year: 2007.0 | status: ipo | funding_round_count: 5 | total_funding_usd: 225450628.0 | has_acquisition: 0 | has_ipo: 1 | outcome_label: ipo | is_yc: 0 | yc_batch: none | has_layoffs: 0 | total_layoffs: 0 | description: Founded in 2007, Dicerna Pharmaceuticals is disrupting the Health Care sector in Watertown, USA. They have secured $225.5M across 5 funding rounds."
/organization/activenetwork,ACTIVE Network,"ACTIVE Network is a Software company located in Dallas, USA. The firm has an estimated total funding of $214.2M.",Software,,USA,Dallas,1999.0,http://www.activenetwork.com,acquired,10,214208700.0,1,0,1,0,1,mega,late,188.36,acquired,0,none,0,0,"active network software  active network is a software company located in dallas, usa. the firm has an estimated total funding of $214.2m. usa dallas","name: ACTIVE Network | industry: Software | sub_industry: N/A | hq_country: USA | hq_city: Dallas | founded_year: 1999.0 | status: acquired | funding_round_count: 10 | total_funding_usd: 214208700.0 | has_acquisition: 1 | has_ipo: 0 | outcome_label: acquired | is_yc: 0 | yc_batch: none | has_layoffs: 0 | total_layoffs: 0 | description: ACTIVE Network is a Software company located in Dallas, USA. The firm has an estimated total funding of $214.2M."
/organization/invitae-corporation,Invitae,"Invitae is a Biotechnology company located in San Francisco, USA. The firm has an estimated total funding of $195.5M.",Biotechnology,,USA,San Francisco,2012.0,http://invitae.com,ipo,5,195502111.0,0,1,0,1,1,mega,late,188.18,ipo,0,none,1,1000,"invitae biotechnology  invitae is a biotechnology company located in san francisco, usa. the firm has an estimated total funding of $195.5m. usa san francisco","name: Invitae | industry: Biotechnology | sub_industry: N/A | hq_country: USA | hq_city: San Francisco | founded_year: 2012.0 | status: ipo | funding_round_count: 5 | total_funding_usd: 195502111.0 | has_acquisition: 0 | has_ipo: 1 | outcome_label: ipo | is_yc: 0 | yc_batch: none | has_layoffs: 1 | total_layoffs: 1000 | description: Invitae is a Biotechnology company located in San Francisco, USA. The firm has an estimated total funding of $195.5M."
/organization/castlight-health,Castlight Health,"Headquartered in San Francisco, USA, Castlight Health operates as a key player in the Health and Wellness industry. Established in 2008, the company continues to grow. The startup has gone public (IPO).",Health and Wellness,Technology,USA,San Francisco,2008.0,http://www.castlighthealth.com,ipo,5,180999999.0,0,1,0,1,1,mega,late,188.03,ipo,0,none,0,0,"castlight health health and wellness technology headquartered in san francisco, usa, castlight health operates as a key player in the health and wellness industry. established in 2008, the company continues to grow. the startup has gone public (ipo). usa san francisco","name: Castlight Health | industry: Health and Wellness | sub_industry: Technology | hq_country: USA | hq_city: San Francisco | founded_year: 2008.0 | status: ipo | funding_round_count: 5 | total_funding_usd: 180999999.0 | has_acquisition: 0 | has_ipo: 1 | outcome_label: ipo | is_yc: 0 | yc_batch: none | has_layoffs: 0 | total_layoffs: 0 | description: Headquartered in San Francisco, USA, Castlight Health operates as a key player in the Health and Wellness industry. Established in 2008, the company continues to grow. The startup has gone public (IPO)."
/organization/utstarcom,UTStarcom,"Headquartered in Beijing, CHN, UTStarcom operates as a key player in the Curated Web industry. Established in 2010, the company continues to grow. The startup has gone public (IPO).",Curated Web,Internet,CHN,Beijing,2010.0,http://www.utstar.com,ipo,5,180500000.0,0,1,0,1,1,mega,late,188.02,ipo,0,none,0,0,"utstarcom curated web internet headquartered in beijing, chn, utstarcom operates as a key player in the curated web industry. established in 2010, the company continues to grow. the startup has gone public (ipo). chn beijing","name: UTStarcom | industry: Curated Web | sub_industry: Internet | hq_country: CHN | hq_city: Beijing | founded_year: 2010.0 | status: ipo | funding_round_count: 5 | total_funding_usd: 180500000.0 | has_acquisition: 0 | has_ipo: 1 | outcome_label: ipo | is_yc: 0 | yc_batch: none | has_layoffs: 0 | total_layoffs: 0 | description: Headquartered in Beijing, CHN, UTStarcom operates as a key player in the Curated Web industry. Established in 2010, the company continues to grow. The startup has gone public (IPO)."
/organization/lifelock,LifeLock,"Based out of Tempe, USA, LifeLock is focused on Security. To date, they have raised $177.8M.",Security,Technology,USA,Tempe,2005.0,http://www.lifelock.com,ipo,5,177850000.0,0,1,0,1,1,mega,late,187.99,ipo,0,none,0,0,"lifelock security technology based out of tempe, usa, lifelock is focused on security. to date, they have raised $177.8m. usa tempe","name: LifeLock | industry: Security | sub_industry: Technology | hq_country: USA | hq_city: Tempe | founded_year: 2005.0 | status: ipo | funding_round_count: 5 | total_funding_usd: 177850000.0 | has_acquisition: 0 | has_ipo: 1 | outcome_label: ipo | is_yc: 0 | yc_batch: none | has_layoffs: 0 | total_layoffs: 0 | description: Based out of Tempe, USA, LifeLock is focused on Security. To date, they have raised $177.8M."
/organization/regado-biosciences,Regado Biosciences,"Founded in 2001, Regado Biosciences is innovating the Health Care sector in Durham, USA. They have secured $177.0M across 5 funding rounds.",Biotechnology,Health Care,USA,Durham,2001.0,http://www.regadobiosciences.com,ipo,5,177000000.0,0,1,0,1,1,mega,late,187.98,ipo,0,none,0,0,"regado biosciences biotechnology health care founded in 2001, regado biosciences is innovating the health care sector in durham, usa. they have secured $177.0m across 5 funding rounds. usa durham","name: Regado Biosciences | industry: Biotechnology | sub_industry: Health Care | hq_country: USA | hq_city: Durham | founded_year: 2001.0 | status: ipo | funding_round_count: 5 | total_funding_usd: 177000000.0 | has_acquisition: 0 | has_ipo: 1 | outcome_label: ipo | is_yc: 0 | yc_batch: none | has_layoffs: 0 | total_layoffs: 0 | description: Founded in 2001, Regado Biosciences is innovating the Health Care sector in Durham, USA. They have secured $177.0M across 5 funding rounds."
/organization/trevena,Trevena,"Based out of King Of Prussia, USA, Trevena is focused on Biotechnology. To date, they have raised $174.0M.",Biotechnology,,USA,King Of Prussia,2007.0,http://www.trevenainc.com,ipo,5,174000000.0,0,1,0,1,1,mega,late,187.95,ipo,0,none,0,0,"trevena biotechnology  based out of king of prussia, usa, trevena is focused on biotechnology. to date, they have raised $174.0m. usa king of prussia","name: Trevena | industry: Biotechnology | sub_industry: N/A | hq_country: USA | hq_city: King Of Prussia | founded_year: 2007.0 | status: ipo | funding_round_count: 5 | total_funding_usd: 174000000.0 | has_acquisition: 0 | has_ipo: 1 | outcome_label: ipo | is_yc: 0 | yc_batch: none | has_layoffs: 0 | total_layoffs: 0 | description: Based out of King Of Prussia, USA, Trevena is focused on Biotechnology. To date, they have raised $174.0M."
/organization/agenus,Agenus,"Based out of Lexington, USA, Agenus is focused on Biotechnology. To date, they have raised $171.1M.",Biotechnology,,USA,Lexington,1994.0,http://agenusbio.com,ipo,5,171140000.0,0,1,0,1,1,mega,late,187.92,ipo,0,none,0,0,"agenus biotechnology  based out of lexington, usa, agenus is focused on biotechnology. to date, they have raised $171.1m. usa lexington","name: Agenus | industry: Biotechnology | sub_industry: N/A | hq_country: USA | hq_city: Lexington | founded_year: 1994.0 | status: ipo | funding_round_count: 5 | total_funding_usd: 171140000.0 | has_acquisition: 0 | has_ipo: 1 | outcome_label: ipo | is_yc: 0 | yc_batch: none | has_layoffs: 0 | total_layoffs: 0 | description: Based out of Lexington, USA, Agenus is focused on Biotechnology. To date, they have raised $171.1M."
/organization/n-trig,N-Trig,"Founded in 1999, the Embedded Hardware and Software startup N-Trig provides Hardware + Software solutions in Kfar Saba, ISR.",Embedded Hardware and Software,Hardware + Software,ISR,Kfar Saba,1999.0,http://www.n-trig.com,acquired,10,159968498.0,1,0,1,0,1,mega,late,187.78,acquired,0,none,0,0,"n-trig embedded hardware and software hardware + software founded in 1999, the embedded hardware and software startup n-trig provides hardware + software solutions in kfar saba, isr. isr kfar saba","name: N-Trig | industry: Embedded Hardware and Software | sub_industry: Hardware + Software | hq_country: ISR | hq_city: Kfar Saba | founded_year: 1999.0 | status: acquired | funding_round_count: 10 | total_funding_usd: 159968498.0 | has_acquisition: 1 | has_ipo: 0 | outcome_label: acquired | is_yc: 0 | yc_batch: none | has_layoffs: 0 | total_layoffs: 0 | description: Founded in 1999, the Embedded Hardware and Software startup N-Trig provides Hardware + Software solutions in Kfar Saba, ISR."
/organization/revance-therapeutics,Revance Therapeutics,"Founded in 2002, Revance Therapeutics is pioneering the Health Care sector in Newark, USA. They have secured $156.8M across 5 funding rounds.",Biotechnology,Health Care,USA,Newark,2002.0,http://www.revance.com,ipo,5,156820000.0,0,1,0,1,1,mega,late,187.74,ipo,0,none,0,0,"revance therapeutics biotechnology health care founded in 2002, revance therapeutics is pioneering the health care sector in newark, usa. they have secured $156.8m across 5 funding rounds. usa newark","name: Revance Therapeutics | industry: Biotechnology | sub_industry: Health Care | hq_country: USA | hq_city: Newark | founded_year: 2002.0 | status: ipo | funding_round_count: 5 | total_funding_usd: 156820000.0 | has_acquisition: 0 | has_ipo: 1 | outcome_label: ipo | is_yc: 0 | yc_batch: none | has_layoffs: 0 | total_layoffs: 0 | description: Founded in 2002, Revance Therapeutics is pioneering the Health Care sector in Newark, USA. They have secured $156.8M across 5 funding rounds."
/organization/synta-pharmaceuticals,Synta Pharmaceuticals,"Based out of Lexington, USA, Synta Pharmaceuticals is focused on Biotechnology. To date, they have raised $155.3M.",Biotechnology,Health Care,USA,Lexington,2000.0,http://www.syntapharma.com,ipo,5,155350000.0,0,1,0,1,1,mega,late,187.72,ipo,0,none,0,0,"synta pharmaceuticals biotechnology health care based out of lexington, usa, synta pharmaceuticals is focused on biotechnology. to date, they have raised $155.3m. usa lexington","name: Synta Pharmaceuticals | industry: Biotechnology | sub_industry: Health Care | hq_country: USA | hq_city: Lexington | founded_year: 2000.0 | status: ipo | funding_round_count: 5 | total_funding_usd: 155350000.0 | has_acquisition: 0 | has_ipo: 1 | outcome_label: ipo | is_yc: 0 | yc_batch: none | has_layoffs: 0 | total_layoffs: 0 | description: Based out of Lexington, USA, Synta Pharmaceuticals is focused on Biotechnology. To date, they have raised $155.3M."
/organization/supersonic-imagine,SuperSonic Imagine,"SuperSonic Imagine is a Health Care company located in Aix-en-provence, FRA. The firm has an estimated total funding of $139.8M.",Biotechnology,Health Care,FRA,Aix-en-provence,2005.0,http://www.supersonicimagine.fr,ipo,5,139847578.0,0,1,0,1,1,mega,late,187.51,ipo,0,none,0,0,"supersonic imagine biotechnology health care supersonic imagine is a health care company located in aix-en-provence, fra. the firm has an estimated total funding of $139.8m. fra aix-en-provence","name: SuperSonic Imagine | industry: Biotechnology | sub_industry: Health Care | hq_country: FRA | hq_city: Aix-en-provence | founded_year: 2005.0 | status: ipo | funding_round_count: 5 | total_funding_usd: 139847578.0 | has_acquisition: 0 | has_ipo: 1 | outcome_label: ipo | is_yc: 0 | yc_batch: none | has_layoffs: 0 | total_layoffs: 0 | description: SuperSonic Imagine is a Health Care company located in Aix-en-provence, FRA. The firm has an estimated total funding of $139.8M."
/organization/cerenis-therapeutics,Cerenis Therapeutics,the Biotechnology startup Cerenis Therapeutics provides Biotechnology solutions.,Biotechnology,,,,,http://www.cerenis.com,ipo,5,137757341.803352,0,1,0,1,1,mega,late,187.48,ipo,0,none,0,0,cerenis therapeutics biotechnology  the biotechnology startup cerenis therapeutics provides biotechnology solutions.  ,name: Cerenis Therapeutics | industry: Biotechnology | sub_industry: N/A | hq_country: N/A | hq_city: N/A | founded_year: N/A | status: ipo | funding_round_count: 5 | total_funding_usd: 137757341.803352 | has_acquisition: 0 | has_ipo: 1 | outcome_label: ipo | is_yc: 0 | yc_batch: none | has_layoffs: 0 | total_layoffs: 0 | description: the Biotechnology startup Cerenis Therapeutics provides Biotechnology solutions.
/organization/innate-pharma,Innate Pharma,"Based out of Marseille, FRA, Innate Pharma is focused on Biotechnology. To date, they have raised $134.4M.",Biotechnology,,FRA,Marseille,,http://innate-pharma.com,ipo,5,134407592.0,0,1,0,1,1,mega,late,187.43,ipo,0,none,0,0,"innate pharma biotechnology  based out of marseille, fra, innate pharma is focused on biotechnology. to date, they have raised $134.4m. fra marseille","name: Innate Pharma | industry: Biotechnology | sub_industry: N/A | hq_country: FRA | hq_city: Marseille | founded_year: N/A | status: ipo | funding_round_count: 5 | total_funding_usd: 134407592.0 | has_acquisition: 0 | has_ipo: 1 | outcome_label: ipo | is_yc: 0 | yc_batch: none | has_layoffs: 0 | total_layoffs: 0 | description: Based out of Marseille, FRA, Innate Pharma is focused on Biotechnology. To date, they have raised $134.4M."
/organization/cytomx-therapeutics,CytomX Therapeutics,"Founded in 2008, CytomX Therapeutics is transforming the Biotechnology sector in Santa Barbara, USA. They have secured $133.5M across 5 funding rounds.",Biotechnology,,USA,Santa Barbara,2008.0,http://www.cytomx.com,ipo,5,133500000.0,0,1,0,1,1,mega,late,187.42,ipo,0,none,0,0,"cytomx therapeutics biotechnology  founded in 2008, cytomx therapeutics is transforming the biotechnology sector in santa barbara, usa. they have secured $133.5m across 5 funding rounds. usa santa barbara","name: CytomX Therapeutics | industry: Biotechnology | sub_industry: N/A | hq_country: USA | hq_city: Santa Barbara | founded_year: 2008.0 | status: ipo | funding_round_count: 5 | total_funding_usd: 133500000.0 | has_acquisition: 0 | has_ipo: 1 | outcome_label: ipo | is_yc: 0 | yc_batch: none | has_layoffs: 0 | total_layoffs: 0 | description: Founded in 2008, CytomX Therapeutics is transforming the Biotechnology sector in Santa Barbara, USA. They have secured $133.5M across 5 funding rounds."
/organization/glu-mobile,Glu Mobile,"Founded in 2001, the Freemium startup Glu Mobile provides Games solutions in San Francisco, USA.",Freemium,Games,USA,San Francisco,2001.0,http://www.glu.com,ipo,5,133121250.0,0,1,0,1,1,mega,late,187.41,ipo,0,none,0,0,"glu mobile freemium games founded in 2001, the freemium startup glu mobile provides games solutions in san francisco, usa. usa san francisco","name: Glu Mobile | industry: Freemium | sub_industry: Games | hq_country: USA | hq_city: San Francisco | founded_year: 2001.0 | status: ipo | funding_round_count: 5 | total_funding_usd: 133121250.0 | has_acquisition: 0 | has_ipo: 1 | outcome_label: ipo | is_yc: 0 | yc_batch: none | has_layoffs: 0 | total_layoffs: 0 | description: Founded in 2001, the Freemium startup Glu Mobile provides Games solutions in San Francisco, USA."
/organization/bazaarvoice,Bazaarvoice,"Founded in 2005, Bazaarvoice is pioneering the E-Commerce sector in Austin, USA. They have secured $130.6M across 5 funding rounds.",Content,E-Commerce,USA,Austin,2005.0,http://www.bazaarvoice.com,ipo,5,130552663.0,0,1,0,1,1,mega,late,187.37,ipo,0,none,0,0,"bazaarvoice content e-commerce founded in 2005, bazaarvoice is pioneering the e-commerce sector in austin, usa. they have secured $130.6m across 5 funding rounds. usa austin","name: Bazaarvoice | industry: Content | sub_industry: E-Commerce | hq_country: USA | hq_city: Austin | founded_year: 2005.0 | status: ipo | funding_round_count: 5 | total_funding_usd: 130552663.0 | has_acquisition: 0 | has_ipo: 1 | outcome_label: ipo | is_yc: 0 | yc_batch: none | has_layoffs: 0 | total_layoffs: 0 | description: Founded in 2005, Bazaarvoice is pioneering the E-Commerce sector in Austin, USA. They have secured $130.6M across 5 funding rounds."
/organization/proteon-therapeutics,Proteon Therapeutics,"Headquartered in Waltham, USA, Proteon Therapeutics operates as a key player in the Biotechnology industry. Established in 2001, the company continues to grow. The startup has gone public (IPO).",Biotechnology,,USA,Waltham,2001.0,http://www.proteontherapeutics.com,ipo,5,126538660.0,0,1,0,1,1,mega,late,187.31,ipo,0,none,0,0,"proteon therapeutics biotechnology  headquartered in waltham, usa, proteon therapeutics operates as a key player in the biotechnology industry. established in 2001, the company continues to grow. the startup has gone public (ipo). usa waltham","name: Proteon Therapeutics | industry: Biotechnology | sub_industry: N/A | hq_country: USA | hq_city: Waltham | founded_year: 2001.0 | status: ipo | funding_round_count: 5 | total_funding_usd: 126538660.0 | has_acquisition: 0 | has_ipo: 1 | outcome_label: ipo | is_yc: 0 | yc_batch: none | has_layoffs: 0 | total_layoffs: 0 | description: Headquartered in Waltham, USA, Proteon Therapeutics operates as a key player in the Biotechnology industry. Established in 2001, the company continues to grow. The startup has gone public (IPO)."
/organization/avinger,Avinger,"Founded in 2007, Avinger is innovating the Health Care sector in Redwood City, USA. They have secured $125.8M across 5 funding rounds.",Health Care,,USA,Redwood City,2007.0,http://www.avinger.com,ipo,5,125796572.0,0,1,0,1,1,mega,late,187.3,ipo,0,none,0,0,"avinger health care  founded in 2007, avinger is innovating the health care sector in redwood city, usa. they have secured $125.8m across 5 funding rounds. usa redwood city","name: Avinger | industry: Health Care | sub_industry: N/A | hq_country: USA | hq_city: Redwood City | founded_year: 2007.0 | status: ipo | funding_round_count: 5 | total_funding_usd: 125796572.0 | has_acquisition: 0 | has_ipo: 1 | outcome_label: ipo | is_yc: 0 | yc_batch: none | has_layoffs: 0 | total_layoffs: 0 | description: Founded in 2007, Avinger is innovating the Health Care sector in Redwood City, USA. They have secured $125.8M across 5 funding rounds."
/organization/hansen-medical,Hansen Medical,"Based out of Mountain View, USA, Hansen Medical is focused on Health Care. To date, they have raised $116.0M.",Health Care,,USA,Mountain View,2002.0,http://www.hansenmedical.com,ipo,5,115971247.0,0,1,0,1,1,mega,late,187.14,ipo,0,none,0,0,"hansen medical health care  based out of mountain view, usa, hansen medical is focused on health care. to date, they have raised $116.0m. usa mountain view","name: Hansen Medical | industry: Health Care | sub_industry: N/A | hq_country: USA | hq_city: Mountain View | founded_year: 2002.0 | status: ipo | funding_round_count: 5 | total_funding_usd: 115971247.0 | has_acquisition: 0 | has_ipo: 1 | outcome_label: ipo | is_yc: 0 | yc_batch: none | has_layoffs: 0 | total_layoffs: 0 | description: Based out of Mountain View, USA, Hansen Medical is focused on Health Care. To date, they have raised $116.0M."
/organization/alexza-pharmaceuticals,Alexza Pharmaceuticals,"Alexza Pharmaceuticals is a Health Care company located in Mountain View, USA. The firm has an estimated total funding of $113.7M.",Biotechnology,Health Care,USA,Mountain View,,http://www.alexza.com,ipo,5,113730309.0,0,1,0,1,1,mega,late,187.1,ipo,0,none,0,0,"alexza pharmaceuticals biotechnology health care alexza pharmaceuticals is a health care company located in mountain view, usa. the firm has an estimated total funding of $113.7m. usa mountain view","name: Alexza Pharmaceuticals | industry: Biotechnology | sub_industry: Health Care | hq_country: USA | hq_city: Mountain View | founded_year: N/A | status: ipo | funding_round_count: 5 | total_funding_usd: 113730309.0 | has_acquisition: 0 | has_ipo: 1 | outcome_label: ipo | is_yc: 0 | yc_batch: none | has_layoffs: 0 | total_layoffs: 0 | description: Alexza Pharmaceuticals is a Health Care company located in Mountain View, USA. The firm has an estimated total funding of $113.7M."
/organization/northwest-biotherapeutics,Northwest Biotherapeutics,"Northwest Biotherapeutics is a Biotechnology company located in Bethesda, USA. The firm has an estimated total funding of $113.9M.",Biotechnology,,USA,Bethesda,1998.0,http://nwbio.com,ipo,5,113895000.0,0,1,0,1,1,mega,late,187.1,ipo,0,none,0,0,"northwest biotherapeutics biotechnology  northwest biotherapeutics is a biotechnology company located in bethesda, usa. the firm has an estimated total funding of $113.9m. usa bethesda","name: Northwest Biotherapeutics | industry: Biotechnology | sub_industry: N/A | hq_country: USA | hq_city: Bethesda | founded_year: 1998.0 | status: ipo | funding_round_count: 5 | total_funding_usd: 113895000.0 | has_acquisition: 0 | has_ipo: 1 | outcome_label: ipo | is_yc: 0 | yc_batch: none | has_layoffs: 0 | total_layoffs: 0 | description: Northwest Biotherapeutics is a Biotechnology company located in Bethesda, USA. The firm has an estimated total funding of $113.9M."
/organization/cempra,Cempra,"Headquartered in Chapel Hill, USA, Cempra operates as a key player in the Biotechnology industry. Established in 2006, the company continues to grow. The startup has gone public (IPO).",Biotechnology,Health Care,USA,Chapel Hill,2006.0,http://www.cempra.com,ipo,5,108119996.0,0,1,0,1,1,mega,late,187.0,ipo,0,none,0,0,"cempra biotechnology health care headquartered in chapel hill, usa, cempra operates as a key player in the biotechnology industry. established in 2006, the company continues to grow. the startup has gone public (ipo). usa chapel hill","name: Cempra | industry: Biotechnology | sub_industry: Health Care | hq_country: USA | hq_city: Chapel Hill | founded_year: 2006.0 | status: ipo | funding_round_count: 5 | total_funding_usd: 108119996.0 | has_acquisition: 0 | has_ipo: 1 | outcome_label: ipo | is_yc: 0 | yc_batch: none | has_layoffs: 0 | total_layoffs: 0 | description: Headquartered in Chapel Hill, USA, Cempra operates as a key player in the Biotechnology industry. Established in 2006, the company continues to grow. The startup has gone public (IPO)."
/organization/affimed-therapeutics,Affimed Therapeutics,"Based out of Heidelberg, DEU, Affimed Therapeutics is focused on Biotechnology. To date, they have raised $108.4M.",Biotechnology,,DEU,Heidelberg,2000.0,http://www.affimed.com,ipo,5,108377224.0,0,1,0,1,1,mega,late,187.0,ipo,0,none,0,0,"affimed therapeutics biotechnology  based out of heidelberg, deu, affimed therapeutics is focused on biotechnology. to date, they have raised $108.4m. deu heidelberg","name: Affimed Therapeutics | industry: Biotechnology | sub_industry: N/A | hq_country: DEU | hq_city: Heidelberg | founded_year: 2000.0 | status: ipo | funding_round_count: 5 | total_funding_usd: 108377224.0 | has_acquisition: 0 | has_ipo: 1 | outcome_label: ipo | is_yc: 0 | yc_batch: none | has_layoffs: 0 | total_layoffs: 0 | description: Based out of Heidelberg, DEU, Affimed Therapeutics is focused on Biotechnology. To date, they have raised $108.4M."
/organization/merrimack-pharmaceuticals,Merrimack Pharmaceuticals,"Based out of Cambridge, USA, Merrimack Pharmaceuticals is focused on Biotechnology. To date, they have raised $107.4M.",Biotechnology,Health Care,USA,Cambridge,2000.0,http://www.merrimackpharma.com,ipo,5,107440000.0,0,1,0,1,1,mega,late,186.98,ipo,0,none,0,0,"merrimack pharmaceuticals biotechnology health care based out of cambridge, usa, merrimack pharmaceuticals is focused on biotechnology. to date, they have raised $107.4m. usa cambridge","name: Merrimack Pharmaceuticals | industry: Biotechnology | sub_industry: Health Care | hq_country: USA | hq_city: Cambridge | founded_year: 2000.0 | status: ipo | funding_round_count: 5 | total_funding_usd: 107440000.0 | has_acquisition: 0 | has_ipo: 1 | outcome_label: ipo | is_yc: 0 | yc_batch: none | has_layoffs: 0 | total_layoffs: 0 | description: Based out of Cambridge, USA, Merrimack Pharmaceuticals is focused on Biotechnology. To date, they have raised $107.4M."
/organization/amicus-therapeutics,Amicus Therapeutics,"Founded in 2002, the Biotechnology startup Amicus Therapeutics provides Health Care solutions in Cranbury, USA.",Biotechnology,Health Care,USA,Cranbury,2002.0,http://www.amicusrx.com,ipo,5,105866943.0,0,1,0,1,1,mega,late,186.96,ipo,0,none,0,0,"amicus therapeutics biotechnology health care founded in 2002, the biotechnology startup amicus therapeutics provides health care solutions in cranbury, usa. usa cranbury","name: Amicus Therapeutics | industry: Biotechnology | sub_industry: Health Care | hq_country: USA | hq_city: Cranbury | founded_year: 2002.0 | status: ipo | funding_round_count: 5 | total_funding_usd: 105866943.0 | has_acquisition: 0 | has_ipo: 1 | outcome_label: ipo | is_yc: 0 | yc_batch: none | has_layoffs: 0 | total_layoffs: 0 | description: Founded in 2002, the Biotechnology startup Amicus Therapeutics provides Health Care solutions in Cranbury, USA."
/organization/linkedin,LinkedIn,"Based out of Mountain View, USA, LinkedIn is focused on Networking. To date, they have raised $103.2M.",Networking,Social Media,USA,Mountain View,2003.0,http://linkedin.com,ipo,5,103200000.0,0,1,0,1,1,mega,late,186.9,ipo,0,none,0,0,"linkedin networking social media based out of mountain view, usa, linkedin is focused on networking. to date, they have raised $103.2m. usa mountain view","name: LinkedIn | industry: Networking | sub_industry: Social Media | hq_country: USA | hq_city: Mountain View | founded_year: 2003.0 | status: ipo | funding_round_count: 5 | total_funding_usd: 103200000.0 | has_acquisition: 0 | has_ipo: 1 | outcome_label: ipo | is_yc: 0 | yc_batch: none | has_layoffs: 0 | total_layoffs: 0 | description: Based out of Mountain View, USA, LinkedIn is focused on Networking. To date, they have raised $103.2M."
/organization/arcadia-biosciences,Arcadia Biosciences,"Founded in 2002, the Biotechnology startup Arcadia Biosciences provides Biotechnology solutions in Davis, USA.",Biotechnology,,USA,Davis,2002.0,http://arcadiabio.com,ipo,5,101000000.0,0,1,0,1,1,mega,late,186.86,ipo,0,none,0,0,"arcadia biosciences biotechnology  founded in 2002, the biotechnology startup arcadia biosciences provides biotechnology solutions in davis, usa. usa davis","name: Arcadia Biosciences | industry: Biotechnology | sub_industry: N/A | hq_country: USA | hq_city: Davis | founded_year: 2002.0 | status: ipo | funding_round_count: 5 | total_funding_usd: 101000000.0 | has_acquisition: 0 | has_ipo: 1 | outcome_label: ipo | is_yc: 0 | yc_batch: none | has_layoffs: 0 | total_layoffs: 0 | description: Founded in 2002, the Biotechnology startup Arcadia Biosciences provides Biotechnology solutions in Davis, USA."
/organization/nimble-storage,Nimble Storage,"Founded in 2008, the Electronics startup Nimble Storage provides Enterprise Software solutions in San Jose, USA.",Electronics,Enterprise Software,USA,San Jose,2008.0,http://www.nimblestorage.com,ipo,5,98751230.0,0,1,0,1,1,mega,late,186.82,ipo,0,none,0,0,"nimble storage electronics enterprise software founded in 2008, the electronics startup nimble storage provides enterprise software solutions in san jose, usa. usa san jose","name: Nimble Storage | industry: Electronics | sub_industry: Enterprise Software | hq_country: USA | hq_city: San Jose | founded_year: 2008.0 | status: ipo | funding_round_count: 5 | total_funding_usd: 98751230.0 | has_acquisition: 0 | has_ipo: 1 | outcome_label: ipo | is_yc: 0 | yc_batch: none | has_layoffs: 0 | total_layoffs: 0 | description: Founded in 2008, the Electronics startup Nimble Storage provides Enterprise Software solutions in San Jose, USA."
/organization/immune-design,Immune Design,"Founded in 2008, the Biotechnology startup Immune Design provides Health Care solutions in Seattle, USA.",Biotechnology,Health Care,USA,Seattle,2008.0,http://www.immunedesign.com,ipo,5,99031500.0,0,1,0,1,1,mega,late,186.82,ipo,0,none,0,0,"immune design biotechnology health care founded in 2008, the biotechnology startup immune design provides health care solutions in seattle, usa. usa seattle","name: Immune Design | industry: Biotechnology | sub_industry: Health Care | hq_country: USA | hq_city: Seattle | founded_year: 2008.0 | status: ipo | funding_round_count: 5 | total_funding_usd: 99031500.0 | has_acquisition: 0 | has_ipo: 1 | outcome_label: ipo | is_yc: 0 | yc_batch: none | has_layoffs: 0 | total_layoffs: 0 | description: Founded in 2008, the Biotechnology startup Immune Design provides Health Care solutions in Seattle, USA."
/organization/vaccinogen,Vaccinogen,"Based out of Frederick, USA, Vaccinogen is focused on Biotechnology. To date, they have raised $99.1M.",Biotechnology,,USA,Frederick,2007.0,http://www.vaccinogeninc.com,ipo,5,99051350.0,0,1,0,1,1,mega,late,186.82,ipo,0,none,0,0,"vaccinogen biotechnology  based out of frederick, usa, vaccinogen is focused on biotechnology. to date, they have raised $99.1m. usa frederick","name: Vaccinogen | industry: Biotechnology | sub_industry: N/A | hq_country: USA | hq_city: Frederick | founded_year: 2007.0 | status: ipo | funding_round_count: 5 | total_funding_usd: 99051350.0 | has_acquisition: 0 | has_ipo: 1 | outcome_label: ipo | is_yc: 0 | yc_batch: none | has_layoffs: 0 | total_layoffs: 0 | description: Based out of Frederick, USA, Vaccinogen is focused on Biotechnology. To date, they have raised $99.1M."
/organization/auspex-pharmaceuticals,Auspex Pharmaceuticals,"Founded in 2001, the Biotechnology startup Auspex Pharmaceuticals provides Health Care solutions in La Jolla, USA.",Biotechnology,Health Care,USA,La Jolla,2001.0,http://www.auspexpharma.com,acquired,10,98817742.0,1,0,1,0,1,mega,late,186.82,acquired,0,none,0,0,"auspex pharmaceuticals biotechnology health care founded in 2001, the biotechnology startup auspex pharmaceuticals provides health care solutions in la jolla, usa. usa la jolla","name: Auspex Pharmaceuticals | industry: Biotechnology | sub_industry: Health Care | hq_country: USA | hq_city: La Jolla | founded_year: 2001.0 | status: acquired | funding_round_count: 10 | total_funding_usd: 98817742.0 | has_acquisition: 1 | has_ipo: 0 | outcome_label: acquired | is_yc: 0 | yc_batch: none | has_layoffs: 0 | total_layoffs: 0 | description: Founded in 2001, the Biotechnology startup Auspex Pharmaceuticals provides Health Care solutions in La Jolla, USA."
/organization/zillow,Zillow,"Founded in 2005, Zillow is innovating the Marketplaces sector in Seattle, USA. They have secured $96.6M across 5 funding rounds.",Business Services,Marketplaces,USA,Seattle,2005.0,http://www.zillow.com,ipo,5,96627980.0,0,1,0,1,1,mega,late,186.77,ipo,0,none,1,300,"zillow business services marketplaces founded in 2005, zillow is innovating the marketplaces sector in seattle, usa. they have secured $96.6m across 5 funding rounds. usa seattle","name: Zillow | industry: Business Services | sub_industry: Marketplaces | hq_country: USA | hq_city: Seattle | founded_year: 2005.0 | status: ipo | funding_round_count: 5 | total_funding_usd: 96627980.0 | has_acquisition: 0 | has_ipo: 1 | outcome_label: ipo | is_yc: 0 | yc_batch: none | has_layoffs: 1 | total_layoffs: 300 | description: Founded in 2005, Zillow is innovating the Marketplaces sector in Seattle, USA. They have secured $96.6M across 5 funding rounds."
/organization/invuity,Invuity,"Founded in 2004, Invuity is pioneering the Health Care sector in San Francisco, USA. They have secured $96.2M across 5 funding rounds.",Health Care,,USA,San Francisco,2004.0,http://www.invuity.com,ipo,5,96200000.0,0,1,0,1,1,mega,late,186.76,ipo,0,none,0,0,"invuity health care  founded in 2004, invuity is pioneering the health care sector in san francisco, usa. they have secured $96.2m across 5 funding rounds. usa san francisco","name: Invuity | industry: Health Care | sub_industry: N/A | hq_country: USA | hq_city: San Francisco | founded_year: 2004.0 | status: ipo | funding_round_count: 5 | total_funding_usd: 96200000.0 | has_acquisition: 0 | has_ipo: 1 | outcome_label: ipo | is_yc: 0 | yc_batch: none | has_layoffs: 0 | total_layoffs: 0 | description: Founded in 2004, Invuity is pioneering the Health Care sector in San Francisco, USA. They have secured $96.2M across 5 funding rounds."
/organization/inside-secure,Inside Secure,"Based out of Aix-en-provence, FRA, Inside Secure is focused on Software. To date, they have raised $94.7M.",Software,,FRA,Aix-en-provence,1995.0,http://www.insidesecure.com,ipo,5,94734880.0,0,1,0,1,1,mega,late,186.73,ipo,0,none,0,0,"inside secure software  based out of aix-en-provence, fra, inside secure is focused on software. to date, they have raised $94.7m. fra aix-en-provence","name: Inside Secure | industry: Software | sub_industry: N/A | hq_country: FRA | hq_city: Aix-en-provence | founded_year: 1995.0 | status: ipo | funding_round_count: 5 | total_funding_usd: 94734880.0 | has_acquisition: 0 | has_ipo: 1 | outcome_label: ipo | is_yc: 0 | yc_batch: none | has_layoffs: 0 | total_layoffs: 0 | description: Based out of Aix-en-provence, FRA, Inside Secure is focused on Software. To date, they have raised $94.7M."
/organization/endocyte,Endocyte,"Headquartered in West Lafayette, USA, Endocyte operates as a key player in the Biotechnology industry. Established in 1996, the company continues to grow. The startup has gone public (IPO).",Biotechnology,Health Care,USA,West Lafayette,1996.0,http://www.endocyte.com,ipo,5,94100000.0,0,1,0,1,1,mega,late,186.72,ipo,0,none,0,0,"endocyte biotechnology health care headquartered in west lafayette, usa, endocyte operates as a key player in the biotechnology industry. established in 1996, the company continues to grow. the startup has gone public (ipo). usa west lafayette","name: Endocyte | industry: Biotechnology | sub_industry: Health Care | hq_country: USA | hq_city: West Lafayette | founded_year: 1996.0 | status: ipo | funding_round_count: 5 | total_funding_usd: 94100000.0 | has_acquisition: 0 | has_ipo: 1 | outcome_label: ipo | is_yc: 0 | yc_batch: none | has_layoffs: 0 | total_layoffs: 0 | description: Headquartered in West Lafayette, USA, Endocyte operates as a key player in the Biotechnology industry. Established in 1996, the company continues to grow. The startup has gone public (IPO)."
/organization/patientkeeper,PatientKeeper,"Based out of Waltham, USA, PatientKeeper is focused on Physicians. To date, they have raised $93.7M.",Physicians,Software,USA,Waltham,1996.0,http://www.patientkeeper.com,acquired,10,93708653.0,1,0,1,0,1,mega,late,186.71,acquired,0,none,0,0,"patientkeeper physicians software based out of waltham, usa, patientkeeper is focused on physicians. to date, they have raised $93.7m. usa waltham","name: PatientKeeper | industry: Physicians | sub_industry: Software | hq_country: USA | hq_city: Waltham | founded_year: 1996.0 | status: acquired | funding_round_count: 10 | total_funding_usd: 93708653.0 | has_acquisition: 1 | has_ipo: 0 | outcome_label: acquired | is_yc: 0 | yc_batch: none | has_layoffs: 0 | total_layoffs: 0 | description: Based out of Waltham, USA, PatientKeeper is focused on Physicians. To date, they have raised $93.7M."
/organization/acelrx-pharmaceuticals,AcelRx Pharmaceuticals,"Headquartered in Redwood City, USA, AcelRx Pharmaceuticals operates as a key player in the Biotechnology industry. The startup has gone public (IPO).",Biotechnology,Health Care,USA,Redwood City,,http://www.acelrx.com,ipo,5,93654902.0,0,1,0,1,1,mega,late,186.71,ipo,0,none,0,0,"acelrx pharmaceuticals biotechnology health care headquartered in redwood city, usa, acelrx pharmaceuticals operates as a key player in the biotechnology industry. the startup has gone public (ipo). usa redwood city","name: AcelRx Pharmaceuticals | industry: Biotechnology | sub_industry: Health Care | hq_country: USA | hq_city: Redwood City | founded_year: N/A | status: ipo | funding_round_count: 5 | total_funding_usd: 93654902.0 | has_acquisition: 0 | has_ipo: 1 | outcome_label: ipo | is_yc: 0 | yc_batch: none | has_layoffs: 0 | total_layoffs: 0 | description: Headquartered in Redwood City, USA, AcelRx Pharmaceuticals operates as a key player in the Biotechnology industry. The startup has gone public (IPO)."
/organization/wavetec-vision,WaveTec Vision,"WaveTec Vision is a Biotechnology company located in Aliso Viejo, USA. The firm has an estimated total funding of $91.1M.",Biotechnology,,USA,Aliso Viejo,1997.0,http://www.wavetecvision.com,acquired,10,91143286.0,1,0,1,0,1,mega,late,186.66,acquired,0,none,0,0,"wavetec vision biotechnology  wavetec vision is a biotechnology company located in aliso viejo, usa. the firm has an estimated total funding of $91.1m. usa aliso viejo","name: WaveTec Vision | industry: Biotechnology | sub_industry: N/A | hq_country: USA | hq_city: Aliso Viejo | founded_year: 1997.0 | status: acquired | funding_round_count: 10 | total_funding_usd: 91143286.0 | has_acquisition: 1 | has_ipo: 0 | outcome_label: acquired | is_yc: 0 | yc_batch: none | has_layoffs: 0 | total_layoffs: 0 | description: WaveTec Vision is a Biotechnology company located in Aliso Viejo, USA. The firm has an estimated total funding of $91.1M."
/organization/viamet-pharmaceuticals,Viamet Pharmaceuticals,"Based out of Morrisville, USA, Viamet Pharmaceuticals is focused on Biotechnology. To date, they have raised $91.1M.",Biotechnology,,USA,Morrisville,2005.0,http://www.viamet.com,ipo,5,91149997.0,0,1,0,1,1,mega,late,186.66,ipo,0,none,0,0,"viamet pharmaceuticals biotechnology  based out of morrisville, usa, viamet pharmaceuticals is focused on biotechnology. to date, they have raised $91.1m. usa morrisville","name: Viamet Pharmaceuticals | industry: Biotechnology | sub_industry: N/A | hq_country: USA | hq_city: Morrisville | founded_year: 2005.0 | status: ipo | funding_round_count: 5 | total_funding_usd: 91149997.0 | has_acquisition: 0 | has_ipo: 1 | outcome_label: ipo | is_yc: 0 | yc_batch: none | has_layoffs: 0 | total_layoffs: 0 | description: Based out of Morrisville, USA, Viamet Pharmaceuticals is focused on Biotechnology. To date, they have raised $91.1M."
/organization/onconova-therapeutics,Onconova Therapeutics,"Based out of Newtown, USA, Onconova Therapeutics is focused on Biotechnology. To date, they have raised $89.5M.",Biotechnology,Health Care,USA,Newtown,1998.0,http://www.onconova.com,ipo,5,89466477.0,0,1,0,1,1,mega,late,186.62,ipo,0,none,0,0,"onconova therapeutics biotechnology health care based out of newtown, usa, onconova therapeutics is focused on biotechnology. to date, they have raised $89.5m. usa newtown","name: Onconova Therapeutics | industry: Biotechnology | sub_industry: Health Care | hq_country: USA | hq_city: Newtown | founded_year: 1998.0 | status: ipo | funding_round_count: 5 | total_funding_usd: 89466477.0 | has_acquisition: 0 | has_ipo: 1 | outcome_label: ipo | is_yc: 0 | yc_batch: none | has_layoffs: 0 | total_layoffs: 0 | description: Based out of Newtown, USA, Onconova Therapeutics is focused on Biotechnology. To date, they have raised $89.5M."
/organization/next-step-living,Next Step Living,"Founded in 2008, the Clean Technology startup Next Step Living provides Clean Technology solutions in Boston, USA.",Clean Technology,,USA,Boston,2008.0,http://nextstepliving.com/,operating,15,87780732.0,0,0,0,0,0,mega,late,186.58,funded_growth,0,none,0,0,"next step living clean technology  founded in 2008, the clean technology startup next step living provides clean technology solutions in boston, usa. usa boston","name: Next Step Living | industry: Clean Technology | sub_industry: N/A | hq_country: USA | hq_city: Boston | founded_year: 2008.0 | status: operating | funding_round_count: 15 | total_funding_usd: 87780732.0 | has_acquisition: 0 | has_ipo: 0 | outcome_label: funded_growth | is_yc: 0 | yc_batch: none | has_layoffs: 0 | total_layoffs: 0 | description: Founded in 2008, the Clean Technology startup Next Step Living provides Clean Technology solutions in Boston, USA."
/organization/tobira-therapeutics,Tobira Therapeutics,"the Biotechnology startup Tobira Therapeutics provides Biotechnology solutions in Manalapan, USA.",Biotechnology,,USA,Manalapan,,http://www.tobiratherapeutics.com,ipo,5,85999999.0,0,1,0,1,1,mega,late,186.54,ipo,0,none,0,0,"tobira therapeutics biotechnology  the biotechnology startup tobira therapeutics provides biotechnology solutions in manalapan, usa. usa manalapan","name: Tobira Therapeutics | industry: Biotechnology | sub_industry: N/A | hq_country: USA | hq_city: Manalapan | founded_year: N/A | status: ipo | funding_round_count: 5 | total_funding_usd: 85999999.0 | has_acquisition: 0 | has_ipo: 1 | outcome_label: ipo | is_yc: 0 | yc_batch: none | has_layoffs: 0 | total_layoffs: 0 | description: the Biotechnology startup Tobira Therapeutics provides Biotechnology solutions in Manalapan, USA."
/organization/cell-therapeutics,Cell Therapeutics,"Headquartered in Seattle, USA, Cell Therapeutics operates as a key player in the Biotechnology industry. Established in 1991, the company continues to grow. The startup has gone public (IPO).",Biotechnology,Health Care,USA,Seattle,1991.0,http://www.celltherapeutics.com,ipo,5,85060000.0,0,1,0,1,1,mega,late,186.52,ipo,0,none,0,0,"cell therapeutics biotechnology health care headquartered in seattle, usa, cell therapeutics operates as a key player in the biotechnology industry. established in 1991, the company continues to grow. the startup has gone public (ipo). usa seattle","name: Cell Therapeutics | industry: Biotechnology | sub_industry: Health Care | hq_country: USA | hq_city: Seattle | founded_year: 1991.0 | status: ipo | funding_round_count: 5 | total_funding_usd: 85060000.0 | has_acquisition: 0 | has_ipo: 1 | outcome_label: ipo | is_yc: 0 | yc_batch: none | has_layoffs: 0 | total_layoffs: 0 | description: Headquartered in Seattle, USA, Cell Therapeutics operates as a key player in the Biotechnology industry. Established in 1991, the company continues to grow. The startup has gone public (IPO)."
/organization/t2-biosystems,T2 Biosystems,"Based out of Lexington, USA, T2 Biosystems is focused on Health Care. To date, they have raised $83.5M.",Health Care,,USA,Lexington,2006.0,http://www.t2biosystems.com,ipo,5,83500000.0,0,1,0,1,1,mega,late,186.48,ipo,0,none,0,0,"t2 biosystems health care  based out of lexington, usa, t2 biosystems is focused on health care. to date, they have raised $83.5m. usa lexington","name: T2 Biosystems | industry: Health Care | sub_industry: N/A | hq_country: USA | hq_city: Lexington | founded_year: 2006.0 | status: ipo | funding_round_count: 5 | total_funding_usd: 83500000.0 | has_acquisition: 0 | has_ipo: 1 | outcome_label: ipo | is_yc: 0 | yc_batch: none | has_layoffs: 0 | total_layoffs: 0 | description: Based out of Lexington, USA, T2 Biosystems is focused on Health Care. To date, they have raised $83.5M."
/organization/visibletechnologies,Visible Technologies,"Based out of Bellevue, USA, Visible Technologies is focused on Analytics. To date, they have raised $83.3M.",Analytics,Brand Marketing,USA,Bellevue,2005.0,http://www.visibletechnologies.com,acquired,10,83302652.0,1,0,1,0,1,mega,late,186.48,acquired,0,none,0,0,"visible technologies analytics brand marketing based out of bellevue, usa, visible technologies is focused on analytics. to date, they have raised $83.3m. usa bellevue","name: Visible Technologies | industry: Analytics | sub_industry: Brand Marketing | hq_country: USA | hq_city: Bellevue | founded_year: 2005.0 | status: acquired | funding_round_count: 10 | total_funding_usd: 83302652.0 | has_acquisition: 1 | has_ipo: 0 | outcome_label: acquired | is_yc: 0 | yc_batch: none | has_layoffs: 0 | total_layoffs: 0 | description: Based out of Bellevue, USA, Visible Technologies is focused on Analytics. To date, they have raised $83.3M."
/organization/colucid-pharmaceuticals,CoLucid Pharmaceuticals,"Founded in 2005, the Biotechnology startup CoLucid Pharmaceuticals provides Biotechnology solutions in Durham, USA.",Biotechnology,,USA,Durham,2005.0,http://www.colucid.com,ipo,5,80799981.0,0,1,0,1,1,mega,late,186.41,ipo,0,none,0,0,"colucid pharmaceuticals biotechnology  founded in 2005, the biotechnology startup colucid pharmaceuticals provides biotechnology solutions in durham, usa. usa durham","name: CoLucid Pharmaceuticals | industry: Biotechnology | sub_industry: N/A | hq_country: USA | hq_city: Durham | founded_year: 2005.0 | status: ipo | funding_round_count: 5 | total_funding_usd: 80799981.0 | has_acquisition: 0 | has_ipo: 1 | outcome_label: ipo | is_yc: 0 | yc_batch: none | has_layoffs: 0 | total_layoffs: 0 | description: Founded in 2005, the Biotechnology startup CoLucid Pharmaceuticals provides Biotechnology solutions in Durham, USA."
/organization/pronai-therapeutics,ProNAi Therapeutics,"Based out of Vancouver, CAN, ProNAi Therapeutics is focused on Biotechnology. To date, they have raised $80.2M.",Biotechnology,,CAN,Vancouver,2004.0,http://pronai.com,ipo,5,80231452.0,0,1,0,1,1,mega,late,186.4,ipo,0,none,0,0,"pronai therapeutics biotechnology  based out of vancouver, can, pronai therapeutics is focused on biotechnology. to date, they have raised $80.2m. can vancouver","name: ProNAi Therapeutics | industry: Biotechnology | sub_industry: N/A | hq_country: CAN | hq_city: Vancouver | founded_year: 2004.0 | status: ipo | funding_round_count: 5 | total_funding_usd: 80231452.0 | has_acquisition: 0 | has_ipo: 1 | outcome_label: ipo | is_yc: 0 | yc_batch: none | has_layoffs: 0 | total_layoffs: 0 | description: Based out of Vancouver, CAN, ProNAi Therapeutics is focused on Biotechnology. To date, they have raised $80.2M."
/organization/instamed,InstaMed,"InstaMed is a Cloud Computing company located in Philadelphia, USA. The firm has an estimated total funding of $79.2M.",Banking,Cloud Computing,USA,Philadelphia,2004.0,http://www.instamed.com,operating,15,79209599.0,0,0,0,0,0,mega,late,186.38,funded_growth,0,none,0,0,"instamed banking cloud computing instamed is a cloud computing company located in philadelphia, usa. the firm has an estimated total funding of $79.2m. usa philadelphia","name: InstaMed | industry: Banking | sub_industry: Cloud Computing | hq_country: USA | hq_city: Philadelphia | founded_year: 2004.0 | status: operating | funding_round_count: 15 | total_funding_usd: 79209599.0 | has_acquisition: 0 | has_ipo: 0 | outcome_label: funded_growth | is_yc: 0 | yc_batch: none | has_layoffs: 0 | total_layoffs: 0 | description: InstaMed is a Cloud Computing company located in Philadelphia, USA. The firm has an estimated total funding of $79.2M."
/organization/proofpoint,Proofpoint,"Based out of Sunnyvale, USA, Proofpoint is focused on Enterprise Software. To date, they have raised $79.0M.",Enterprise Software,Software,USA,Sunnyvale,2002.0,http://www.proofpoint.com,ipo,5,79000000.0,0,1,0,1,1,mega,late,186.37,ipo,0,none,0,0,"proofpoint enterprise software software based out of sunnyvale, usa, proofpoint is focused on enterprise software. to date, they have raised $79.0m. usa sunnyvale","name: Proofpoint | industry: Enterprise Software | sub_industry: Software | hq_country: USA | hq_city: Sunnyvale | founded_year: 2002.0 | status: ipo | funding_round_count: 5 | total_funding_usd: 79000000.0 | has_acquisition: 0 | has_ipo: 1 | outcome_label: ipo | is_yc: 0 | yc_batch: none | has_layoffs: 0 | total_layoffs: 0 | description: Based out of Sunnyvale, USA, Proofpoint is focused on Enterprise Software. To date, they have raised $79.0M."
/organization/applied-genetics-technologies-corporation,Applied Genetics Technologies Corporation,"Applied Genetics Technologies Corporation is a Biotechnology company located in Alachua, USA. The firm has an estimated total funding of $78.0M.",Biotechnology,,USA,Alachua,2009.0,http://agtc.com,ipo,5,78050000.0,0,1,0,1,1,mega,late,186.35,ipo,0,none,0,0,"applied genetics technologies corporation biotechnology  applied genetics technologies corporation is a biotechnology company located in alachua, usa. the firm has an estimated total funding of $78.0m. usa alachua","name: Applied Genetics Technologies Corporation | industry: Biotechnology | sub_industry: N/A | hq_country: USA | hq_city: Alachua | founded_year: 2009.0 | status: ipo | funding_round_count: 5 | total_funding_usd: 78050000.0 | has_acquisition: 0 | has_ipo: 1 | outcome_label: ipo | is_yc: 0 | yc_batch: none | has_layoffs: 0 | total_layoffs: 0 | description: Applied Genetics Technologies Corporation is a Biotechnology company located in Alachua, USA. The firm has an estimated total funding of $78.0M."
/organization/pieris-proteolab,PIERIS Proteolab,"Founded in 2001, the Biotechnology startup PIERIS Proteolab provides Biotechnology solutions.",Biotechnology,,,,2001.0,http://www.pieris-ag.com,ipo,5,77999989.8627303,0,1,0,1,1,mega,late,186.34,ipo,0,none,0,0,"pieris proteolab biotechnology  founded in 2001, the biotechnology startup pieris proteolab provides biotechnology solutions.  ","name: PIERIS Proteolab | industry: Biotechnology | sub_industry: N/A | hq_country: N/A | hq_city: N/A | founded_year: 2001.0 | status: ipo | funding_round_count: 5 | total_funding_usd: 77999989.8627303 | has_acquisition: 0 | has_ipo: 1 | outcome_label: ipo | is_yc: 0 | yc_batch: none | has_layoffs: 0 | total_layoffs: 0 | description: Founded in 2001, the Biotechnology startup PIERIS Proteolab provides Biotechnology solutions."
/organization/rocket-fuel,Rocket Fuel,"Based out of Redwood City, USA, Rocket Fuel is focused on Ad Targeting. To date, they have raised $76.6M.",Ad Targeting,Advertising,USA,Redwood City,2008.0,http://rocketfuel.com,ipo,5,76600000.0,0,1,0,1,1,mega,late,186.31,ipo,0,none,0,0,"rocket fuel ad targeting advertising based out of redwood city, usa, rocket fuel is focused on ad targeting. to date, they have raised $76.6m. usa redwood city","name: Rocket Fuel | industry: Ad Targeting | sub_industry: Advertising | hq_country: USA | hq_city: Redwood City | founded_year: 2008.0 | status: ipo | funding_round_count: 5 | total_funding_usd: 76600000.0 | has_acquisition: 0 | has_ipo: 1 | outcome_label: ipo | is_yc: 0 | yc_batch: none | has_layoffs: 0 | total_layoffs: 0 | description: Based out of Redwood City, USA, Rocket Fuel is focused on Ad Targeting. To date, they have raised $76.6M."
/organization/kempharm,KemPharm,"Based out of North Liberty, USA, KemPharm is focused on Biotechnology. To date, they have raised $75.1M.",Biotechnology,,USA,North Liberty,2006.0,http://kempharm.com,ipo,5,75103391.0,0,1,0,1,1,mega,late,186.27,ipo,0,none,0,0,"kempharm biotechnology  based out of north liberty, usa, kempharm is focused on biotechnology. to date, they have raised $75.1m. usa north liberty","name: KemPharm | industry: Biotechnology | sub_industry: N/A | hq_country: USA | hq_city: North Liberty | founded_year: 2006.0 | status: ipo | funding_round_count: 5 | total_funding_usd: 75103391.0 | has_acquisition: 0 | has_ipo: 1 | outcome_label: ipo | is_yc: 0 | yc_batch: none | has_layoffs: 0 | total_layoffs: 0 | description: Based out of North Liberty, USA, KemPharm is focused on Biotechnology. To date, they have raised $75.1M."
/organization/teladoc,Teladoc,"Teladoc is a Health and Wellness company located in Dallas, USA. The firm has an estimated total funding of $74.3M.",Health and Wellness,,USA,Dallas,2002.0,http://www.teladoc.com,ipo,5,74250103.0,0,1,0,1,1,mega,late,186.25,ipo,0,none,0,0,"teladoc health and wellness  teladoc is a health and wellness company located in dallas, usa. the firm has an estimated total funding of $74.3m. usa dallas","name: Teladoc | industry: Health and Wellness | sub_industry: N/A | hq_country: USA | hq_city: Dallas | founded_year: 2002.0 | status: ipo | funding_round_count: 5 | total_funding_usd: 74250103.0 | has_acquisition: 0 | has_ipo: 1 | outcome_label: ipo | is_yc: 0 | yc_batch: none | has_layoffs: 0 | total_layoffs: 0 | description: Teladoc is a Health and Wellness company located in Dallas, USA. The firm has an estimated total funding of $74.3M."
/organization/kalobios-pharmaceuticals,KaloBios Pharmaceuticals,"Founded in 2001, KaloBios Pharmaceuticals is pioneering the Health Care sector in South San Francisco, USA. They have secured $73.0M across 5 funding rounds.",Biotechnology,Health Care,USA,South San Francisco,2001.0,http://www.kalobios.com,ipo,5,73000000.0,0,1,0,1,1,mega,late,186.21,ipo,0,none,0,0,"kalobios pharmaceuticals biotechnology health care founded in 2001, kalobios pharmaceuticals is pioneering the health care sector in south san francisco, usa. they have secured $73.0m across 5 funding rounds. usa south san francisco","name: KaloBios Pharmaceuticals | industry: Biotechnology | sub_industry: Health Care | hq_country: USA | hq_city: South San Francisco | founded_year: 2001.0 | status: ipo | funding_round_count: 5 | total_funding_usd: 73000000.0 | has_acquisition: 0 | has_ipo: 1 | outcome_label: ipo | is_yc: 0 | yc_batch: none | has_layoffs: 0 | total_layoffs: 0 | description: Founded in 2001, KaloBios Pharmaceuticals is pioneering the Health Care sector in South San Francisco, USA. They have secured $73.0M across 5 funding rounds."
/organization/ruckus-wireless,Ruckus Wireless,"Founded in 2004, Ruckus Wireless is transforming the Mobile sector in Sunnyvale, USA. They have secured $70.9M across 5 funding rounds.",Communications Hardware,Mobile,USA,Sunnyvale,2004.0,http://www.ruckuswireless.com,ipo,5,70946214.0,0,1,0,1,1,mega,late,186.15,ipo,0,none,0,0,"ruckus wireless communications hardware mobile founded in 2004, ruckus wireless is transforming the mobile sector in sunnyvale, usa. they have secured $70.9m across 5 funding rounds. usa sunnyvale","name: Ruckus Wireless | industry: Communications Hardware | sub_industry: Mobile | hq_country: USA | hq_city: Sunnyvale | founded_year: 2004.0 | status: ipo | funding_round_count: 5 | total_funding_usd: 70946214.0 | has_acquisition: 0 | has_ipo: 1 | outcome_label: ipo | is_yc: 0 | yc_batch: none | has_layoffs: 0 | total_layoffs: 0 | description: Founded in 2004, Ruckus Wireless is transforming the Mobile sector in Sunnyvale, USA. They have secured $70.9M across 5 funding rounds."
/organization/jive-software,Jive Software,"Founded in 2001, Jive Software is innovating the Software sector in Palo Alto, USA. They have secured $69.4M across 5 funding rounds.",Social Media,Software,USA,Palo Alto,2001.0,http://www.jivesoftware.com,ipo,5,69426794.0,0,1,0,1,1,mega,late,186.11,ipo,0,none,0,0,"jive software social media software founded in 2001, jive software is innovating the software sector in palo alto, usa. they have secured $69.4m across 5 funding rounds. usa palo alto","name: Jive Software | industry: Social Media | sub_industry: Software | hq_country: USA | hq_city: Palo Alto | founded_year: 2001.0 | status: ipo | funding_round_count: 5 | total_funding_usd: 69426794.0 | has_acquisition: 0 | has_ipo: 1 | outcome_label: ipo | is_yc: 0 | yc_batch: none | has_layoffs: 0 | total_layoffs: 0 | description: Founded in 2001, Jive Software is innovating the Software sector in Palo Alto, USA. They have secured $69.4M across 5 funding rounds."
/organization/oncosec-medical,OncoSec Medical,"Founded in 2011, OncoSec Medical is transforming the Health Care sector in San Diego, USA. They have secured $67.3M across 5 funding rounds.",Health Care,,USA,San Diego,2011.0,http://oncosec.com,ipo,5,67263000.0,0,1,0,1,1,mega,late,186.05,ipo,0,none,0,0,"oncosec medical health care  founded in 2011, oncosec medical is transforming the health care sector in san diego, usa. they have secured $67.3m across 5 funding rounds. usa san diego","name: OncoSec Medical | industry: Health Care | sub_industry: N/A | hq_country: USA | hq_city: San Diego | founded_year: 2011.0 | status: ipo | funding_round_count: 5 | total_funding_usd: 67263000.0 | has_acquisition: 0 | has_ipo: 1 | outcome_label: ipo | is_yc: 0 | yc_batch: none | has_layoffs: 0 | total_layoffs: 0 | description: Founded in 2011, OncoSec Medical is transforming the Health Care sector in San Diego, USA. They have secured $67.3M across 5 funding rounds."
/organization/coronado-biosciences,Coronado Biosciences,"Founded in 2006, the Biotechnology startup Coronado Biosciences provides Health Care solutions in Seattle, USA.",Biotechnology,Health Care,USA,Seattle,2006.0,http://www.coronadobiosciences.com,ipo,5,62758534.0,0,1,0,1,1,mega,late,185.91,ipo,0,none,0,0,"coronado biosciences biotechnology health care founded in 2006, the biotechnology startup coronado biosciences provides health care solutions in seattle, usa. usa seattle","name: Coronado Biosciences | industry: Biotechnology | sub_industry: Health Care | hq_country: USA | hq_city: Seattle | founded_year: 2006.0 | status: ipo | funding_round_count: 5 | total_funding_usd: 62758534.0 | has_acquisition: 0 | has_ipo: 1 | outcome_label: ipo | is_yc: 0 | yc_batch: none | has_layoffs: 0 | total_layoffs: 0 | description: Founded in 2006, the Biotechnology startup Coronado Biosciences provides Health Care solutions in Seattle, USA."
/organization/epizyme,Epizyme,"Based out of Cambridge, USA, Epizyme is focused on Biotechnology. To date, they have raised $61.5M.",Biotechnology,Health and Wellness,USA,Cambridge,2007.0,http://www.epizyme.com,ipo,5,61500000.0,0,1,0,1,1,mega,late,185.87,ipo,0,none,0,0,"epizyme biotechnology health and wellness based out of cambridge, usa, epizyme is focused on biotechnology. to date, they have raised $61.5m. usa cambridge","name: Epizyme | industry: Biotechnology | sub_industry: Health and Wellness | hq_country: USA | hq_city: Cambridge | founded_year: 2007.0 | status: ipo | funding_round_count: 5 | total_funding_usd: 61500000.0 | has_acquisition: 0 | has_ipo: 1 | outcome_label: ipo | is_yc: 0 | yc_batch: none | has_layoffs: 0 | total_layoffs: 0 | description: Based out of Cambridge, USA, Epizyme is focused on Biotechnology. To date, they have raised $61.5M."
/organization/resverlogix,Resverlogix,"Founded in 2001, the Biotechnology startup Resverlogix provides Biotechnology solutions in Calgary, CAN.",Biotechnology,,CAN,Calgary,2001.0,http://www.resverlogix.com,ipo,5,60741995.0,0,1,0,1,1,mega,late,185.84,ipo,0,none,0,0,"resverlogix biotechnology  founded in 2001, the biotechnology startup resverlogix provides biotechnology solutions in calgary, can. can calgary","name: Resverlogix | industry: Biotechnology | sub_industry: N/A | hq_country: CAN | hq_city: Calgary | founded_year: 2001.0 | status: ipo | funding_round_count: 5 | total_funding_usd: 60741995.0 | has_acquisition: 0 | has_ipo: 1 | outcome_label: ipo | is_yc: 0 | yc_batch: none | has_layoffs: 0 | total_layoffs: 0 | description: Founded in 2001, the Biotechnology startup Resverlogix provides Biotechnology solutions in Calgary, CAN."
/organization/gelesis,Gelesis,"Based out of Boston, USA, Gelesis is focused on Biotechnology. To date, they have raised $56.2M.",Biotechnology,,USA,Boston,,http://www.gelesis.com,ipo,5,56200000.0,0,1,0,1,1,mega,late,185.69,ipo,0,none,0,0,"gelesis biotechnology  based out of boston, usa, gelesis is focused on biotechnology. to date, they have raised $56.2m. usa boston","name: Gelesis | industry: Biotechnology | sub_industry: N/A | hq_country: USA | hq_city: Boston | founded_year: N/A | status: ipo | funding_round_count: 5 | total_funding_usd: 56200000.0 | has_acquisition: 0 | has_ipo: 1 | outcome_label: ipo | is_yc: 0 | yc_batch: none | has_layoffs: 0 | total_layoffs: 0 | description: Based out of Boston, USA, Gelesis is focused on Biotechnology. To date, they have raised $56.2M."
/organization/cara-therapeutics,Cara Therapeutics,"Headquartered in Shelton, USA, Cara Therapeutics operates as a key player in the Biotechnology industry. The startup has gone public (IPO).",Biotechnology,Health Care,USA,Shelton,,http://www.caratherapeutics.com,ipo,5,56100003.0,0,1,0,1,1,mega,late,185.69,ipo,0,none,0,0,"cara therapeutics biotechnology health care headquartered in shelton, usa, cara therapeutics operates as a key player in the biotechnology industry. the startup has gone public (ipo). usa shelton","name: Cara Therapeutics | industry: Biotechnology | sub_industry: Health Care | hq_country: USA | hq_city: Shelton | founded_year: N/A | status: ipo | funding_round_count: 5 | total_funding_usd: 56100003.0 | has_acquisition: 0 | has_ipo: 1 | outcome_label: ipo | is_yc: 0 | yc_batch: none | has_layoffs: 0 | total_layoffs: 0 | description: Headquartered in Shelton, USA, Cara Therapeutics operates as a key player in the Biotechnology industry. The startup has gone public (IPO)."
/organization/yelp,Yelp,"Founded in 2004, Yelp is pioneering the Reviews and Recommendations sector in San Francisco, USA. They have secured $56.0M across 5 funding rounds.",Customer Service,Reviews and Recommendations,USA,San Francisco,2004.0,http://yelp.com,ipo,5,56000000.0,0,1,0,1,1,mega,late,185.68,ipo,0,none,0,0,"yelp customer service reviews and recommendations founded in 2004, yelp is pioneering the reviews and recommendations sector in san francisco, usa. they have secured $56.0m across 5 funding rounds. usa san francisco","name: Yelp | industry: Customer Service | sub_industry: Reviews and Recommendations | hq_country: USA | hq_city: San Francisco | founded_year: 2004.0 | status: ipo | funding_round_count: 5 | total_funding_usd: 56000000.0 | has_acquisition: 0 | has_ipo: 1 | outcome_label: ipo | is_yc: 0 | yc_batch: none | has_layoffs: 0 | total_layoffs: 0 | description: Founded in 2004, Yelp is pioneering the Reviews and Recommendations sector in San Francisco, USA. They have secured $56.0M across 5 funding rounds."
/organization/autogenomics,AutoGenomics,"Headquartered in Vista, USA, AutoGenomics operates as a key player in the Biotechnology industry. Established in 1999, the company continues to grow. The startup has gone public (IPO).",Biotechnology,,USA,Vista,1999.0,http://www.autogenomics.com,ipo,5,55153254.0,0,1,0,1,1,mega,late,185.65,ipo,0,none,0,0,"autogenomics biotechnology  headquartered in vista, usa, autogenomics operates as a key player in the biotechnology industry. established in 1999, the company continues to grow. the startup has gone public (ipo). usa vista","name: AutoGenomics | industry: Biotechnology | sub_industry: N/A | hq_country: USA | hq_city: Vista | founded_year: 1999.0 | status: ipo | funding_round_count: 5 | total_funding_usd: 55153254.0 | has_acquisition: 0 | has_ipo: 1 | outcome_label: ipo | is_yc: 0 | yc_batch: none | has_layoffs: 0 | total_layoffs: 0 | description: Headquartered in Vista, USA, AutoGenomics operates as a key player in the Biotechnology industry. Established in 1999, the company continues to grow. The startup has gone public (IPO)."
/organization/plextronics,Plextronics,"Founded in 2002, Plextronics is disrupting the Clean Technology sector in Pittsburgh, USA. They have secured $54.8M across 10 funding rounds.",Clean Technology,,USA,Pittsburgh,2002.0,http://www.plextronics.com,acquired,10,54847500.0,1,0,1,0,1,mega,late,185.64,acquired,0,none,0,0,"plextronics clean technology  founded in 2002, plextronics is disrupting the clean technology sector in pittsburgh, usa. they have secured $54.8m across 10 funding rounds. usa pittsburgh","name: Plextronics | industry: Clean Technology | sub_industry: N/A | hq_country: USA | hq_city: Pittsburgh | founded_year: 2002.0 | status: acquired | funding_round_count: 10 | total_funding_usd: 54847500.0 | has_acquisition: 1 | has_ipo: 0 | outcome_label: acquired | is_yc: 0 | yc_batch: none | has_layoffs: 0 | total_layoffs: 0 | description: Founded in 2002, Plextronics is disrupting the Clean Technology sector in Pittsburgh, USA. They have secured $54.8M across 10 funding rounds."
/organization/demandware,Demandware,"Founded in 2004, the Enterprise Software startup Demandware provides Technology solutions in Burlington, USA.",Enterprise Software,Technology,USA,Burlington,2004.0,http://www.demandware.com/,ipo,5,54100002.0,0,1,0,1,1,mega,late,185.61,ipo,0,none,0,0,"demandware enterprise software technology founded in 2004, the enterprise software startup demandware provides technology solutions in burlington, usa. usa burlington","name: Demandware | industry: Enterprise Software | sub_industry: Technology | hq_country: USA | hq_city: Burlington | founded_year: 2004.0 | status: ipo | funding_round_count: 5 | total_funding_usd: 54100002.0 | has_acquisition: 0 | has_ipo: 1 | outcome_label: ipo | is_yc: 0 | yc_batch: none | has_layoffs: 0 | total_layoffs: 0 | description: Founded in 2004, the Enterprise Software startup Demandware provides Technology solutions in Burlington, USA."
/organization/novelos-therapeutics,Novelos Therapeutics,"Headquartered in Madison, USA, Novelos Therapeutics operates as a key player in the Biotechnology industry. The startup has gone public (IPO).",Biotechnology,,USA,Madison,,http://www.novelos.com,ipo,5,53850000.0,0,1,0,1,1,mega,late,185.6,ipo,0,none,0,0,"novelos therapeutics biotechnology  headquartered in madison, usa, novelos therapeutics operates as a key player in the biotechnology industry. the startup has gone public (ipo). usa madison","name: Novelos Therapeutics | industry: Biotechnology | sub_industry: N/A | hq_country: USA | hq_city: Madison | founded_year: N/A | status: ipo | funding_round_count: 5 | total_funding_usd: 53850000.0 | has_acquisition: 0 | has_ipo: 1 | outcome_label: ipo | is_yc: 0 | yc_batch: none | has_layoffs: 0 | total_layoffs: 0 | description: Headquartered in Madison, USA, Novelos Therapeutics operates as a key player in the Biotechnology industry. The startup has gone public (IPO)."
/organization/horizon-discovery,Horizon Discovery,"Horizon Discovery is a Health Diagnostics company located in Cambridge, GBR. The firm has an estimated total funding of $50.3M.",Biotechnology,Health Diagnostics,GBR,Cambridge,2007.0,http://www.horizondiscovery.com,ipo,5,50251719.0,0,1,0,1,1,mega,late,185.47,ipo,0,none,0,0,"horizon discovery biotechnology health diagnostics horizon discovery is a health diagnostics company located in cambridge, gbr. the firm has an estimated total funding of $50.3m. gbr cambridge","name: Horizon Discovery | industry: Biotechnology | sub_industry: Health Diagnostics | hq_country: GBR | hq_city: Cambridge | founded_year: 2007.0 | status: ipo | funding_round_count: 5 | total_funding_usd: 50251719.0 | has_acquisition: 0 | has_ipo: 1 | outcome_label: ipo | is_yc: 0 | yc_batch: none | has_layoffs: 0 | total_layoffs: 0 | description: Horizon Discovery is a Health Diagnostics company located in Cambridge, GBR. The firm has an estimated total funding of $50.3M."
/organization/laszlosystems,Laszlo Systems,"Founded in 2000, the Android startup Laszlo Systems provides Apps solutions in San Mateo, USA.",Android,Apps,USA,San Mateo,2000.0,http://www.laszlosystems.com,acquired,10,49890000.0,1,0,1,0,1,high,late,185.45,acquired,0,none,0,0,"laszlo systems android apps founded in 2000, the android startup laszlo systems provides apps solutions in san mateo, usa. usa san mateo","name: Laszlo Systems | industry: Android | sub_industry: Apps | hq_country: USA | hq_city: San Mateo | founded_year: 2000.0 | status: acquired | funding_round_count: 10 | total_funding_usd: 49890000.0 | has_acquisition: 1 | has_ipo: 0 | outcome_label: acquired | is_yc: 0 | yc_batch: none | has_layoffs: 0 | total_layoffs: 0 | description: Founded in 2000, the Android startup Laszlo Systems provides Apps solutions in San Mateo, USA."
/organization/htg-molecular-diagnostics,HTG Molecular Diagnostics,"Founded in 1997, HTG Molecular Diagnostics is transforming the Health Diagnostics sector in Tucson, USA. They have secured $47.2M across 5 funding rounds.",Biotechnology,Health Diagnostics,USA,Tucson,1997.0,http://www.htgmolecular.com,ipo,5,47232377.0,0,1,0,1,1,high,late,185.34,ipo,0,none,0,0,"htg molecular diagnostics biotechnology health diagnostics founded in 1997, htg molecular diagnostics is transforming the health diagnostics sector in tucson, usa. they have secured $47.2m across 5 funding rounds. usa tucson","name: HTG Molecular Diagnostics | industry: Biotechnology | sub_industry: Health Diagnostics | hq_country: USA | hq_city: Tucson | founded_year: 1997.0 | status: ipo | funding_round_count: 5 | total_funding_usd: 47232377.0 | has_acquisition: 0 | has_ipo: 1 | outcome_label: ipo | is_yc: 0 | yc_batch: none | has_layoffs: 0 | total_layoffs: 0 | description: Founded in 1997, HTG Molecular Diagnostics is transforming the Health Diagnostics sector in Tucson, USA. They have secured $47.2M across 5 funding rounds."
/organization/bitauto-holdings,Bitauto Holdings,"Founded in 2000, the E-Commerce startup Bitauto Holdings provides Technology solutions in Beijing, CHN.",E-Commerce,Technology,CHN,Beijing,2000.0,http://beijing.bitauto.com,ipo,5,44700000.0,0,1,0,1,1,high,late,185.23,ipo,0,none,0,0,"bitauto holdings e-commerce technology founded in 2000, the e-commerce startup bitauto holdings provides technology solutions in beijing, chn. chn beijing","name: Bitauto Holdings | industry: E-Commerce | sub_industry: Technology | hq_country: CHN | hq_city: Beijing | founded_year: 2000.0 | status: ipo | funding_round_count: 5 | total_funding_usd: 44700000.0 | has_acquisition: 0 | has_ipo: 1 | outcome_label: ipo | is_yc: 0 | yc_batch: none | has_layoffs: 0 | total_layoffs: 0 | description: Founded in 2000, the E-Commerce startup Bitauto Holdings provides Technology solutions in Beijing, CHN."
/organization/klout,Klout,"Based out of San Francisco, USA, Klout is focused on Analytics. To date, they have raised $40.0M.",Analytics,Social Media,USA,San Francisco,2008.0,http://klout.com,acquired,10,40000000.0,1,0,1,0,1,high,late,185.01,acquired,0,none,0,0,"klout analytics social media based out of san francisco, usa, klout is focused on analytics. to date, they have raised $40.0m. usa san francisco","name: Klout | industry: Analytics | sub_industry: Social Media | hq_country: USA | hq_city: San Francisco | founded_year: 2008.0 | status: acquired | funding_round_count: 10 | total_funding_usd: 40000000.0 | has_acquisition: 1 | has_ipo: 0 | outcome_label: acquired | is_yc: 0 | yc_batch: none | has_layoffs: 0 | total_layoffs: 0 | description: Based out of San Francisco, USA, Klout is focused on Analytics. To date, they have raised $40.0M."
/organization/sysorex,Sysorex,"Founded in 1972, Sysorex is pioneering the Technology sector in Santa Clara, USA. They have secured $39.4M across 5 funding rounds.",Consulting,Technology,USA,Santa Clara,1972.0,http://sysorex.com,ipo,5,39412418.0,0,1,0,1,1,high,late,184.98,ipo,0,none,0,0,"sysorex consulting technology founded in 1972, sysorex is pioneering the technology sector in santa clara, usa. they have secured $39.4m across 5 funding rounds. usa santa clara","name: Sysorex | industry: Consulting | sub_industry: Technology | hq_country: USA | hq_city: Santa Clara | founded_year: 1972.0 | status: ipo | funding_round_count: 5 | total_funding_usd: 39412418.0 | has_acquisition: 0 | has_ipo: 1 | outcome_label: ipo | is_yc: 0 | yc_batch: none | has_layoffs: 0 | total_layoffs: 0 | description: Founded in 1972, Sysorex is pioneering the Technology sector in Santa Clara, USA. They have secured $39.4M across 5 funding rounds."
/organization/slyce,Slyce,Slyce is a Visual Search company located in CAN. The firm has an estimated total funding of $37.4M.,Curated Web,Visual Search,CAN,,2012.0,http://slyce.it,ipo,5,37400000.0,0,1,0,1,1,high,late,184.87,ipo,0,none,0,0,slyce curated web visual search slyce is a visual search company located in can. the firm has an estimated total funding of $37.4m. can ,name: Slyce | industry: Curated Web | sub_industry: Visual Search | hq_country: CAN | hq_city: N/A | founded_year: 2012.0 | status: ipo | funding_round_count: 5 | total_funding_usd: 37400000.0 | has_acquisition: 0 | has_ipo: 1 | outcome_label: ipo | is_yc: 0 | yc_batch: none | has_layoffs: 0 | total_layoffs: 0 | description: Slyce is a Visual Search company located in CAN. The firm has an estimated total funding of $37.4M.
/organization/cynapsus-therapeutics,Cynapsus Therapeutics,"Founded in 2004, Cynapsus Therapeutics is innovating the Biotechnology sector in Toronto, CAN. They have secured $36.7M across 5 funding rounds.",Biotechnology,,CAN,Toronto,2004.0,http://cynapsus.ca,ipo,5,36713046.0,0,1,0,1,1,high,late,184.84,ipo,0,none,0,0,"cynapsus therapeutics biotechnology  founded in 2004, cynapsus therapeutics is innovating the biotechnology sector in toronto, can. they have secured $36.7m across 5 funding rounds. can toronto","name: Cynapsus Therapeutics | industry: Biotechnology | sub_industry: N/A | hq_country: CAN | hq_city: Toronto | founded_year: 2004.0 | status: ipo | funding_round_count: 5 | total_funding_usd: 36713046.0 | has_acquisition: 0 | has_ipo: 1 | outcome_label: ipo | is_yc: 0 | yc_batch: none | has_layoffs: 0 | total_layoffs: 0 | description: Founded in 2004, Cynapsus Therapeutics is innovating the Biotechnology sector in Toronto, CAN. They have secured $36.7M across 5 funding rounds."
/organization/champions-oncology,Champions Oncology,"Founded in 1985, Champions Oncology is innovating the Biotechnology sector in Hackensack, USA. They have secured $36.8M across 5 funding rounds.",Biotechnology,,USA,Hackensack,1985.0,http://www.championsoncology.com,ipo,5,36800000.0,0,1,0,1,1,high,late,184.84,ipo,0,none,0,0,"champions oncology biotechnology  founded in 1985, champions oncology is innovating the biotechnology sector in hackensack, usa. they have secured $36.8m across 5 funding rounds. usa hackensack","name: Champions Oncology | industry: Biotechnology | sub_industry: N/A | hq_country: USA | hq_city: Hackensack | founded_year: 1985.0 | status: ipo | funding_round_count: 5 | total_funding_usd: 36800000.0 | has_acquisition: 0 | has_ipo: 1 | outcome_label: ipo | is_yc: 0 | yc_batch: none | has_layoffs: 0 | total_layoffs: 0 | description: Founded in 1985, Champions Oncology is innovating the Biotechnology sector in Hackensack, USA. They have secured $36.8M across 5 funding rounds."
/organization/crossroads-systems,CROSSROADS SYSTEMS,"Founded in 1995, CROSSROADS SYSTEMS is innovating the Communications Infrastructure sector in Austin, USA. They have secured $36.1M across 5 funding rounds.",Analytics,Communications Infrastructure,USA,Austin,1995.0,http://www.crossroads.com,ipo,5,36102807.0,0,1,0,1,1,high,late,184.8,ipo,0,none,0,0,"crossroads systems analytics communications infrastructure founded in 1995, crossroads systems is innovating the communications infrastructure sector in austin, usa. they have secured $36.1m across 5 funding rounds. usa austin","name: CROSSROADS SYSTEMS | industry: Analytics | sub_industry: Communications Infrastructure | hq_country: USA | hq_city: Austin | founded_year: 1995.0 | status: ipo | funding_round_count: 5 | total_funding_usd: 36102807.0 | has_acquisition: 0 | has_ipo: 1 | outcome_label: ipo | is_yc: 0 | yc_batch: none | has_layoffs: 0 | total_layoffs: 0 | description: Founded in 1995, CROSSROADS SYSTEMS is innovating the Communications Infrastructure sector in Austin, USA. They have secured $36.1M across 5 funding rounds."
/organization/vringo,Vringo,"Based out of New York, USA, Vringo is focused on Mobile. To date, they have raised $33.6M.",Mobile,Software,USA,New York,2006.0,http://www.vringoinc.com,ipo,5,33632000.0,0,1,0,1,1,high,late,184.66,ipo,0,none,0,0,"vringo mobile software based out of new york, usa, vringo is focused on mobile. to date, they have raised $33.6m. usa new york","name: Vringo | industry: Mobile | sub_industry: Software | hq_country: USA | hq_city: New York | founded_year: 2006.0 | status: ipo | funding_round_count: 5 | total_funding_usd: 33632000.0 | has_acquisition: 0 | has_ipo: 1 | outcome_label: ipo | is_yc: 0 | yc_batch: none | has_layoffs: 0 | total_layoffs: 0 | description: Based out of New York, USA, Vringo is focused on Mobile. To date, they have raised $33.6M."
/organization/lucibel,Lucibel,"Founded in 2008, the Clean Technology startup Lucibel provides Lighting solutions in Hong Kong, HKG.",Clean Technology,Lighting,HKG,Hong Kong,2008.0,http://www.lucibel.com,ipo,5,33378639.0,0,1,0,1,1,high,late,184.65,ipo,0,none,0,0,"lucibel clean technology lighting founded in 2008, the clean technology startup lucibel provides lighting solutions in hong kong, hkg. hkg hong kong","name: Lucibel | industry: Clean Technology | sub_industry: Lighting | hq_country: HKG | hq_city: Hong Kong | founded_year: 2008.0 | status: ipo | funding_round_count: 5 | total_funding_usd: 33378639.0 | has_acquisition: 0 | has_ipo: 1 | outcome_label: ipo | is_yc: 0 | yc_batch: none | has_layoffs: 0 | total_layoffs: 0 | description: Founded in 2008, the Clean Technology startup Lucibel provides Lighting solutions in Hong Kong, HKG."
/organization/varonis-systems,Varonis Systems,"Founded in 2005, Varonis Systems is transforming the Software sector in New York, USA. They have secured $28.8M across 5 funding rounds.",Big Data Analytics,Software,USA,New York,2005.0,http://www.varonis.com,ipo,5,28787685.0,0,1,0,1,1,high,late,184.35,ipo,0,none,1,110,"varonis systems big data analytics software founded in 2005, varonis systems is transforming the software sector in new york, usa. they have secured $28.8m across 5 funding rounds. usa new york","name: Varonis Systems | industry: Big Data Analytics | sub_industry: Software | hq_country: USA | hq_city: New York | founded_year: 2005.0 | status: ipo | funding_round_count: 5 | total_funding_usd: 28787685.0 | has_acquisition: 0 | has_ipo: 1 | outcome_label: ipo | is_yc: 0 | yc_batch: none | has_layoffs: 1 | total_layoffs: 110 | description: Founded in 2005, Varonis Systems is transforming the Software sector in New York, USA. They have secured $28.8M across 5 funding rounds."
/organization/xplore-technologies,Xplore Technologies,"Based out of Austin, USA, Xplore Technologies is focused on Mobile. To date, they have raised $23.9M.",Mobile,,USA,Austin,1985.0,http://www.xploretech.com,ipo,5,23897500.0,0,1,0,1,1,high,late,183.98,ipo,0,none,0,0,"xplore technologies mobile  based out of austin, usa, xplore technologies is focused on mobile. to date, they have raised $23.9m. usa austin","name: Xplore Technologies | industry: Mobile | sub_industry: N/A | hq_country: USA | hq_city: Austin | founded_year: 1985.0 | status: ipo | funding_round_count: 5 | total_funding_usd: 23897500.0 | has_acquisition: 0 | has_ipo: 1 | outcome_label: ipo | is_yc: 0 | yc_batch: none | has_layoffs: 0 | total_layoffs: 0 | description: Based out of Austin, USA, Xplore Technologies is focused on Mobile. To date, they have raised $23.9M."
/organization/integrity-applications,Integrity Applications,"Based out of Ashkelon, ISR, Integrity Applications is focused on Health Care. To date, they have raised $22.6M.",Health Care,,ISR,Ashkelon,1999.0,http://www.integrity-app.com,ipo,5,22607446.0,0,1,0,1,1,high,late,183.87,ipo,0,none,0,0,"integrity applications health care  based out of ashkelon, isr, integrity applications is focused on health care. to date, they have raised $22.6m. isr ashkelon","name: Integrity Applications | industry: Health Care | sub_industry: N/A | hq_country: ISR | hq_city: Ashkelon | founded_year: 1999.0 | status: ipo | funding_round_count: 5 | total_funding_usd: 22607446.0 | has_acquisition: 0 | has_ipo: 1 | outcome_label: ipo | is_yc: 0 | yc_batch: none | has_layoffs: 0 | total_layoffs: 0 | description: Based out of Ashkelon, ISR, Integrity Applications is focused on Health Care. To date, they have raised $22.6M."
/organization/genesis-networks,Genesis Networks,"Genesis Networks is a Web Hosting company located in New York, USA. The firm has an estimated total funding of $22.2M.",Web Hosting,,USA,New York,2002.0,http://www.gen-networks.com,acquired,10,22165091.0,1,0,1,0,1,high,late,183.83,acquired,0,none,0,0,"genesis networks web hosting  genesis networks is a web hosting company located in new york, usa. the firm has an estimated total funding of $22.2m. usa new york","name: Genesis Networks | industry: Web Hosting | sub_industry: N/A | hq_country: USA | hq_city: New York | founded_year: 2002.0 | status: acquired | funding_round_count: 10 | total_funding_usd: 22165091.0 | has_acquisition: 1 | has_ipo: 0 | outcome_label: acquired | is_yc: 0 | yc_batch: none | has_layoffs: 0 | total_layoffs: 0 | description: Genesis Networks is a Web Hosting company located in New York, USA. The firm has an estimated total funding of $22.2M."
/organization/the-one-page-company,1-Page,"Based out of San Francisco, USA, 1-Page is focused on Career Management. To date, they have raised $21.4M.",Career Management,Consumer Internet,USA,San Francisco,2012.0,http://www.1-page.com,ipo,5,21400000.0,0,1,0,1,1,high,late,183.76,ipo,0,none,0,0,"1-page career management consumer internet based out of san francisco, usa, 1-page is focused on career management. to date, they have raised $21.4m. usa san francisco","name: 1-Page | industry: Career Management | sub_industry: Consumer Internet | hq_country: USA | hq_city: San Francisco | founded_year: 2012.0 | status: ipo | funding_round_count: 5 | total_funding_usd: 21400000.0 | has_acquisition: 0 | has_ipo: 1 | outcome_label: ipo | is_yc: 0 | yc_batch: none | has_layoffs: 0 | total_layoffs: 0 | description: Based out of San Francisco, USA, 1-Page is focused on Career Management. To date, they have raised $21.4M."
/organization/brainstorm-cell-therapeutics,BrainStorm Cell Therapeutics,"Based out of New York, USA, BrainStorm Cell Therapeutics is focused on Biotechnology. To date, they have raised $18.1M.",Biotechnology,,USA,New York,2004.0,http://www.brainstorm-cell.com,ipo,5,18139599.0,0,1,0,1,1,high,late,183.43,ipo,0,none,0,0,"brainstorm cell therapeutics biotechnology  based out of new york, usa, brainstorm cell therapeutics is focused on biotechnology. to date, they have raised $18.1m. usa new york","name: BrainStorm Cell Therapeutics | industry: Biotechnology | sub_industry: N/A | hq_country: USA | hq_city: New York | founded_year: 2004.0 | status: ipo | funding_round_count: 5 | total_funding_usd: 18139599.0 | has_acquisition: 0 | has_ipo: 1 | outcome_label: ipo | is_yc: 0 | yc_batch: none | has_layoffs: 0 | total_layoffs: 0 | description: Based out of New York, USA, BrainStorm Cell Therapeutics is focused on Biotechnology. To date, they have raised $18.1M."
/organization/american-caresource-holdings-inc,American CareSource Holdings,"Founded in 1995, the Biotechnology startup American CareSource Holdings provides Biotechnology solutions in Dallas, USA.",Biotechnology,,USA,Dallas,1995.0,http://anci-care.com,ipo,5,18121600.0,0,1,0,1,1,high,late,183.43,ipo,0,none,0,0,"american caresource holdings biotechnology  founded in 1995, the biotechnology startup american caresource holdings provides biotechnology solutions in dallas, usa. usa dallas","name: American CareSource Holdings | industry: Biotechnology | sub_industry: N/A | hq_country: USA | hq_city: Dallas | founded_year: 1995.0 | status: ipo | funding_round_count: 5 | total_funding_usd: 18121600.0 | has_acquisition: 0 | has_ipo: 1 | outcome_label: ipo | is_yc: 0 | yc_batch: none | has_layoffs: 0 | total_layoffs: 0 | description: Founded in 1995, the Biotechnology startup American CareSource Holdings provides Biotechnology solutions in Dallas, USA."
/organization/biocept,Biocept,"Based out of San Diego, USA, Biocept is focused on Biotechnology. To date, they have raised $17.1M.",Biotechnology,Health Care,USA,San Diego,,http://www.biocept.com,ipo,5,17102999.0,0,1,0,1,1,high,late,183.31,ipo,0,none,0,0,"biocept biotechnology health care based out of san diego, usa, biocept is focused on biotechnology. to date, they have raised $17.1m. usa san diego","name: Biocept | industry: Biotechnology | sub_industry: Health Care | hq_country: USA | hq_city: San Diego | founded_year: N/A | status: ipo | funding_round_count: 5 | total_funding_usd: 17102999.0 | has_acquisition: 0 | has_ipo: 1 | outcome_label: ipo | is_yc: 0 | yc_batch: none | has_layoffs: 0 | total_layoffs: 0 | description: Based out of San Diego, USA, Biocept is focused on Biotechnology. To date, they have raised $17.1M."
/organization/adamis-pharmaceuticals,Adamis Pharmaceuticals,"Founded in 2006, Adamis Pharmaceuticals is pioneering the Biotechnology sector in San Diego, USA. They have secured $16.4M across 5 funding rounds.",Biotechnology,,USA,San Diego,2006.0,http://www.adamispharmaceuticals.com,ipo,5,16377078.0,0,1,0,1,1,high,late,183.22,ipo,0,none,0,0,"adamis pharmaceuticals biotechnology  founded in 2006, adamis pharmaceuticals is pioneering the biotechnology sector in san diego, usa. they have secured $16.4m across 5 funding rounds. usa san diego","name: Adamis Pharmaceuticals | industry: Biotechnology | sub_industry: N/A | hq_country: USA | hq_city: San Diego | founded_year: 2006.0 | status: ipo | funding_round_count: 5 | total_funding_usd: 16377078.0 | has_acquisition: 0 | has_ipo: 1 | outcome_label: ipo | is_yc: 0 | yc_batch: none | has_layoffs: 0 | total_layoffs: 0 | description: Founded in 2006, Adamis Pharmaceuticals is pioneering the Biotechnology sector in San Diego, USA. They have secured $16.4M across 5 funding rounds."
/organization/chromadex,ChromaDex,"Based out of Irvine, USA, ChromaDex is focused on Biotechnology. To date, they have raised $16.1M.",Biotechnology,,USA,Irvine,1999.0,http://chromadex.com,ipo,5,16124996.0,0,1,0,1,1,high,late,183.19,ipo,0,none,0,0,"chromadex biotechnology  based out of irvine, usa, chromadex is focused on biotechnology. to date, they have raised $16.1m. usa irvine","name: ChromaDex | industry: Biotechnology | sub_industry: N/A | hq_country: USA | hq_city: Irvine | founded_year: 1999.0 | status: ipo | funding_round_count: 5 | total_funding_usd: 16124996.0 | has_acquisition: 0 | has_ipo: 1 | outcome_label: ipo | is_yc: 0 | yc_batch: none | has_layoffs: 0 | total_layoffs: 0 | description: Based out of Irvine, USA, ChromaDex is focused on Biotechnology. To date, they have raised $16.1M."
/organization/crowdworks,CrowdWorks,"Founded in 2011, CrowdWorks is innovating the Curated Web sector in Tokyo, JPN. They have secured $14.6M across 5 funding rounds.",Crowdsourcing,Curated Web,JPN,Tokyo,2011.0,http://crowdworks.jp,ipo,5,14570000.0,0,1,0,1,1,high,late,182.99,ipo,0,none,0,0,"crowdworks crowdsourcing curated web founded in 2011, crowdworks is innovating the curated web sector in tokyo, jpn. they have secured $14.6m across 5 funding rounds. jpn tokyo","name: CrowdWorks | industry: Crowdsourcing | sub_industry: Curated Web | hq_country: JPN | hq_city: Tokyo | founded_year: 2011.0 | status: ipo | funding_round_count: 5 | total_funding_usd: 14570000.0 | has_acquisition: 0 | has_ipo: 1 | outcome_label: ipo | is_yc: 0 | yc_batch: none | has_layoffs: 0 | total_layoffs: 0 | description: Founded in 2011, CrowdWorks is innovating the Curated Web sector in Tokyo, JPN. They have secured $14.6M across 5 funding rounds."
/organization/snakk-media,Snakk Media,"Founded in 2011, Snakk Media is innovating the Mobile sector in Surry Hills, AUS. They have secured $13.4M across 5 funding rounds.",Advertising,Mobile,AUS,Surry Hills,2011.0,http://snakkmedia.com,ipo,5,13450000.0,0,1,0,1,1,high,late,182.83,ipo,0,none,0,0,"snakk media advertising mobile founded in 2011, snakk media is innovating the mobile sector in surry hills, aus. they have secured $13.4m across 5 funding rounds. aus surry hills","name: Snakk Media | industry: Advertising | sub_industry: Mobile | hq_country: AUS | hq_city: Surry Hills | founded_year: 2011.0 | status: ipo | funding_round_count: 5 | total_funding_usd: 13450000.0 | has_acquisition: 0 | has_ipo: 1 | outcome_label: ipo | is_yc: 0 | yc_batch: none | has_layoffs: 0 | total_layoffs: 0 | description: Founded in 2011, Snakk Media is innovating the Mobile sector in Surry Hills, AUS. They have secured $13.4M across 5 funding rounds."
/organization/rostima,Rostima,"Rostima is a Software company located in Maidenhead, GBR. The firm has an estimated total funding of $12.0M.",Software,,GBR,Maidenhead,2001.0,http://www.rostima.com,operating,15,12032658.1910449,0,0,0,0,0,high,late,182.61,funded_growth,0,none,0,0,"rostima software  rostima is a software company located in maidenhead, gbr. the firm has an estimated total funding of $12.0m. gbr maidenhead","name: Rostima | industry: Software | sub_industry: N/A | hq_country: GBR | hq_city: Maidenhead | founded_year: 2001.0 | status: operating | funding_round_count: 15 | total_funding_usd: 12032658.1910449 | has_acquisition: 0 | has_ipo: 0 | outcome_label: funded_growth | is_yc: 0 | yc_batch: none | has_layoffs: 0 | total_layoffs: 0 | description: Rostima is a Software company located in Maidenhead, GBR. The firm has an estimated total funding of $12.0M."
/organization/geovax,GeoVax,"Founded in 1992, the Biotechnology startup GeoVax provides Biotechnology solutions in Atlanta, USA.",Biotechnology,,USA,Atlanta,1992.0,http://geovax.com,ipo,5,11791210.0,0,1,0,1,1,high,late,182.57,ipo,0,none,0,0,"geovax biotechnology  founded in 1992, the biotechnology startup geovax provides biotechnology solutions in atlanta, usa. usa atlanta","name: GeoVax | industry: Biotechnology | sub_industry: N/A | hq_country: USA | hq_city: Atlanta | founded_year: 1992.0 | status: ipo | funding_round_count: 5 | total_funding_usd: 11791210.0 | has_acquisition: 0 | has_ipo: 1 | outcome_label: ipo | is_yc: 0 | yc_batch: none | has_layoffs: 0 | total_layoffs: 0 | description: Founded in 1992, the Biotechnology startup GeoVax provides Biotechnology solutions in Atlanta, USA."
/organization/omni-bio-pharmaceutical,Omni Bio Pharmaceutical,"Based out of Greenwood Village, USA, Omni Bio Pharmaceutical is focused on Biotechnology. To date, they have raised $10.1M.",Biotechnology,,USA,Greenwood Village,,http://omnibiopharma.com,ipo,5,10093025.0,0,1,0,1,1,high,late,182.25,ipo,0,none,0,0,"omni bio pharmaceutical biotechnology  based out of greenwood village, usa, omni bio pharmaceutical is focused on biotechnology. to date, they have raised $10.1m. usa greenwood village","name: Omni Bio Pharmaceutical | industry: Biotechnology | sub_industry: N/A | hq_country: USA | hq_city: Greenwood Village | founded_year: N/A | status: ipo | funding_round_count: 5 | total_funding_usd: 10093025.0 | has_acquisition: 0 | has_ipo: 1 | outcome_label: ipo | is_yc: 0 | yc_batch: none | has_layoffs: 0 | total_layoffs: 0 | description: Based out of Greenwood Village, USA, Omni Bio Pharmaceutical is focused on Biotechnology. To date, they have raised $10.1M."
/organization/fisker,Fisker Automotive,"Fisker Automotive is a Clean Technology company located in Irvine, USA. The firm has an estimated total funding of $1.5B.",Automotive,Clean Technology,USA,Irvine,2008.0,http://www.fiskerautomotive.com,acquired,9,1471000000.0,1,0,1,0,1,mega,late,182.22,acquired,0,none,0,0,"fisker automotive automotive clean technology fisker automotive is a clean technology company located in irvine, usa. the firm has an estimated total funding of $1.5b. usa irvine","name: Fisker Automotive | industry: Automotive | sub_industry: Clean Technology | hq_country: USA | hq_city: Irvine | founded_year: 2008.0 | status: acquired | funding_round_count: 9 | total_funding_usd: 1471000000.0 | has_acquisition: 1 | has_ipo: 0 | outcome_label: acquired | is_yc: 0 | yc_batch: none | has_layoffs: 0 | total_layoffs: 0 | description: Fisker Automotive is a Clean Technology company located in Irvine, USA. The firm has an estimated total funding of $1.5B."
/organization/audioeye,AudioEye,"Headquartered in Tucson, USA, AudioEye operates as a key player in the Software industry. Established in 2003, the company continues to grow. The startup has gone public (IPO).",Software,,USA,Tucson,2003.0,http://audioeye.com,ipo,5,8771500.0,0,1,0,1,1,medium,late,181.97,ipo,0,none,0,0,"audioeye software  headquartered in tucson, usa, audioeye operates as a key player in the software industry. established in 2003, the company continues to grow. the startup has gone public (ipo). usa tucson","name: AudioEye | industry: Software | sub_industry: N/A | hq_country: USA | hq_city: Tucson | founded_year: 2003.0 | status: ipo | funding_round_count: 5 | total_funding_usd: 8771500.0 | has_acquisition: 0 | has_ipo: 1 | outcome_label: ipo | is_yc: 0 | yc_batch: none | has_layoffs: 0 | total_layoffs: 0 | description: Headquartered in Tucson, USA, AudioEye operates as a key player in the Software industry. Established in 2003, the company continues to grow. The startup has gone public (IPO)."
/organization/juno-therapeutics,Juno Therapeutics,"Juno Therapeutics is a Health and Wellness company located in Seattle, USA. The firm has an estimated total funding of $1.2B.",Biotechnology,Health and Wellness,USA,Seattle,2013.0,http://junotherapeutics.com,ipo,4,1159803496.0,0,1,0,1,1,mega,growth,181.74,ipo,0,none,0,0,"juno therapeutics biotechnology health and wellness juno therapeutics is a health and wellness company located in seattle, usa. the firm has an estimated total funding of $1.2b. usa seattle","name: Juno Therapeutics | industry: Biotechnology | sub_industry: Health and Wellness | hq_country: USA | hq_city: Seattle | founded_year: 2013.0 | status: ipo | funding_round_count: 4 | total_funding_usd: 1159803496.0 | has_acquisition: 0 | has_ipo: 1 | outcome_label: ipo | is_yc: 0 | yc_batch: none | has_layoffs: 0 | total_layoffs: 0 | description: Juno Therapeutics is a Health and Wellness company located in Seattle, USA. The firm has an estimated total funding of $1.2B."
/organization/rocket-internet,Rocket Internet,"Founded in 2007, Rocket Internet is disrupting the Software sector in Berlin, DEU. They have secured $1.1B across 4 funding rounds.",Internet,Software,DEU,Berlin,2007.0,http://www.rocket-internet.com,ipo,4,1119500000.0,0,1,0,1,1,mega,growth,181.67,ipo,0,none,0,0,"rocket internet internet software founded in 2007, rocket internet is disrupting the software sector in berlin, deu. they have secured $1.1b across 4 funding rounds. deu berlin","name: Rocket Internet | industry: Internet | sub_industry: Software | hq_country: DEU | hq_city: Berlin | founded_year: 2007.0 | status: ipo | funding_round_count: 4 | total_funding_usd: 1119500000.0 | has_acquisition: 0 | has_ipo: 1 | outcome_label: ipo | is_yc: 0 | yc_batch: none | has_layoffs: 0 | total_layoffs: 0 | description: Founded in 2007, Rocket Internet is disrupting the Software sector in Berlin, DEU. They have secured $1.1B across 4 funding rounds."
/organization/rvue,rVue,"Headquartered in Elmhurst, USA, rVue operates as a key player in the Advertising industry. Established in 1995, the company continues to grow. The startup has gone public (IPO).",Advertising,Digital Signage,USA,Elmhurst,1995.0,http://www.rvue.com,ipo,5,6067500.0,0,1,0,1,1,medium,late,181.24,ipo,0,none,0,0,"rvue advertising digital signage headquartered in elmhurst, usa, rvue operates as a key player in the advertising industry. established in 1995, the company continues to grow. the startup has gone public (ipo). usa elmhurst","name: rVue | industry: Advertising | sub_industry: Digital Signage | hq_country: USA | hq_city: Elmhurst | founded_year: 1995.0 | status: ipo | funding_round_count: 5 | total_funding_usd: 6067500.0 | has_acquisition: 0 | has_ipo: 1 | outcome_label: ipo | is_yc: 0 | yc_batch: none | has_layoffs: 0 | total_layoffs: 0 | description: Headquartered in Elmhurst, USA, rVue operates as a key player in the Advertising industry. Established in 1995, the company continues to grow. The startup has gone public (IPO)."
/organization/vertex-pharmaceuticals,Vertex Pharmaceuticals,"Founded in 1989, Vertex Pharmaceuticals is transforming the Biotechnology sector in Abingdon, GBR. They have secured $600.4M across 4 funding rounds.",Biotechnology,,GBR,Abingdon,1989.0,http://www.vrtx.com,ipo,4,600397225.0,0,1,0,1,1,mega,growth,180.43,ipo,0,none,0,0,"vertex pharmaceuticals biotechnology  founded in 1989, vertex pharmaceuticals is transforming the biotechnology sector in abingdon, gbr. they have secured $600.4m across 4 funding rounds. gbr abingdon","name: Vertex Pharmaceuticals | industry: Biotechnology | sub_industry: N/A | hq_country: GBR | hq_city: Abingdon | founded_year: 1989.0 | status: ipo | funding_round_count: 4 | total_funding_usd: 600397225.0 | has_acquisition: 0 | has_ipo: 1 | outcome_label: ipo | is_yc: 0 | yc_batch: none | has_layoffs: 0 | total_layoffs: 0 | description: Founded in 1989, Vertex Pharmaceuticals is transforming the Biotechnology sector in Abingdon, GBR. They have secured $600.4M across 4 funding rounds."
/organization/qihoo-360-technology,Qihoo 360 Technology,"Qihoo 360 Technology is a Technology company located in Beijing, CHN. The firm has an estimated total funding of $575.4M.",Curated Web,Technology,CHN,Beijing,2005.0,http://www.360.cn,ipo,4,575400000.0,0,1,0,1,1,mega,growth,180.34,ipo,0,none,0,0,"qihoo 360 technology curated web technology qihoo 360 technology is a technology company located in beijing, chn. the firm has an estimated total funding of $575.4m. chn beijing","name: Qihoo 360 Technology | industry: Curated Web | sub_industry: Technology | hq_country: CHN | hq_city: Beijing | founded_year: 2005.0 | status: ipo | funding_round_count: 4 | total_funding_usd: 575400000.0 | has_acquisition: 0 | has_ipo: 1 | outcome_label: ipo | is_yc: 0 | yc_batch: none | has_layoffs: 0 | total_layoffs: 0 | description: Qihoo 360 Technology is a Technology company located in Beijing, CHN. The firm has an estimated total funding of $575.4M."
/organization/docusign,DocuSign,"Founded in 2003, DocuSign is disrupting the Software sector in San Francisco, USA. They have secured $508.1M across 14 funding rounds.",Cloud Management,Software,USA,San Francisco,2003.0,http://www.docusign.com,operating,14,508099999.0,0,0,0,0,0,mega,late,180.09,funded_growth,0,none,0,0,"docusign cloud management software founded in 2003, docusign is disrupting the software sector in san francisco, usa. they have secured $508.1m across 14 funding rounds. usa san francisco","name: DocuSign | industry: Cloud Management | sub_industry: Software | hq_country: USA | hq_city: San Francisco | founded_year: 2003.0 | status: operating | funding_round_count: 14 | total_funding_usd: 508099999.0 | has_acquisition: 0 | has_ipo: 0 | outcome_label: funded_growth | is_yc: 0 | yc_batch: none | has_layoffs: 0 | total_layoffs: 0 | description: Founded in 2003, DocuSign is disrupting the Software sector in San Francisco, USA. They have secured $508.1M across 14 funding rounds."
/organization/horizon-therapeutics,Horizon Pharma,"Based out of Northbrook, USA, Horizon Pharma is focused on Biotechnology. To date, they have raised $492.0M.",Biotechnology,Health Care,USA,Northbrook,2005.0,http://www.horizonpharma.com,ipo,4,492000000.0,0,1,0,1,1,mega,growth,180.03,ipo,0,none,0,0,"horizon pharma biotechnology health care based out of northbrook, usa, horizon pharma is focused on biotechnology. to date, they have raised $492.0m. usa northbrook","name: Horizon Pharma | industry: Biotechnology | sub_industry: Health Care | hq_country: USA | hq_city: Northbrook | founded_year: 2005.0 | status: ipo | funding_round_count: 4 | total_funding_usd: 492000000.0 | has_acquisition: 0 | has_ipo: 1 | outcome_label: ipo | is_yc: 0 | yc_batch: none | has_layoffs: 0 | total_layoffs: 0 | description: Based out of Northbrook, USA, Horizon Pharma is focused on Biotechnology. To date, they have raised $492.0M."
/organization/intercept-pharmaceuticals,Intercept Pharmaceuticals,"Founded in 2002, the Biotechnology startup Intercept Pharmaceuticals provides Health Care solutions in New York, USA.",Biotechnology,Health Care,USA,New York,2002.0,http://www.interceptpharma.com,ipo,4,418400000.0,0,1,0,1,1,mega,growth,179.7,ipo,0,none,0,0,"intercept pharmaceuticals biotechnology health care founded in 2002, the biotechnology startup intercept pharmaceuticals provides health care solutions in new york, usa. usa new york","name: Intercept Pharmaceuticals | industry: Biotechnology | sub_industry: Health Care | hq_country: USA | hq_city: New York | founded_year: 2002.0 | status: ipo | funding_round_count: 4 | total_funding_usd: 418400000.0 | has_acquisition: 0 | has_ipo: 1 | outcome_label: ipo | is_yc: 0 | yc_batch: none | has_layoffs: 0 | total_layoffs: 0 | description: Founded in 2002, the Biotechnology startup Intercept Pharmaceuticals provides Health Care solutions in New York, USA."
/organization/answers-corporation,Answers Corporation,"Based out of Saint Louis, USA, Answers Corporation is focused on Curated Web. To date, they have raised $384.4M.",Curated Web,Information Technology,USA,Saint Louis,1999.0,http://www.answers.com,acquired,9,384410000.0,2,0,1,0,1,mega,late,179.53,acquired,0,none,0,0,"answers corporation curated web information technology based out of saint louis, usa, answers corporation is focused on curated web. to date, they have raised $384.4m. usa saint louis","name: Answers Corporation | industry: Curated Web | sub_industry: Information Technology | hq_country: USA | hq_city: Saint Louis | founded_year: 1999.0 | status: acquired | funding_round_count: 9 | total_funding_usd: 384410000.0 | has_acquisition: 1 | has_ipo: 0 | outcome_label: acquired | is_yc: 0 | yc_batch: none | has_layoffs: 0 | total_layoffs: 0 | description: Based out of Saint Louis, USA, Answers Corporation is focused on Curated Web. To date, they have raised $384.4M."
/organization/critical-outcome-technologies,Critical Outcome Technologies,"Founded in 1999, Critical Outcome Technologies is transforming the Biotechnology sector in London, GBR. They have secured $1.7M across 5 funding rounds.",Biotechnology,,GBR,London,1999.0,http://criticaloutcome.com,ipo,5,1690312.0,0,1,0,1,1,low,late,178.68,ipo,0,none,0,0,"critical outcome technologies biotechnology  founded in 1999, critical outcome technologies is transforming the biotechnology sector in london, gbr. they have secured $1.7m across 5 funding rounds. gbr london","name: Critical Outcome Technologies | industry: Biotechnology | sub_industry: N/A | hq_country: GBR | hq_city: London | founded_year: 1999.0 | status: ipo | funding_round_count: 5 | total_funding_usd: 1690312.0 | has_acquisition: 0 | has_ipo: 1 | outcome_label: ipo | is_yc: 0 | yc_batch: none | has_layoffs: 0 | total_layoffs: 0 | description: Founded in 1999, Critical Outcome Technologies is transforming the Biotechnology sector in London, GBR. They have secured $1.7M across 5 funding rounds."
/organization/coherus-biosciences,Coherus Biosciences,"Based out of Redwood City, USA, Coherus Biosciences is focused on Biotechnology. To date, they have raised $249.3M.",Biotechnology,,USA,Redwood City,2010.0,http://www.coherus.com,ipo,4,249271980.0,0,1,0,1,1,mega,growth,178.67,ipo,0,none,0,0,"coherus biosciences biotechnology  based out of redwood city, usa, coherus biosciences is focused on biotechnology. to date, they have raised $249.3m. usa redwood city","name: Coherus Biosciences | industry: Biotechnology | sub_industry: N/A | hq_country: USA | hq_city: Redwood City | founded_year: 2010.0 | status: ipo | funding_round_count: 4 | total_funding_usd: 249271980.0 | has_acquisition: 0 | has_ipo: 1 | outcome_label: ipo | is_yc: 0 | yc_batch: none | has_layoffs: 0 | total_layoffs: 0 | description: Based out of Redwood City, USA, Coherus Biosciences is focused on Biotechnology. To date, they have raised $249.3M."
/organization/lexicon-pharmaceuticals,Lexicon Pharmaceuticals,"Headquartered in Houston, USA, Lexicon Pharmaceuticals operates as a key player in the Biotechnology industry. Established in 1995, the company continues to grow. The startup has gone public (IPO).",Biotechnology,,USA,Houston,1995.0,http://www.lexpharma.com,ipo,4,244702780.0,0,1,0,1,1,mega,growth,178.63,ipo,0,none,0,0,"lexicon pharmaceuticals biotechnology  headquartered in houston, usa, lexicon pharmaceuticals operates as a key player in the biotechnology industry. established in 1995, the company continues to grow. the startup has gone public (ipo). usa houston","name: Lexicon Pharmaceuticals | industry: Biotechnology | sub_industry: N/A | hq_country: USA | hq_city: Houston | founded_year: 1995.0 | status: ipo | funding_round_count: 4 | total_funding_usd: 244702780.0 | has_acquisition: 0 | has_ipo: 1 | outcome_label: ipo | is_yc: 0 | yc_batch: none | has_layoffs: 0 | total_layoffs: 0 | description: Headquartered in Houston, USA, Lexicon Pharmaceuticals operates as a key player in the Biotechnology industry. Established in 1995, the company continues to grow. The startup has gone public (IPO)."
/organization/icera,Icera,"Icera is a Mobile company located in Bristol, GBR. The firm has an estimated total funding of $244.5M.",Mobile,,GBR,Bristol,2002.0,http://www.icerasemi.com,acquired,9,244500000.0,1,0,1,0,1,mega,late,178.63,acquired,0,none,0,0,"icera mobile  icera is a mobile company located in bristol, gbr. the firm has an estimated total funding of $244.5m. gbr bristol","name: Icera | industry: Mobile | sub_industry: N/A | hq_country: GBR | hq_city: Bristol | founded_year: 2002.0 | status: acquired | funding_round_count: 9 | total_funding_usd: 244500000.0 | has_acquisition: 1 | has_ipo: 0 | outcome_label: acquired | is_yc: 0 | yc_batch: none | has_layoffs: 0 | total_layoffs: 0 | description: Icera is a Mobile company located in Bristol, GBR. The firm has an estimated total funding of $244.5M."
/organization/monitise,Monitise,"Founded in 2003, Monitise is disrupting the Mobile sector in London, GBR. They have secured $232.3M across 4 funding rounds.",Mobile,,GBR,London,2003.0,http://www.monitise.com,ipo,4,232329416.0,0,1,0,1,1,mega,growth,178.53,ipo,0,none,0,0,"monitise mobile  founded in 2003, monitise is disrupting the mobile sector in london, gbr. they have secured $232.3m across 4 funding rounds. gbr london","name: Monitise | industry: Mobile | sub_industry: N/A | hq_country: GBR | hq_city: London | founded_year: 2003.0 | status: ipo | funding_round_count: 4 | total_funding_usd: 232329416.0 | has_acquisition: 0 | has_ipo: 1 | outcome_label: ipo | is_yc: 0 | yc_batch: none | has_layoffs: 0 | total_layoffs: 0 | description: Founded in 2003, Monitise is disrupting the Mobile sector in London, GBR. They have secured $232.3M across 4 funding rounds."
/organization/kingdee,Kingdee,"Founded in 1993, Kingdee is transforming the Enterprise Software sector in Shenzhen, CHN. They have secured $181.8M across 4 funding rounds.",Enterprises,Enterprise Software,CHN,Shenzhen,1993.0,http://www.kingdee.com,ipo,4,181850000.0,0,1,0,1,1,mega,growth,178.04,ipo,0,none,0,0,"kingdee enterprises enterprise software founded in 1993, kingdee is transforming the enterprise software sector in shenzhen, chn. they have secured $181.8m across 4 funding rounds. chn shenzhen","name: Kingdee | industry: Enterprises | sub_industry: Enterprise Software | hq_country: CHN | hq_city: Shenzhen | founded_year: 1993.0 | status: ipo | funding_round_count: 4 | total_funding_usd: 181850000.0 | has_acquisition: 0 | has_ipo: 1 | outcome_label: ipo | is_yc: 0 | yc_batch: none | has_layoffs: 0 | total_layoffs: 0 | description: Founded in 1993, Kingdee is transforming the Enterprise Software sector in Shenzhen, CHN. They have secured $181.8M across 4 funding rounds."
/organization/infinity-pharmaceuticals,Infinity Pharmaceuticals,"Founded in 2001, Infinity Pharmaceuticals is innovating the Biotechnology sector in Cambridge, USA. They have secured $181.0M across 4 funding rounds.",Biotechnology,,USA,Cambridge,2001.0,http://www.infi.com,ipo,4,181040191.0,0,1,0,1,1,mega,growth,178.03,ipo,0,none,0,0,"infinity pharmaceuticals biotechnology  founded in 2001, infinity pharmaceuticals is innovating the biotechnology sector in cambridge, usa. they have secured $181.0m across 4 funding rounds. usa cambridge","name: Infinity Pharmaceuticals | industry: Biotechnology | sub_industry: N/A | hq_country: USA | hq_city: Cambridge | founded_year: 2001.0 | status: ipo | funding_round_count: 4 | total_funding_usd: 181040191.0 | has_acquisition: 0 | has_ipo: 1 | outcome_label: ipo | is_yc: 0 | yc_batch: none | has_layoffs: 0 | total_layoffs: 0 | description: Founded in 2001, Infinity Pharmaceuticals is innovating the Biotechnology sector in Cambridge, USA. They have secured $181.0M across 4 funding rounds."
/organization/baidu,Baidu,"Founded in 1999, the Search startup Baidu provides Search solutions in Beijing, CHN.",Search,,CHN,Beijing,1999.0,http://www.baidu.com,ipo,4,161200000.0,0,1,0,1,1,mega,growth,177.8,ipo,0,none,0,0,"baidu search  founded in 1999, the search startup baidu provides search solutions in beijing, chn. chn beijing","name: Baidu | industry: Search | sub_industry: N/A | hq_country: CHN | hq_city: Beijing | founded_year: 1999.0 | status: ipo | funding_round_count: 4 | total_funding_usd: 161200000.0 | has_acquisition: 0 | has_ipo: 1 | outcome_label: ipo | is_yc: 0 | yc_batch: none | has_layoffs: 0 | total_layoffs: 0 | description: Founded in 1999, the Search startup Baidu provides Search solutions in Beijing, CHN."
/organization/myntra,Myntra,"Myntra is a E-Commerce company located in Bangalore, IND. The firm has an estimated total funding of $158.8M.",E-Commerce,,IND,Bangalore,2007.0,http://www.myntra.com,acquired,9,158750000.0,1,0,1,0,1,mega,late,177.77,acquired,0,none,0,0,"myntra e-commerce  myntra is a e-commerce company located in bangalore, ind. the firm has an estimated total funding of $158.8m. ind bangalore","name: Myntra | industry: E-Commerce | sub_industry: N/A | hq_country: IND | hq_city: Bangalore | founded_year: 2007.0 | status: acquired | funding_round_count: 9 | total_funding_usd: 158750000.0 | has_acquisition: 1 | has_ipo: 0 | outcome_label: acquired | is_yc: 0 | yc_batch: none | has_layoffs: 0 | total_layoffs: 0 | description: Myntra is a E-Commerce company located in Bangalore, IND. The firm has an estimated total funding of $158.8M."
/organization/sagent-pharmaceuticals,Sagent Pharmaceuticals,"Founded in 2007, Sagent Pharmaceuticals is transforming the Health Care sector in Schaumburg, USA. They have secured $153.0M across 4 funding rounds.",Biotechnology,Health Care,USA,Schaumburg,2007.0,http://www.sagentpharma.com,ipo,4,153000000.0,0,1,0,1,1,mega,growth,177.69,ipo,0,none,0,0,"sagent pharmaceuticals biotechnology health care founded in 2007, sagent pharmaceuticals is transforming the health care sector in schaumburg, usa. they have secured $153.0m across 4 funding rounds. usa schaumburg","name: Sagent Pharmaceuticals | industry: Biotechnology | sub_industry: Health Care | hq_country: USA | hq_city: Schaumburg | founded_year: 2007.0 | status: ipo | funding_round_count: 4 | total_funding_usd: 153000000.0 | has_acquisition: 0 | has_ipo: 1 | outcome_label: ipo | is_yc: 0 | yc_batch: none | has_layoffs: 0 | total_layoffs: 0 | description: Founded in 2007, Sagent Pharmaceuticals is transforming the Health Care sector in Schaumburg, USA. They have secured $153.0M across 4 funding rounds."
/organization/gree,GREE,"Founded in 2004, the Games startup GREE provides Mobile solutions in Tokyo, JPN.",Games,Mobile,JPN,Tokyo,2004.0,http://www.gree-corp.com,ipo,4,152197921.0,0,1,0,1,1,mega,growth,177.68,ipo,0,none,0,0,"gree games mobile founded in 2004, the games startup gree provides mobile solutions in tokyo, jpn. jpn tokyo","name: GREE | industry: Games | sub_industry: Mobile | hq_country: JPN | hq_city: Tokyo | founded_year: 2004.0 | status: ipo | funding_round_count: 4 | total_funding_usd: 152197921.0 | has_acquisition: 0 | has_ipo: 1 | outcome_label: ipo | is_yc: 0 | yc_batch: none | has_layoffs: 0 | total_layoffs: 0 | description: Founded in 2004, the Games startup GREE provides Mobile solutions in Tokyo, JPN."
/organization/tandem-diabetes-care,Tandem Diabetes Care,"Founded in 2008, the Health Care startup Tandem Diabetes Care provides Health Care solutions in San Diego, USA.",Health Care,,USA,San Diego,2008.0,http://www.tandemdiabetes.com,ipo,4,152001200.0,0,1,0,1,1,mega,growth,177.68,ipo,0,none,0,0,"tandem diabetes care health care  founded in 2008, the health care startup tandem diabetes care provides health care solutions in san diego, usa. usa san diego","name: Tandem Diabetes Care | industry: Health Care | sub_industry: N/A | hq_country: USA | hq_city: San Diego | founded_year: 2008.0 | status: ipo | funding_round_count: 4 | total_funding_usd: 152001200.0 | has_acquisition: 0 | has_ipo: 1 | outcome_label: ipo | is_yc: 0 | yc_batch: none | has_layoffs: 0 | total_layoffs: 0 | description: Founded in 2008, the Health Care startup Tandem Diabetes Care provides Health Care solutions in San Diego, USA."
/organization/otonomy,Otonomy,"Otonomy is a Biotechnology company located in San Diego, USA. The firm has an estimated total funding of $143.4M.",Biotechnology,,USA,San Diego,2008.0,http://www.otonomy.com,ipo,4,143400000.0,0,1,0,1,1,mega,growth,177.56,ipo,0,none,0,0,"otonomy biotechnology  otonomy is a biotechnology company located in san diego, usa. the firm has an estimated total funding of $143.4m. usa san diego","name: Otonomy | industry: Biotechnology | sub_industry: N/A | hq_country: USA | hq_city: San Diego | founded_year: 2008.0 | status: ipo | funding_round_count: 4 | total_funding_usd: 143400000.0 | has_acquisition: 0 | has_ipo: 1 | outcome_label: ipo | is_yc: 0 | yc_batch: none | has_layoffs: 0 | total_layoffs: 0 | description: Otonomy is a Biotechnology company located in San Diego, USA. The firm has an estimated total funding of $143.4M."
/organization/omeros,Omeros,"Headquartered in Seattle, USA, Omeros operates as a key player in the Biotechnology industry. The startup has gone public (IPO).",Biotechnology,Health Care,USA,Seattle,,http://www.omeros.com,ipo,4,141800000.0,0,1,0,1,1,mega,growth,177.54,ipo,0,none,0,0,"omeros biotechnology health care headquartered in seattle, usa, omeros operates as a key player in the biotechnology industry. the startup has gone public (ipo). usa seattle","name: Omeros | industry: Biotechnology | sub_industry: Health Care | hq_country: USA | hq_city: Seattle | founded_year: N/A | status: ipo | funding_round_count: 4 | total_funding_usd: 141800000.0 | has_acquisition: 0 | has_ipo: 1 | outcome_label: ipo | is_yc: 0 | yc_batch: none | has_layoffs: 0 | total_layoffs: 0 | description: Headquartered in Seattle, USA, Omeros operates as a key player in the Biotechnology industry. The startup has gone public (IPO)."
/organization/bioheart,Bioheart,"Headquartered in Sunrise, USA, Bioheart operates as a key player in the Biotechnology industry. Established in 1999, the company continues to grow. The startup has gone public (IPO).",Biotechnology,,USA,Sunrise,1999.0,http://www.bioheartinc.com,ipo,5,946520.0,0,1,0,1,1,low,late,177.52,ipo,0,none,0,0,"bioheart biotechnology  headquartered in sunrise, usa, bioheart operates as a key player in the biotechnology industry. established in 1999, the company continues to grow. the startup has gone public (ipo). usa sunrise","name: Bioheart | industry: Biotechnology | sub_industry: N/A | hq_country: USA | hq_city: Sunrise | founded_year: 1999.0 | status: ipo | funding_round_count: 5 | total_funding_usd: 946520.0 | has_acquisition: 0 | has_ipo: 1 | outcome_label: ipo | is_yc: 0 | yc_batch: none | has_layoffs: 0 | total_layoffs: 0 | description: Headquartered in Sunrise, USA, Bioheart operates as a key player in the Biotechnology industry. Established in 1999, the company continues to grow. The startup has gone public (IPO)."
/organization/bti-systems,BTI Systems,"BTI Systems is a Software company located in Littleton, USA. The firm has an estimated total funding of $132.8M.",Software,,USA,Littleton,2000.0,http://www.btisystems.com,operating,14,132787385.0,0,0,0,0,0,mega,late,177.41,funded_growth,0,none,0,0,"bti systems software  bti systems is a software company located in littleton, usa. the firm has an estimated total funding of $132.8m. usa littleton","name: BTI Systems | industry: Software | sub_industry: N/A | hq_country: USA | hq_city: Littleton | founded_year: 2000.0 | status: operating | funding_round_count: 14 | total_funding_usd: 132787385.0 | has_acquisition: 0 | has_ipo: 0 | outcome_label: funded_growth | is_yc: 0 | yc_batch: none | has_layoffs: 0 | total_layoffs: 0 | description: BTI Systems is a Software company located in Littleton, USA. The firm has an estimated total funding of $132.8M."
/organization/targacept,Targacept,"Founded in 1997, the Biotechnology startup Targacept provides Health Care solutions in Winston Salem, USA.",Biotechnology,Health Care,USA,Winston Salem,1997.0,http://www.targacept.com,ipo,4,124414483.0,0,1,0,1,1,mega,growth,177.28,ipo,0,none,0,0,"targacept biotechnology health care founded in 1997, the biotechnology startup targacept provides health care solutions in winston salem, usa. usa winston salem","name: Targacept | industry: Biotechnology | sub_industry: Health Care | hq_country: USA | hq_city: Winston Salem | founded_year: 1997.0 | status: ipo | funding_round_count: 4 | total_funding_usd: 124414483.0 | has_acquisition: 0 | has_ipo: 1 | outcome_label: ipo | is_yc: 0 | yc_batch: none | has_layoffs: 0 | total_layoffs: 0 | description: Founded in 1997, the Biotechnology startup Targacept provides Health Care solutions in Winston Salem, USA."
/organization/agios-pharmaceuticals,Agios Pharmaceuticals,"Agios Pharmaceuticals is a Health Care company located in Cambridge, USA. The firm has an estimated total funding of $119.8M.",Biotechnology,Health Care,USA,Cambridge,2008.0,http://www.agiospharmaceuticals.com,ipo,4,119823937.0,0,1,0,1,1,mega,growth,177.2,ipo,0,none,0,0,"agios pharmaceuticals biotechnology health care agios pharmaceuticals is a health care company located in cambridge, usa. the firm has an estimated total funding of $119.8m. usa cambridge","name: Agios Pharmaceuticals | industry: Biotechnology | sub_industry: Health Care | hq_country: USA | hq_city: Cambridge | founded_year: 2008.0 | status: ipo | funding_round_count: 4 | total_funding_usd: 119823937.0 | has_acquisition: 0 | has_ipo: 1 | outcome_label: ipo | is_yc: 0 | yc_batch: none | has_layoffs: 0 | total_layoffs: 0 | description: Agios Pharmaceuticals is a Health Care company located in Cambridge, USA. The firm has an estimated total funding of $119.8M."
/organization/optier,OpTier,"Based out of New York, USA, OpTier is focused on Analytics. To date, they have raised $118.1M.",Analytics,,USA,New York,2005.0,http://www.optier.com,acquired,9,118100000.0,1,0,1,0,1,mega,late,177.17,acquired,0,none,0,0,"optier analytics  based out of new york, usa, optier is focused on analytics. to date, they have raised $118.1m. usa new york","name: OpTier | industry: Analytics | sub_industry: N/A | hq_country: USA | hq_city: New York | founded_year: 2005.0 | status: acquired | funding_round_count: 9 | total_funding_usd: 118100000.0 | has_acquisition: 1 | has_ipo: 0 | outcome_label: acquired | is_yc: 0 | yc_batch: none | has_layoffs: 0 | total_layoffs: 0 | description: Based out of New York, USA, OpTier is focused on Analytics. To date, they have raised $118.1M."
/organization/a10-networks,A10 Networks,"Headquartered in San Jose, USA, A10 Networks operates as a key player in the Cloud Computing industry. Established in 2004, the company continues to grow. The startup has gone public (IPO).",Cloud Computing,Communications Hardware,USA,San Jose,2004.0,http://www.a10networks.com,ipo,4,118000000.0,0,1,0,1,1,mega,growth,177.17,ipo,0,none,0,0,"a10 networks cloud computing communications hardware headquartered in san jose, usa, a10 networks operates as a key player in the cloud computing industry. established in 2004, the company continues to grow. the startup has gone public (ipo). usa san jose","name: A10 Networks | industry: Cloud Computing | sub_industry: Communications Hardware | hq_country: USA | hq_city: San Jose | founded_year: 2004.0 | status: ipo | funding_round_count: 4 | total_funding_usd: 118000000.0 | has_acquisition: 0 | has_ipo: 1 | outcome_label: ipo | is_yc: 0 | yc_batch: none | has_layoffs: 0 | total_layoffs: 0 | description: Headquartered in San Jose, USA, A10 Networks operates as a key player in the Cloud Computing industry. Established in 2004, the company continues to grow. The startup has gone public (IPO)."
/organization/microvision,MicroVision,"Founded in 1993, MicroVision is pioneering the Hardware + Software sector in Redmond, USA. They have secured $118.0M across 4 funding rounds.",Displays,Hardware + Software,USA,Redmond,1993.0,http://www.microvision.com,ipo,4,118000000.0,0,1,0,1,1,mega,growth,177.17,ipo,0,none,0,0,"microvision displays hardware + software founded in 1993, microvision is pioneering the hardware + software sector in redmond, usa. they have secured $118.0m across 4 funding rounds. usa redmond","name: MicroVision | industry: Displays | sub_industry: Hardware + Software | hq_country: USA | hq_city: Redmond | founded_year: 1993.0 | status: ipo | funding_round_count: 4 | total_funding_usd: 118000000.0 | has_acquisition: 0 | has_ipo: 1 | outcome_label: ipo | is_yc: 0 | yc_batch: none | has_layoffs: 0 | total_layoffs: 0 | description: Founded in 1993, MicroVision is pioneering the Hardware + Software sector in Redmond, USA. They have secured $118.0M across 4 funding rounds."
/organization/achaogen,Achaogen,"Founded in 2004, the Biotechnology startup Achaogen provides Health Care solutions in South San Francisco, USA.",Biotechnology,Health Care,USA,South San Francisco,2004.0,http://www.achaogen.com,ipo,4,116605707.0,0,1,0,1,1,mega,growth,177.15,ipo,0,none,0,0,"achaogen biotechnology health care founded in 2004, the biotechnology startup achaogen provides health care solutions in south san francisco, usa. usa south san francisco","name: Achaogen | industry: Biotechnology | sub_industry: Health Care | hq_country: USA | hq_city: South San Francisco | founded_year: 2004.0 | status: ipo | funding_round_count: 4 | total_funding_usd: 116605707.0 | has_acquisition: 0 | has_ipo: 1 | outcome_label: ipo | is_yc: 0 | yc_batch: none | has_layoffs: 0 | total_layoffs: 0 | description: Founded in 2004, the Biotechnology startup Achaogen provides Health Care solutions in South San Francisco, USA."
/organization/seres-health,Seres Health,"Founded in 2010, Seres Health is innovating the Biotechnology sector in Cambridge, USA. They have secured $113.0M across 4 funding rounds.",Biotechnology,,USA,Cambridge,2010.0,http://sereshealth.com,ipo,4,113000000.0,0,1,0,1,1,mega,growth,177.09,ipo,0,none,0,0,"seres health biotechnology  founded in 2010, seres health is innovating the biotechnology sector in cambridge, usa. they have secured $113.0m across 4 funding rounds. usa cambridge","name: Seres Health | industry: Biotechnology | sub_industry: N/A | hq_country: USA | hq_city: Cambridge | founded_year: 2010.0 | status: ipo | funding_round_count: 4 | total_funding_usd: 113000000.0 | has_acquisition: 0 | has_ipo: 1 | outcome_label: ipo | is_yc: 0 | yc_batch: none | has_layoffs: 0 | total_layoffs: 0 | description: Founded in 2010, Seres Health is innovating the Biotechnology sector in Cambridge, USA. They have secured $113.0M across 4 funding rounds."
/organization/infinera,Infinera Corporation,"Headquartered in Sunnyvale, USA, Infinera Corporation operates as a key player in the Telecommunications industry. Established in 2000, the company continues to grow. The startup has gone public (IPO).",Telecommunications,Web Hosting,USA,Sunnyvale,2000.0,http://www.infinera.com,ipo,4,112000000.0,0,1,0,1,1,mega,growth,177.07,ipo,0,none,0,0,"infinera corporation telecommunications web hosting headquartered in sunnyvale, usa, infinera corporation operates as a key player in the telecommunications industry. established in 2000, the company continues to grow. the startup has gone public (ipo). usa sunnyvale","name: Infinera Corporation | industry: Telecommunications | sub_industry: Web Hosting | hq_country: USA | hq_city: Sunnyvale | founded_year: 2000.0 | status: ipo | funding_round_count: 4 | total_funding_usd: 112000000.0 | has_acquisition: 0 | has_ipo: 1 | outcome_label: ipo | is_yc: 0 | yc_batch: none | has_layoffs: 0 | total_layoffs: 0 | description: Headquartered in Sunnyvale, USA, Infinera Corporation operates as a key player in the Telecommunications industry. Established in 2000, the company continues to grow. The startup has gone public (IPO)."
/organization/zenverge,Zenverge,"Headquartered in Cupertino, USA, Zenverge operates as a key player in the Semiconductors industry. Established in 2005, the company continues to grow. It was successfully acquired.",Semiconductors,,USA,Cupertino,2005.0,http://www.zenverge.com,acquired,9,112254773.0,1,0,1,0,1,mega,late,177.07,acquired,0,none,0,0,"zenverge semiconductors  headquartered in cupertino, usa, zenverge operates as a key player in the semiconductors industry. established in 2005, the company continues to grow. it was successfully acquired. usa cupertino","name: Zenverge | industry: Semiconductors | sub_industry: N/A | hq_country: USA | hq_city: Cupertino | founded_year: 2005.0 | status: acquired | funding_round_count: 9 | total_funding_usd: 112254773.0 | has_acquisition: 1 | has_ipo: 0 | outcome_label: acquired | is_yc: 0 | yc_batch: none | has_layoffs: 0 | total_layoffs: 0 | description: Headquartered in Cupertino, USA, Zenverge operates as a key player in the Semiconductors industry. Established in 2005, the company continues to grow. It was successfully acquired."
/organization/accumetrics,Accumetrics,"Founded in 1996, Accumetrics is pioneering the Biotechnology sector in San Diego, USA. They have secured $110.6M across 9 funding rounds.",Biotechnology,,USA,San Diego,1996.0,http://www.accumetrics.com,acquired,9,110640466.0,1,0,1,0,1,mega,late,177.04,acquired,0,none,0,0,"accumetrics biotechnology  founded in 1996, accumetrics is pioneering the biotechnology sector in san diego, usa. they have secured $110.6m across 9 funding rounds. usa san diego","name: Accumetrics | industry: Biotechnology | sub_industry: N/A | hq_country: USA | hq_city: San Diego | founded_year: 1996.0 | status: acquired | funding_round_count: 9 | total_funding_usd: 110640466.0 | has_acquisition: 1 | has_ipo: 0 | outcome_label: acquired | is_yc: 0 | yc_batch: none | has_layoffs: 0 | total_layoffs: 0 | description: Founded in 1996, Accumetrics is pioneering the Biotechnology sector in San Diego, USA. They have secured $110.6M across 9 funding rounds."
/organization/roka-bioscience,Roka Bioscience,"Based out of Warren, USA, Roka Bioscience is focused on Biotechnology. To date, they have raised $109.5M.",Biotechnology,,USA,Warren,2009.0,http://www.rokabio.com,ipo,4,109496656.0,0,1,0,1,1,mega,growth,177.02,ipo,0,none,0,0,"roka bioscience biotechnology  based out of warren, usa, roka bioscience is focused on biotechnology. to date, they have raised $109.5m. usa warren","name: Roka Bioscience | industry: Biotechnology | sub_industry: N/A | hq_country: USA | hq_city: Warren | founded_year: 2009.0 | status: ipo | funding_round_count: 4 | total_funding_usd: 109496656.0 | has_acquisition: 0 | has_ipo: 1 | outcome_label: ipo | is_yc: 0 | yc_batch: none | has_layoffs: 0 | total_layoffs: 0 | description: Based out of Warren, USA, Roka Bioscience is focused on Biotechnology. To date, they have raised $109.5M."
/organization/oxford-immunotec,Oxford Immunotec,"Based out of Abingdon, GBR, Oxford Immunotec is focused on Biotechnology. To date, they have raised $106.6M.",Biotechnology,Health Care,GBR,Abingdon,2002.0,http://www.oxfordimmunotec.com,ipo,4,106550010.0,0,1,0,1,1,mega,growth,176.97,ipo,0,none,0,0,"oxford immunotec biotechnology health care based out of abingdon, gbr, oxford immunotec is focused on biotechnology. to date, they have raised $106.6m. gbr abingdon","name: Oxford Immunotec | industry: Biotechnology | sub_industry: Health Care | hq_country: GBR | hq_city: Abingdon | founded_year: 2002.0 | status: ipo | funding_round_count: 4 | total_funding_usd: 106550010.0 | has_acquisition: 0 | has_ipo: 1 | outcome_label: ipo | is_yc: 0 | yc_batch: none | has_layoffs: 0 | total_layoffs: 0 | description: Based out of Abingdon, GBR, Oxford Immunotec is focused on Biotechnology. To date, they have raised $106.6M."
/organization/alder-biopharmaceuticals,Alder Biopharmaceuticals,"Based out of Bothell, USA, Alder Biopharmaceuticals is focused on Biotechnology. To date, they have raised $105.0M.",Biotechnology,Health Care,USA,Bothell,2004.0,http://www.alderbio.com,ipo,4,105000000.0,0,1,0,1,1,mega,growth,176.94,ipo,0,none,0,0,"alder biopharmaceuticals biotechnology health care based out of bothell, usa, alder biopharmaceuticals is focused on biotechnology. to date, they have raised $105.0m. usa bothell","name: Alder Biopharmaceuticals | industry: Biotechnology | sub_industry: Health Care | hq_country: USA | hq_city: Bothell | founded_year: 2004.0 | status: ipo | funding_round_count: 4 | total_funding_usd: 105000000.0 | has_acquisition: 0 | has_ipo: 1 | outcome_label: ipo | is_yc: 0 | yc_batch: none | has_layoffs: 0 | total_layoffs: 0 | description: Based out of Bothell, USA, Alder Biopharmaceuticals is focused on Biotechnology. To date, they have raised $105.0M."
/organization/complete-genomics,Complete Genomics,"Headquartered in Mountain View, USA, Complete Genomics operates as a key player in the Biotechnology industry. Established in 2007, the company continues to grow. The startup has gone public (IPO).",Biotechnology,Life Sciences,USA,Mountain View,2007.0,http://www.completegenomics.com,ipo,4,104490061.0,0,1,0,1,1,mega,growth,176.93,ipo,0,none,0,0,"complete genomics biotechnology life sciences headquartered in mountain view, usa, complete genomics operates as a key player in the biotechnology industry. established in 2007, the company continues to grow. the startup has gone public (ipo). usa mountain view","name: Complete Genomics | industry: Biotechnology | sub_industry: Life Sciences | hq_country: USA | hq_city: Mountain View | founded_year: 2007.0 | status: ipo | funding_round_count: 4 | total_funding_usd: 104490061.0 | has_acquisition: 0 | has_ipo: 1 | outcome_label: ipo | is_yc: 0 | yc_batch: none | has_layoffs: 0 | total_layoffs: 0 | description: Headquartered in Mountain View, USA, Complete Genomics operates as a key player in the Biotechnology industry. Established in 2007, the company continues to grow. The startup has gone public (IPO)."
/organization/xenoport,Xenoport,"Founded in 1999, the Biotechnology startup Xenoport provides Biotechnology solutions in Santa Clara, USA.",Biotechnology,,USA,Santa Clara,1999.0,http://xenoport.com,ipo,4,100900000.0,0,1,0,1,1,mega,growth,176.86,ipo,0,none,0,0,"xenoport biotechnology  founded in 1999, the biotechnology startup xenoport provides biotechnology solutions in santa clara, usa. usa santa clara","name: Xenoport | industry: Biotechnology | sub_industry: N/A | hq_country: USA | hq_city: Santa Clara | founded_year: 1999.0 | status: ipo | funding_round_count: 4 | total_funding_usd: 100900000.0 | has_acquisition: 0 | has_ipo: 1 | outcome_label: ipo | is_yc: 0 | yc_batch: none | has_layoffs: 0 | total_layoffs: 0 | description: Founded in 1999, the Biotechnology startup Xenoport provides Biotechnology solutions in Santa Clara, USA."
/organization/tokai-pharmaceuticals,Tokai Pharmaceuticals,"Tokai Pharmaceuticals is a Biotechnology company located in Cambridge, USA. The firm has an estimated total funding of $100.5M.",Biotechnology,,USA,Cambridge,2004.0,http://www.tokaipharma.com,ipo,4,100499993.0,0,1,0,1,1,mega,growth,176.85,ipo,0,none,0,0,"tokai pharmaceuticals biotechnology  tokai pharmaceuticals is a biotechnology company located in cambridge, usa. the firm has an estimated total funding of $100.5m. usa cambridge","name: Tokai Pharmaceuticals | industry: Biotechnology | sub_industry: N/A | hq_country: USA | hq_city: Cambridge | founded_year: 2004.0 | status: ipo | funding_round_count: 4 | total_funding_usd: 100499993.0 | has_acquisition: 0 | has_ipo: 1 | outcome_label: ipo | is_yc: 0 | yc_batch: none | has_layoffs: 0 | total_layoffs: 0 | description: Tokai Pharmaceuticals is a Biotechnology company located in Cambridge, USA. The firm has an estimated total funding of $100.5M."
/organization/concert-pharmaceuticals,Concert Pharmaceuticals,"Founded in 2006, the Biotechnology startup Concert Pharmaceuticals provides Health Care solutions in Lexington, USA.",Biotechnology,Health Care,USA,Lexington,2006.0,http://www.concertpharma.com,ipo,4,99500000.0,0,1,0,1,1,mega,growth,176.83,ipo,0,none,0,0,"concert pharmaceuticals biotechnology health care founded in 2006, the biotechnology startup concert pharmaceuticals provides health care solutions in lexington, usa. usa lexington","name: Concert Pharmaceuticals | industry: Biotechnology | sub_industry: Health Care | hq_country: USA | hq_city: Lexington | founded_year: 2006.0 | status: ipo | funding_round_count: 4 | total_funding_usd: 99500000.0 | has_acquisition: 0 | has_ipo: 1 | outcome_label: ipo | is_yc: 0 | yc_batch: none | has_layoffs: 0 | total_layoffs: 0 | description: Founded in 2006, the Biotechnology startup Concert Pharmaceuticals provides Health Care solutions in Lexington, USA."
/organization/myokardia,MyoKardia,"Founded in 2012, the Biotechnology startup MyoKardia provides Biotechnology solutions in San Francisco, USA.",Biotechnology,,USA,San Francisco,2012.0,http://www.myokardia.com,ipo,4,98000000.0,0,1,0,1,1,mega,growth,176.8,ipo,0,none,0,0,"myokardia biotechnology  founded in 2012, the biotechnology startup myokardia provides biotechnology solutions in san francisco, usa. usa san francisco","name: MyoKardia | industry: Biotechnology | sub_industry: N/A | hq_country: USA | hq_city: San Francisco | founded_year: 2012.0 | status: ipo | funding_round_count: 4 | total_funding_usd: 98000000.0 | has_acquisition: 0 | has_ipo: 1 | outcome_label: ipo | is_yc: 0 | yc_batch: none | has_layoffs: 0 | total_layoffs: 0 | description: Founded in 2012, the Biotechnology startup MyoKardia provides Biotechnology solutions in San Francisco, USA."
/organization/cavium-networks,Cavium,"Headquartered in San Jose, USA, Cavium operates as a key player in the Semiconductors industry. Established in 2000, the company continues to grow. The startup has gone public (IPO).",Semiconductors,,USA,San Jose,2000.0,http://www.caviumnetworks.com,ipo,4,92989194.0,0,1,0,1,1,mega,growth,176.7,ipo,0,none,0,0,"cavium semiconductors  headquartered in san jose, usa, cavium operates as a key player in the semiconductors industry. established in 2000, the company continues to grow. the startup has gone public (ipo). usa san jose","name: Cavium | industry: Semiconductors | sub_industry: N/A | hq_country: USA | hq_city: San Jose | founded_year: 2000.0 | status: ipo | funding_round_count: 4 | total_funding_usd: 92989194.0 | has_acquisition: 0 | has_ipo: 1 | outcome_label: ipo | is_yc: 0 | yc_batch: none | has_layoffs: 0 | total_layoffs: 0 | description: Headquartered in San Jose, USA, Cavium operates as a key player in the Semiconductors industry. Established in 2000, the company continues to grow. The startup has gone public (IPO)."
/organization/sina,Sina,"Sina is innovating the Internet sector in Shanghai, CHN. They have secured $91.5M across 4 funding rounds.",Curated Web,Internet,CHN,Shanghai,,http://sina.com.cn,ipo,4,91500000.0,0,1,0,1,1,mega,growth,176.66,ipo,0,none,0,0,"sina curated web internet sina is innovating the internet sector in shanghai, chn. they have secured $91.5m across 4 funding rounds. chn shanghai","name: Sina | industry: Curated Web | sub_industry: Internet | hq_country: CHN | hq_city: Shanghai | founded_year: N/A | status: ipo | funding_round_count: 4 | total_funding_usd: 91500000.0 | has_acquisition: 0 | has_ipo: 1 | outcome_label: ipo | is_yc: 0 | yc_batch: none | has_layoffs: 0 | total_layoffs: 0 | description: Sina is innovating the Internet sector in Shanghai, CHN. They have secured $91.5M across 4 funding rounds."
/organization/wandisco,WANdisco,"WANdisco is a Open Source company located in San Ramon, USA. The firm has an estimated total funding of $91.5M.",Big Data,Open Source,USA,San Ramon,2005.0,http://www.wandisco.com,ipo,4,91466131.0,0,1,0,1,1,mega,growth,176.66,ipo,0,none,0,0,"wandisco big data open source wandisco is a open source company located in san ramon, usa. the firm has an estimated total funding of $91.5m. usa san ramon","name: WANdisco | industry: Big Data | sub_industry: Open Source | hq_country: USA | hq_city: San Ramon | founded_year: 2005.0 | status: ipo | funding_round_count: 4 | total_funding_usd: 91466131.0 | has_acquisition: 0 | has_ipo: 1 | outcome_label: ipo | is_yc: 0 | yc_batch: none | has_layoffs: 0 | total_layoffs: 0 | description: WANdisco is a Open Source company located in San Ramon, USA. The firm has an estimated total funding of $91.5M."
/organization/mimecast,Mimecast,"Mimecast is a Software company located in London, GBR. The firm has an estimated total funding of $89.9M.",Email,Software,GBR,London,2003.0,http://www.mimecast.com,ipo,4,89878098.0,0,1,0,1,1,mega,growth,176.63,ipo,0,none,0,0,"mimecast email software mimecast is a software company located in london, gbr. the firm has an estimated total funding of $89.9m. gbr london","name: Mimecast | industry: Email | sub_industry: Software | hq_country: GBR | hq_city: London | founded_year: 2003.0 | status: ipo | funding_round_count: 4 | total_funding_usd: 89878098.0 | has_acquisition: 0 | has_ipo: 1 | outcome_label: ipo | is_yc: 0 | yc_batch: none | has_layoffs: 0 | total_layoffs: 0 | description: Mimecast is a Software company located in London, GBR. The firm has an estimated total funding of $89.9M."
/organization/just-eat,Just Eat,"Founded in 2001, Just Eat is disrupting the E-Commerce sector in London, GBR. They have secured $89.0M across 4 funding rounds.",Discounts,E-Commerce,GBR,London,2001.0,http://www.just-eat.com,ipo,4,88988375.8410255,0,1,0,1,1,mega,growth,176.61,ipo,0,none,0,0,"just eat discounts e-commerce founded in 2001, just eat is disrupting the e-commerce sector in london, gbr. they have secured $89.0m across 4 funding rounds. gbr london","name: Just Eat | industry: Discounts | sub_industry: E-Commerce | hq_country: GBR | hq_city: London | founded_year: 2001.0 | status: ipo | funding_round_count: 4 | total_funding_usd: 88988375.8410255 | has_acquisition: 0 | has_ipo: 1 | outcome_label: ipo | is_yc: 0 | yc_batch: none | has_layoffs: 0 | total_layoffs: 0 | description: Founded in 2001, Just Eat is disrupting the E-Commerce sector in London, GBR. They have secured $89.0M across 4 funding rounds."
/organization/rapid7,Rapid7,"Founded in 2000, the Software startup Rapid7 provides Software solutions in Boston, USA.",Software,,USA,Boston,2000.0,http://www.rapid7.com,ipo,4,89000000.0,0,1,0,1,1,mega,growth,176.61,ipo,0,none,0,0,"rapid7 software  founded in 2000, the software startup rapid7 provides software solutions in boston, usa. usa boston","name: Rapid7 | industry: Software | sub_industry: N/A | hq_country: USA | hq_city: Boston | founded_year: 2000.0 | status: ipo | funding_round_count: 4 | total_funding_usd: 89000000.0 | has_acquisition: 0 | has_ipo: 1 | outcome_label: ipo | is_yc: 0 | yc_batch: none | has_layoffs: 0 | total_layoffs: 0 | description: Founded in 2000, the Software startup Rapid7 provides Software solutions in Boston, USA."
/organization/palatin-technologies,Palatin Technologies,"the Biotechnology startup Palatin Technologies provides Health Care solutions in Cranbury, USA.",Biotechnology,Health Care,USA,Cranbury,,http://palatin.com,ipo,4,87700000.0,0,1,0,1,1,mega,growth,176.58,ipo,0,none,0,0,"palatin technologies biotechnology health care the biotechnology startup palatin technologies provides health care solutions in cranbury, usa. usa cranbury","name: Palatin Technologies | industry: Biotechnology | sub_industry: Health Care | hq_country: USA | hq_city: Cranbury | founded_year: N/A | status: ipo | funding_round_count: 4 | total_funding_usd: 87700000.0 | has_acquisition: 0 | has_ipo: 1 | outcome_label: ipo | is_yc: 0 | yc_batch: none | has_layoffs: 0 | total_layoffs: 0 | description: the Biotechnology startup Palatin Technologies provides Health Care solutions in Cranbury, USA."
/organization/raptor-pharmaceuticals,Raptor Pharmaceuticals,"the Biotechnology startup Raptor Pharmaceuticals provides Biotechnology solutions in Novato, USA.",Biotechnology,,USA,Novato,,http://www.raptorpharma.com,ipo,4,87386000.0,0,1,0,1,1,mega,growth,176.57,ipo,0,none,0,0,"raptor pharmaceuticals biotechnology  the biotechnology startup raptor pharmaceuticals provides biotechnology solutions in novato, usa. usa novato","name: Raptor Pharmaceuticals | industry: Biotechnology | sub_industry: N/A | hq_country: USA | hq_city: Novato | founded_year: N/A | status: ipo | funding_round_count: 4 | total_funding_usd: 87386000.0 | has_acquisition: 0 | has_ipo: 1 | outcome_label: ipo | is_yc: 0 | yc_batch: none | has_layoffs: 0 | total_layoffs: 0 | description: the Biotechnology startup Raptor Pharmaceuticals provides Biotechnology solutions in Novato, USA."
/organization/glycomimetics,GlycoMimetics,"Founded in 2003, the Biotechnology startup GlycoMimetics provides Health Care solutions in Gaithersburg, USA.",Biotechnology,Health Care,USA,Gaithersburg,2003.0,http://www.glycomimetics.com,ipo,4,86379412.0,0,1,0,1,1,mega,growth,176.55,ipo,0,none,0,0,"glycomimetics biotechnology health care founded in 2003, the biotechnology startup glycomimetics provides health care solutions in gaithersburg, usa. usa gaithersburg","name: GlycoMimetics | industry: Biotechnology | sub_industry: Health Care | hq_country: USA | hq_city: Gaithersburg | founded_year: 2003.0 | status: ipo | funding_round_count: 4 | total_funding_usd: 86379412.0 | has_acquisition: 0 | has_ipo: 1 | outcome_label: ipo | is_yc: 0 | yc_batch: none | has_layoffs: 0 | total_layoffs: 0 | description: Founded in 2003, the Biotechnology startup GlycoMimetics provides Health Care solutions in Gaithersburg, USA."
/organization/kite-pharma,Kite Pharma,"Founded in 2009, Kite Pharma is transforming the Biotechnology sector in Los Angeles, USA. They have secured $85.2M across 4 funding rounds.",Biotechnology,,USA,Los Angeles,2009.0,http://www.kitepharma.com,ipo,4,85250000.0,0,1,0,1,1,mega,growth,176.52,ipo,0,none,0,0,"kite pharma biotechnology  founded in 2009, kite pharma is transforming the biotechnology sector in los angeles, usa. they have secured $85.2m across 4 funding rounds. usa los angeles","name: Kite Pharma | industry: Biotechnology | sub_industry: N/A | hq_country: USA | hq_city: Los Angeles | founded_year: 2009.0 | status: ipo | funding_round_count: 4 | total_funding_usd: 85250000.0 | has_acquisition: 0 | has_ipo: 1 | outcome_label: ipo | is_yc: 0 | yc_batch: none | has_layoffs: 0 | total_layoffs: 0 | description: Founded in 2009, Kite Pharma is transforming the Biotechnology sector in Los Angeles, USA. They have secured $85.2M across 4 funding rounds."
/organization/china-intelligent-transport-system-group,China Intelligent Transport System Group,"China Intelligent Transport System Group is pioneering the Public Transportation sector in Beijing, CHN. They have secured $84.8M across 4 funding rounds.",Public Transportation,,CHN,Beijing,,http://www.its.cn,ipo,4,84797290.0,0,1,0,1,1,mega,growth,176.51,ipo,0,none,0,0,"china intelligent transport system group public transportation  china intelligent transport system group is pioneering the public transportation sector in beijing, chn. they have secured $84.8m across 4 funding rounds. chn beijing","name: China Intelligent Transport System Group | industry: Public Transportation | sub_industry: N/A | hq_country: CHN | hq_city: Beijing | founded_year: N/A | status: ipo | funding_round_count: 4 | total_funding_usd: 84797290.0 | has_acquisition: 0 | has_ipo: 1 | outcome_label: ipo | is_yc: 0 | yc_batch: none | has_layoffs: 0 | total_layoffs: 0 | description: China Intelligent Transport System Group is pioneering the Public Transportation sector in Beijing, CHN. They have secured $84.8M across 4 funding rounds."
/organization/vermillion-inc,Vermillion,"Based out of Austin, USA, Vermillion is focused on Biotechnology. To date, they have raised $84.4M.",Biotechnology,Diagnostics,USA,Austin,1993.0,http://www.vermillion.com,ipo,4,84392358.0,0,1,0,1,1,mega,growth,176.5,ipo,0,none,0,0,"vermillion biotechnology diagnostics based out of austin, usa, vermillion is focused on biotechnology. to date, they have raised $84.4m. usa austin","name: Vermillion | industry: Biotechnology | sub_industry: Diagnostics | hq_country: USA | hq_city: Austin | founded_year: 1993.0 | status: ipo | funding_round_count: 4 | total_funding_usd: 84392358.0 | has_acquisition: 0 | has_ipo: 1 | outcome_label: ipo | is_yc: 0 | yc_batch: none | has_layoffs: 0 | total_layoffs: 0 | description: Based out of Austin, USA, Vermillion is focused on Biotechnology. To date, they have raised $84.4M."
/organization/akebia-therapeutics,Akebia Therapeutics,"Akebia Therapeutics is a Health Care company located in Cambridge, USA. The firm has an estimated total funding of $83.1M.",Biotechnology,Health Care,USA,Cambridge,2007.0,http://www.akebia.com,ipo,4,83100000.0,0,1,0,1,1,mega,growth,176.47,ipo,0,none,0,0,"akebia therapeutics biotechnology health care akebia therapeutics is a health care company located in cambridge, usa. the firm has an estimated total funding of $83.1m. usa cambridge","name: Akebia Therapeutics | industry: Biotechnology | sub_industry: Health Care | hq_country: USA | hq_city: Cambridge | founded_year: 2007.0 | status: ipo | funding_round_count: 4 | total_funding_usd: 83100000.0 | has_acquisition: 0 | has_ipo: 1 | outcome_label: ipo | is_yc: 0 | yc_batch: none | has_layoffs: 0 | total_layoffs: 0 | description: Akebia Therapeutics is a Health Care company located in Cambridge, USA. The firm has an estimated total funding of $83.1M."
/organization/mirna-therapeutics,Mirna Therapeutics,"Headquartered in Austin, USA, Mirna Therapeutics operates as a key player in the Biotechnology industry. Established in 2007, the company continues to grow. The startup has gone public (IPO).",Biotechnology,Health Care,USA,Austin,2007.0,http://www.mirnatherapeutics.com,ipo,4,82800000.0,0,1,0,1,1,mega,growth,176.46,ipo,0,none,0,0,"mirna therapeutics biotechnology health care headquartered in austin, usa, mirna therapeutics operates as a key player in the biotechnology industry. established in 2007, the company continues to grow. the startup has gone public (ipo). usa austin","name: Mirna Therapeutics | industry: Biotechnology | sub_industry: Health Care | hq_country: USA | hq_city: Austin | founded_year: 2007.0 | status: ipo | funding_round_count: 4 | total_funding_usd: 82800000.0 | has_acquisition: 0 | has_ipo: 1 | outcome_label: ipo | is_yc: 0 | yc_batch: none | has_layoffs: 0 | total_layoffs: 0 | description: Headquartered in Austin, USA, Mirna Therapeutics operates as a key player in the Biotechnology industry. Established in 2007, the company continues to grow. The startup has gone public (IPO)."
/organization/adamas-pharmaceuticals,Adamas Pharmaceuticals,"Founded in 2000, Adamas Pharmaceuticals is disrupting the Health Care sector in Emeryville, USA. They have secured $82.0M across 4 funding rounds.",Health Care,,USA,Emeryville,2000.0,http://www.adamaspharma.com,ipo,4,82000000.0,0,1,0,1,1,mega,growth,176.44,ipo,0,none,0,0,"adamas pharmaceuticals health care  founded in 2000, adamas pharmaceuticals is disrupting the health care sector in emeryville, usa. they have secured $82.0m across 4 funding rounds. usa emeryville","name: Adamas Pharmaceuticals | industry: Health Care | sub_industry: N/A | hq_country: USA | hq_city: Emeryville | founded_year: 2000.0 | status: ipo | funding_round_count: 4 | total_funding_usd: 82000000.0 | has_acquisition: 0 | has_ipo: 1 | outcome_label: ipo | is_yc: 0 | yc_batch: none | has_layoffs: 0 | total_layoffs: 0 | description: Founded in 2000, Adamas Pharmaceuticals is disrupting the Health Care sector in Emeryville, USA. They have secured $82.0M across 4 funding rounds."
/organization/ovascience,OvaScience,"Founded in 2011, the Biotechnology startup OvaScience provides Biotechnology solutions in Boston, USA.",Biotechnology,,USA,Boston,2011.0,http://ovascience.com,ipo,4,81999920.0,0,1,0,1,1,mega,growth,176.44,ipo,0,none,0,0,"ovascience biotechnology  founded in 2011, the biotechnology startup ovascience provides biotechnology solutions in boston, usa. usa boston","name: OvaScience | industry: Biotechnology | sub_industry: N/A | hq_country: USA | hq_city: Boston | founded_year: 2011.0 | status: ipo | funding_round_count: 4 | total_funding_usd: 81999920.0 | has_acquisition: 0 | has_ipo: 1 | outcome_label: ipo | is_yc: 0 | yc_batch: none | has_layoffs: 0 | total_layoffs: 0 | description: Founded in 2011, the Biotechnology startup OvaScience provides Biotechnology solutions in Boston, USA."
/organization/tetraphase-pharmaceuticals,Tetraphase Pharmaceuticals,"Based out of Watertown, USA, Tetraphase Pharmaceuticals is focused on Biotechnology. To date, they have raised $80.0M.",Biotechnology,Health Care,USA,Watertown,,http://tphase.com,ipo,4,80040000.0,0,1,0,1,1,mega,growth,176.4,ipo,0,none,0,0,"tetraphase pharmaceuticals biotechnology health care based out of watertown, usa, tetraphase pharmaceuticals is focused on biotechnology. to date, they have raised $80.0m. usa watertown","name: Tetraphase Pharmaceuticals | industry: Biotechnology | sub_industry: Health Care | hq_country: USA | hq_city: Watertown | founded_year: N/A | status: ipo | funding_round_count: 4 | total_funding_usd: 80040000.0 | has_acquisition: 0 | has_ipo: 1 | outcome_label: ipo | is_yc: 0 | yc_batch: none | has_layoffs: 0 | total_layoffs: 0 | description: Based out of Watertown, USA, Tetraphase Pharmaceuticals is focused on Biotechnology. To date, they have raised $80.0M."
/organization/instructure,Instructure,"Founded in 2008, Instructure is transforming the EdTech sector in Salt Lake City, USA. They have secured $79.1M across 4 funding rounds.",Colleges,EdTech,USA,Salt Lake City,2008.0,http://www.instructure.com,ipo,4,79100000.0,0,1,0,1,1,mega,growth,176.37,ipo,0,none,0,0,"instructure colleges edtech founded in 2008, instructure is transforming the edtech sector in salt lake city, usa. they have secured $79.1m across 4 funding rounds. usa salt lake city","name: Instructure | industry: Colleges | sub_industry: EdTech | hq_country: USA | hq_city: Salt Lake City | founded_year: 2008.0 | status: ipo | funding_round_count: 4 | total_funding_usd: 79100000.0 | has_acquisition: 0 | has_ipo: 1 | outcome_label: ipo | is_yc: 0 | yc_batch: none | has_layoffs: 0 | total_layoffs: 0 | description: Founded in 2008, Instructure is transforming the EdTech sector in Salt Lake City, USA. They have secured $79.1M across 4 funding rounds."
/organization/vitae-pharmaceuticals,Vitae Pharmaceuticals,"the Bio-Pharm startup Vitae Pharmaceuticals provides Clinical Trials solutions in Fort Washington, USA.",Bio-Pharm,Clinical Trials,USA,Fort Washington,,http://www.vitaepharma.com,ipo,4,79000000.0,0,1,0,1,1,mega,growth,176.37,ipo,0,none,0,0,"vitae pharmaceuticals bio-pharm clinical trials the bio-pharm startup vitae pharmaceuticals provides clinical trials solutions in fort washington, usa. usa fort washington","name: Vitae Pharmaceuticals | industry: Bio-Pharm | sub_industry: Clinical Trials | hq_country: USA | hq_city: Fort Washington | founded_year: N/A | status: ipo | funding_round_count: 4 | total_funding_usd: 79000000.0 | has_acquisition: 0 | has_ipo: 1 | outcome_label: ipo | is_yc: 0 | yc_batch: none | has_layoffs: 0 | total_layoffs: 0 | description: the Bio-Pharm startup Vitae Pharmaceuticals provides Clinical Trials solutions in Fort Washington, USA."
/organization/aratana-therapeutics,Aratana Therapeutics,"Based out of Kansas City, USA, Aratana Therapeutics is focused on Biotechnology. To date, they have raised $76.8M.",Biotechnology,Health Care,USA,Kansas City,2010.0,http://www.aratanatherapeutics.com,ipo,4,76750000.0,0,1,0,1,1,mega,growth,176.31,ipo,0,none,0,0,"aratana therapeutics biotechnology health care based out of kansas city, usa, aratana therapeutics is focused on biotechnology. to date, they have raised $76.8m. usa kansas city","name: Aratana Therapeutics | industry: Biotechnology | sub_industry: Health Care | hq_country: USA | hq_city: Kansas City | founded_year: 2010.0 | status: ipo | funding_round_count: 4 | total_funding_usd: 76750000.0 | has_acquisition: 0 | has_ipo: 1 | outcome_label: ipo | is_yc: 0 | yc_batch: none | has_layoffs: 0 | total_layoffs: 0 | description: Based out of Kansas City, USA, Aratana Therapeutics is focused on Biotechnology. To date, they have raised $76.8M."
/organization/covenant-surgical-partners,Covenant Surgical Partners,"Headquartered in Nashville, USA, Covenant Surgical Partners operates as a key player in the Biotechnology industry. Established in 2008, the company continues to grow.",Biotechnology,,USA,Nashville,2008.0,http://www.covenantsurgicalpartners.com,operating,14,76336992.0,0,0,0,0,0,mega,late,176.3,funded_growth,0,none,0,0,"covenant surgical partners biotechnology  headquartered in nashville, usa, covenant surgical partners operates as a key player in the biotechnology industry. established in 2008, the company continues to grow. usa nashville","name: Covenant Surgical Partners | industry: Biotechnology | sub_industry: N/A | hq_country: USA | hq_city: Nashville | founded_year: 2008.0 | status: operating | funding_round_count: 14 | total_funding_usd: 76336992.0 | has_acquisition: 0 | has_ipo: 0 | outcome_label: funded_growth | is_yc: 0 | yc_batch: none | has_layoffs: 0 | total_layoffs: 0 | description: Headquartered in Nashville, USA, Covenant Surgical Partners operates as a key player in the Biotechnology industry. Established in 2008, the company continues to grow."
/organization/channeladvisor,ChannelAdvisor,"Founded in 2001, the Auctions startup ChannelAdvisor provides Building Products solutions in Morrisville, USA.",Auctions,Building Products,USA,Morrisville,2001.0,http://www.channeladvisor.com,ipo,4,75000000.0,0,1,0,1,1,mega,growth,176.27,ipo,0,none,0,0,"channeladvisor auctions building products founded in 2001, the auctions startup channeladvisor provides building products solutions in morrisville, usa. usa morrisville","name: ChannelAdvisor | industry: Auctions | sub_industry: Building Products | hq_country: USA | hq_city: Morrisville | founded_year: 2001.0 | status: ipo | funding_round_count: 4 | total_funding_usd: 75000000.0 | has_acquisition: 0 | has_ipo: 1 | outcome_label: ipo | is_yc: 0 | yc_batch: none | has_layoffs: 0 | total_layoffs: 0 | description: Founded in 2001, the Auctions startup ChannelAdvisor provides Building Products solutions in Morrisville, USA."
/organization/tobii-technology,Tobii AB,"Founded in 2001, Tobii AB is transforming the Health Diagnostics sector in Danderyd, SWE. They have secured $71.8M across 4 funding rounds.",Hardware + Software,Health Diagnostics,SWE,Danderyd,2001.0,http://www.tobii.com,ipo,4,71779200.0,0,1,0,1,1,mega,growth,176.18,ipo,0,none,0,0,"tobii ab hardware + software health diagnostics founded in 2001, tobii ab is transforming the health diagnostics sector in danderyd, swe. they have secured $71.8m across 4 funding rounds. swe danderyd","name: Tobii AB | industry: Hardware + Software | sub_industry: Health Diagnostics | hq_country: SWE | hq_city: Danderyd | founded_year: 2001.0 | status: ipo | funding_round_count: 4 | total_funding_usd: 71779200.0 | has_acquisition: 0 | has_ipo: 1 | outcome_label: ipo | is_yc: 0 | yc_batch: none | has_layoffs: 0 | total_layoffs: 0 | description: Founded in 2001, Tobii AB is transforming the Health Diagnostics sector in Danderyd, SWE. They have secured $71.8M across 4 funding rounds."
/organization/aviir,Aviir,"Based out of Irvine, USA, Aviir is focused on Biotechnology. To date, they have raised $70.9M.",Biotechnology,,USA,Irvine,2005.0,http://www.aviir.com,closed,14,70930000.0,0,0,0,0,0,mega,late,176.15,closed,0,none,0,0,"aviir biotechnology  based out of irvine, usa, aviir is focused on biotechnology. to date, they have raised $70.9m. usa irvine","name: Aviir | industry: Biotechnology | sub_industry: N/A | hq_country: USA | hq_city: Irvine | founded_year: 2005.0 | status: closed | funding_round_count: 14 | total_funding_usd: 70930000.0 | has_acquisition: 0 | has_ipo: 0 | outcome_label: closed | is_yc: 0 | yc_batch: none | has_layoffs: 0 | total_layoffs: 0 | description: Based out of Irvine, USA, Aviir is focused on Biotechnology. To date, they have raised $70.9M."
/organization/verastem,Verastem,"Verastem is transforming the Health Care sector in Boston, USA. They have secured $70.0M across 4 funding rounds.",Biotechnology,Health Care,USA,Boston,,http://www.verastem.com,ipo,4,70000000.0,0,1,0,1,1,mega,growth,176.13,ipo,0,none,0,0,"verastem biotechnology health care verastem is transforming the health care sector in boston, usa. they have secured $70.0m across 4 funding rounds. usa boston","name: Verastem | industry: Biotechnology | sub_industry: Health Care | hq_country: USA | hq_city: Boston | founded_year: N/A | status: ipo | funding_round_count: 4 | total_funding_usd: 70000000.0 | has_acquisition: 0 | has_ipo: 1 | outcome_label: ipo | is_yc: 0 | yc_batch: none | has_layoffs: 0 | total_layoffs: 0 | description: Verastem is transforming the Health Care sector in Boston, USA. They have secured $70.0M across 4 funding rounds."
/organization/redhill-biopharma,RedHill Biopharma,"RedHill Biopharma is a Biotechnology company located in Ramat Gan, ISR. The firm has an estimated total funding of $70.2M.",Biotechnology,,ISR,Ramat Gan,2009.0,http://www.redhillbio.com,ipo,4,70200000.0,0,1,0,1,1,mega,growth,176.13,ipo,0,none,0,0,"redhill biopharma biotechnology  redhill biopharma is a biotechnology company located in ramat gan, isr. the firm has an estimated total funding of $70.2m. isr ramat gan","name: RedHill Biopharma | industry: Biotechnology | sub_industry: N/A | hq_country: ISR | hq_city: Ramat Gan | founded_year: 2009.0 | status: ipo | funding_round_count: 4 | total_funding_usd: 70200000.0 | has_acquisition: 0 | has_ipo: 1 | outcome_label: ipo | is_yc: 0 | yc_batch: none | has_layoffs: 0 | total_layoffs: 0 | description: RedHill Biopharma is a Biotechnology company located in Ramat Gan, ISR. The firm has an estimated total funding of $70.2M."
/organization/inotek-pharmaceuticals,Inotek Pharmaceuticals,"Headquartered in Lexington, USA, Inotek Pharmaceuticals operates as a key player in the Biotechnology industry. Established in 1996, the company continues to grow. The startup has gone public (IPO).",Biotechnology,,USA,Lexington,1996.0,http://www.inotekcorp.com,ipo,4,69900000.0,0,1,0,1,1,mega,growth,176.13,ipo,0,none,0,0,"inotek pharmaceuticals biotechnology  headquartered in lexington, usa, inotek pharmaceuticals operates as a key player in the biotechnology industry. established in 1996, the company continues to grow. the startup has gone public (ipo). usa lexington","name: Inotek Pharmaceuticals | industry: Biotechnology | sub_industry: N/A | hq_country: USA | hq_city: Lexington | founded_year: 1996.0 | status: ipo | funding_round_count: 4 | total_funding_usd: 69900000.0 | has_acquisition: 0 | has_ipo: 1 | outcome_label: ipo | is_yc: 0 | yc_batch: none | has_layoffs: 0 | total_layoffs: 0 | description: Headquartered in Lexington, USA, Inotek Pharmaceuticals operates as a key player in the Biotechnology industry. Established in 1996, the company continues to grow. The startup has gone public (IPO)."
/organization/diadexus,diaDexus,"Headquartered in South San Francisco, USA, diaDexus operates as a key player in the Biotechnology industry. Established in 1997, the company continues to grow. The startup has gone public (IPO).",Biotechnology,,USA,South San Francisco,1997.0,http://www.diadexus.com,ipo,4,68700000.0,0,1,0,1,1,mega,growth,176.09,ipo,0,none,0,0,"diadexus biotechnology  headquartered in south san francisco, usa, diadexus operates as a key player in the biotechnology industry. established in 1997, the company continues to grow. the startup has gone public (ipo). usa south san francisco","name: diaDexus | industry: Biotechnology | sub_industry: N/A | hq_country: USA | hq_city: South San Francisco | founded_year: 1997.0 | status: ipo | funding_round_count: 4 | total_funding_usd: 68700000.0 | has_acquisition: 0 | has_ipo: 1 | outcome_label: ipo | is_yc: 0 | yc_batch: none | has_layoffs: 0 | total_layoffs: 0 | description: Headquartered in South San Francisco, USA, diaDexus operates as a key player in the Biotechnology industry. Established in 1997, the company continues to grow. The startup has gone public (IPO)."
/organization/cardio3-biosciences,Cardio3 BioSciences,"Founded in 2007, the Biotechnology startup Cardio3 BioSciences provides Biotechnology solutions in Mont-saint-guibert, BEL.",Biotechnology,,BEL,Mont-saint-guibert,2007.0,http://www.c3bs.com,ipo,4,68589111.0,0,1,0,1,1,mega,growth,176.09,ipo,0,none,0,0,"cardio3 biosciences biotechnology  founded in 2007, the biotechnology startup cardio3 biosciences provides biotechnology solutions in mont-saint-guibert, bel. bel mont-saint-guibert","name: Cardio3 BioSciences | industry: Biotechnology | sub_industry: N/A | hq_country: BEL | hq_city: Mont-saint-guibert | founded_year: 2007.0 | status: ipo | funding_round_count: 4 | total_funding_usd: 68589111.0 | has_acquisition: 0 | has_ipo: 1 | outcome_label: ipo | is_yc: 0 | yc_batch: none | has_layoffs: 0 | total_layoffs: 0 | description: Founded in 2007, the Biotechnology startup Cardio3 BioSciences provides Biotechnology solutions in Mont-saint-guibert, BEL."
/organization/comscore,comScore,"Founded in 1999, the Business Services startup comScore provides Curated Web solutions in Reston, USA.",Business Services,Curated Web,USA,Reston,1999.0,http://www.comscore.com,ipo,4,68239769.0,0,1,0,1,1,mega,growth,176.08,ipo,0,none,0,0,"comscore business services curated web founded in 1999, the business services startup comscore provides curated web solutions in reston, usa. usa reston","name: comScore | industry: Business Services | sub_industry: Curated Web | hq_country: USA | hq_city: Reston | founded_year: 1999.0 | status: ipo | funding_round_count: 4 | total_funding_usd: 68239769.0 | has_acquisition: 0 | has_ipo: 1 | outcome_label: ipo | is_yc: 0 | yc_batch: none | has_layoffs: 0 | total_layoffs: 0 | description: Founded in 1999, the Business Services startup comScore provides Curated Web solutions in Reston, USA."
/organization/organovo-holdings,Organovo Holdings,"Based out of San Diego, USA, Organovo Holdings is focused on Biotechnology. To date, they have raised $66.4M.",Biotechnology,,USA,San Diego,,http://organovo.com,ipo,4,66352435.0,0,1,0,1,1,mega,growth,176.02,ipo,0,none,0,0,"organovo holdings biotechnology  based out of san diego, usa, organovo holdings is focused on biotechnology. to date, they have raised $66.4m. usa san diego","name: Organovo Holdings | industry: Biotechnology | sub_industry: N/A | hq_country: USA | hq_city: San Diego | founded_year: N/A | status: ipo | funding_round_count: 4 | total_funding_usd: 66352435.0 | has_acquisition: 0 | has_ipo: 1 | outcome_label: ipo | is_yc: 0 | yc_batch: none | has_layoffs: 0 | total_layoffs: 0 | description: Based out of San Diego, USA, Organovo Holdings is focused on Biotechnology. To date, they have raised $66.4M."
/organization/fitbit,Fitbit,"Founded in 2007, the Fitness startup Fitbit provides Hardware solutions in San Francisco, USA.",Fitness,Hardware,USA,San Francisco,2007.0,http://www.fitbit.com,ipo,4,66000000.0,0,1,0,1,1,mega,growth,176.01,ipo,0,none,0,0,"fitbit fitness hardware founded in 2007, the fitness startup fitbit provides hardware solutions in san francisco, usa. usa san francisco","name: Fitbit | industry: Fitness | sub_industry: Hardware | hq_country: USA | hq_city: San Francisco | founded_year: 2007.0 | status: ipo | funding_round_count: 4 | total_funding_usd: 66000000.0 | has_acquisition: 0 | has_ipo: 1 | outcome_label: ipo | is_yc: 0 | yc_batch: none | has_layoffs: 0 | total_layoffs: 0 | description: Founded in 2007, the Fitness startup Fitbit provides Hardware solutions in San Francisco, USA."
/organization/argen-x,arGEN-X,"arGEN-X is a Biotechnology company located in Rotterdam, NLD. The firm has an estimated total funding of $63.6M.",Biotechnology,,NLD,Rotterdam,,http://www.argen-x.com,ipo,4,63643889.0,0,1,0,1,1,mega,growth,175.94,ipo,0,none,0,0,"argen-x biotechnology  argen-x is a biotechnology company located in rotterdam, nld. the firm has an estimated total funding of $63.6m. nld rotterdam","name: arGEN-X | industry: Biotechnology | sub_industry: N/A | hq_country: NLD | hq_city: Rotterdam | founded_year: N/A | status: ipo | funding_round_count: 4 | total_funding_usd: 63643889.0 | has_acquisition: 0 | has_ipo: 1 | outcome_label: ipo | is_yc: 0 | yc_batch: none | has_layoffs: 0 | total_layoffs: 0 | description: arGEN-X is a Biotechnology company located in Rotterdam, NLD. The firm has an estimated total funding of $63.6M."
/organization/criteo,Criteo,"Based out of Paris, FRA, Criteo is focused on Advertising. To date, they have raised $63.4M.",Advertising,,FRA,Paris,2005.0,http://www.criteo.com,ipo,4,63360000.0,0,1,0,1,1,mega,growth,175.93,ipo,0,none,0,0,"criteo advertising  based out of paris, fra, criteo is focused on advertising. to date, they have raised $63.4m. fra paris","name: Criteo | industry: Advertising | sub_industry: N/A | hq_country: FRA | hq_city: Paris | founded_year: 2005.0 | status: ipo | funding_round_count: 4 | total_funding_usd: 63360000.0 | has_acquisition: 0 | has_ipo: 1 | outcome_label: ipo | is_yc: 0 | yc_batch: none | has_layoffs: 0 | total_layoffs: 0 | description: Based out of Paris, FRA, Criteo is focused on Advertising. To date, they have raised $63.4M."
/organization/biolinerx,BiolineRx,"Founded in 2003, the Biotechnology startup BiolineRx provides Biotechnology solutions in Jerusalem, ISR.",Biotechnology,,ISR,Jerusalem,2003.0,http://biolinerx.com,ipo,4,63100000.0,0,1,0,1,1,mega,growth,175.92,ipo,0,none,0,0,"biolinerx biotechnology  founded in 2003, the biotechnology startup biolinerx provides biotechnology solutions in jerusalem, isr. isr jerusalem","name: BiolineRx | industry: Biotechnology | sub_industry: N/A | hq_country: ISR | hq_city: Jerusalem | founded_year: 2003.0 | status: ipo | funding_round_count: 4 | total_funding_usd: 63100000.0 | has_acquisition: 0 | has_ipo: 1 | outcome_label: ipo | is_yc: 0 | yc_batch: none | has_layoffs: 0 | total_layoffs: 0 | description: Founded in 2003, the Biotechnology startup BiolineRx provides Biotechnology solutions in Jerusalem, ISR."
/organization/approva,Approva,"Founded in 2001, the Enterprise Software startup Approva provides Enterprise Software solutions in Reston, USA.",Enterprise Software,,USA,Reston,2001.0,http://www.approva.net,acquired,9,63000000.0,1,0,1,0,1,mega,late,175.92,acquired,0,none,0,0,"approva enterprise software  founded in 2001, the enterprise software startup approva provides enterprise software solutions in reston, usa. usa reston","name: Approva | industry: Enterprise Software | sub_industry: N/A | hq_country: USA | hq_city: Reston | founded_year: 2001.0 | status: acquired | funding_round_count: 9 | total_funding_usd: 63000000.0 | has_acquisition: 1 | has_ipo: 0 | outcome_label: acquired | is_yc: 0 | yc_batch: none | has_layoffs: 0 | total_layoffs: 0 | description: Founded in 2001, the Enterprise Software startup Approva provides Enterprise Software solutions in Reston, USA."
/organization/accelerate-diagnostics,Accelerate Diagnostics,"Headquartered in Tucson, USA, Accelerate Diagnostics operates as a key player in the Health Care industry. Established in 2004, the company continues to grow. The startup has gone public (IPO).",Health Care,Health Diagnostics,USA,Tucson,2004.0,http://acceleratediagnostics.com,ipo,4,63016244.0,0,1,0,1,1,mega,growth,175.92,ipo,0,none,0,0,"accelerate diagnostics health care health diagnostics headquartered in tucson, usa, accelerate diagnostics operates as a key player in the health care industry. established in 2004, the company continues to grow. the startup has gone public (ipo). usa tucson","name: Accelerate Diagnostics | industry: Health Care | sub_industry: Health Diagnostics | hq_country: USA | hq_city: Tucson | founded_year: 2004.0 | status: ipo | funding_round_count: 4 | total_funding_usd: 63016244.0 | has_acquisition: 0 | has_ipo: 1 | outcome_label: ipo | is_yc: 0 | yc_batch: none | has_layoffs: 0 | total_layoffs: 0 | description: Headquartered in Tucson, USA, Accelerate Diagnostics operates as a key player in the Health Care industry. Established in 2004, the company continues to grow. The startup has gone public (IPO)."
/organization/blekko,Blekko,"Blekko is a Search company located in Redwood Shores, USA. The firm has an estimated total funding of $60.2M.",Search,,USA,Redwood Shores,2007.0,http://www.blekko.com,acquired,9,60200000.0,1,0,1,0,1,mega,late,175.83,acquired,0,none,0,0,"blekko search  blekko is a search company located in redwood shores, usa. the firm has an estimated total funding of $60.2m. usa redwood shores","name: Blekko | industry: Search | sub_industry: N/A | hq_country: USA | hq_city: Redwood Shores | founded_year: 2007.0 | status: acquired | funding_round_count: 9 | total_funding_usd: 60200000.0 | has_acquisition: 1 | has_ipo: 0 | outcome_label: acquired | is_yc: 0 | yc_batch: none | has_layoffs: 0 | total_layoffs: 0 | description: Blekko is a Search company located in Redwood Shores, USA. The firm has an estimated total funding of $60.2M."
/organization/gevo,Gevo,"Gevo is innovating the Clean Technology sector in Englewood, USA. They have secured $59.5M across 4 funding rounds.",Chemicals,Clean Technology,USA,Englewood,,http://www.gevo.com,ipo,4,59500000.0,0,1,0,1,1,mega,growth,175.8,ipo,0,none,0,0,"gevo chemicals clean technology gevo is innovating the clean technology sector in englewood, usa. they have secured $59.5m across 4 funding rounds. usa englewood","name: Gevo | industry: Chemicals | sub_industry: Clean Technology | hq_country: USA | hq_city: Englewood | founded_year: N/A | status: ipo | funding_round_count: 4 | total_funding_usd: 59500000.0 | has_acquisition: 0 | has_ipo: 1 | outcome_label: ipo | is_yc: 0 | yc_batch: none | has_layoffs: 0 | total_layoffs: 0 | description: Gevo is innovating the Clean Technology sector in Englewood, USA. They have secured $59.5M across 4 funding rounds."
/organization/wix,Wix,"Founded in 2006, Wix is transforming the Design sector in Tel Aviv, ISR. They have secured $58.5M across 4 funding rounds.",Curated Web,Design,ISR,Tel Aviv,2006.0,http://www.wix.com,ipo,4,58500000.0,0,1,0,1,1,mega,growth,175.77,ipo,0,none,0,0,"wix curated web design founded in 2006, wix is transforming the design sector in tel aviv, isr. they have secured $58.5m across 4 funding rounds. isr tel aviv","name: Wix | industry: Curated Web | sub_industry: Design | hq_country: ISR | hq_city: Tel Aviv | founded_year: 2006.0 | status: ipo | funding_round_count: 4 | total_funding_usd: 58500000.0 | has_acquisition: 0 | has_ipo: 1 | outcome_label: ipo | is_yc: 0 | yc_batch: none | has_layoffs: 0 | total_layoffs: 0 | description: Founded in 2006, Wix is transforming the Design sector in Tel Aviv, ISR. They have secured $58.5M across 4 funding rounds."
/organization/epigenomics-ag,Epigenomics AG,"Founded in 1998, the Health Diagnostics startup Epigenomics AG provides Software solutions.",Health Diagnostics,Software,,,1998.0,http://epigenomics.com,ipo,4,58519352.0,0,1,0,1,1,mega,growth,175.77,ipo,0,none,0,0,"epigenomics ag health diagnostics software founded in 1998, the health diagnostics startup epigenomics ag provides software solutions.  ","name: Epigenomics AG | industry: Health Diagnostics | sub_industry: Software | hq_country: N/A | hq_city: N/A | founded_year: 1998.0 | status: ipo | funding_round_count: 4 | total_funding_usd: 58519352.0 | has_acquisition: 0 | has_ipo: 1 | outcome_label: ipo | is_yc: 0 | yc_batch: none | has_layoffs: 0 | total_layoffs: 0 | description: Founded in 1998, the Health Diagnostics startup Epigenomics AG provides Software solutions."
/organization/vertical-communications-2,Vertical Communications,"Vertical Communications is a Telecommunications company located in Santa Clara, USA. The firm has an estimated total funding of $58.0M.",Business Services,Telecommunications,USA,Santa Clara,2004.0,http://www.vertical.com/vertical/hub,ipo,4,58000000.0,0,1,0,1,1,mega,growth,175.75,ipo,0,none,0,0,"vertical communications business services telecommunications vertical communications is a telecommunications company located in santa clara, usa. the firm has an estimated total funding of $58.0m. usa santa clara","name: Vertical Communications | industry: Business Services | sub_industry: Telecommunications | hq_country: USA | hq_city: Santa Clara | founded_year: 2004.0 | status: ipo | funding_round_count: 4 | total_funding_usd: 58000000.0 | has_acquisition: 0 | has_ipo: 1 | outcome_label: ipo | is_yc: 0 | yc_batch: none | has_layoffs: 0 | total_layoffs: 0 | description: Vertical Communications is a Telecommunications company located in Santa Clara, USA. The firm has an estimated total funding of $58.0M."
/organization/wafergen-biosystems,WaferGen Biosystems,"WaferGen Biosystems is a Biotechnology company located in Fremont, USA. The firm has an estimated total funding of $56.9M.",Biotechnology,,USA,Fremont,,http://www.wafergen.com,ipo,4,56896750.0,0,1,0,1,1,mega,growth,175.71,ipo,0,none,0,0,"wafergen biosystems biotechnology  wafergen biosystems is a biotechnology company located in fremont, usa. the firm has an estimated total funding of $56.9m. usa fremont","name: WaferGen Biosystems | industry: Biotechnology | sub_industry: N/A | hq_country: USA | hq_city: Fremont | founded_year: N/A | status: ipo | funding_round_count: 4 | total_funding_usd: 56896750.0 | has_acquisition: 0 | has_ipo: 1 | outcome_label: ipo | is_yc: 0 | yc_batch: none | has_layoffs: 0 | total_layoffs: 0 | description: WaferGen Biosystems is a Biotechnology company located in Fremont, USA. The firm has an estimated total funding of $56.9M."
/organization/getafreelancer,Freelancer,"Headquartered in Sydney, AUS, Freelancer operates as a key player in the Contests industry. Established in 2009, the company continues to grow. The startup has gone public (IPO).",Contests,Crowdsourcing,AUS,Sydney,2009.0,http://www.freelancer.com,ipo,4,56409796.8156988,0,1,0,1,1,mega,growth,175.7,ipo,0,none,0,0,"freelancer contests crowdsourcing headquartered in sydney, aus, freelancer operates as a key player in the contests industry. established in 2009, the company continues to grow. the startup has gone public (ipo). aus sydney","name: Freelancer | industry: Contests | sub_industry: Crowdsourcing | hq_country: AUS | hq_city: Sydney | founded_year: 2009.0 | status: ipo | funding_round_count: 4 | total_funding_usd: 56409796.8156988 | has_acquisition: 0 | has_ipo: 1 | outcome_label: ipo | is_yc: 0 | yc_batch: none | has_layoffs: 0 | total_layoffs: 0 | description: Headquartered in Sydney, AUS, Freelancer operates as a key player in the Contests industry. Established in 2009, the company continues to grow. The startup has gone public (IPO)."
/organization/epals,Cricket Media,"Founded in 1996, Cricket Media is disrupting the Enterprise Software sector in Herndon, USA. They have secured $56.3M across 4 funding rounds.",Education,Enterprise Software,USA,Herndon,1996.0,http://www.cricketmedia.com,ipo,4,56309183.0,0,1,0,1,1,mega,growth,175.69,ipo,0,none,0,0,"cricket media education enterprise software founded in 1996, cricket media is disrupting the enterprise software sector in herndon, usa. they have secured $56.3m across 4 funding rounds. usa herndon","name: Cricket Media | industry: Education | sub_industry: Enterprise Software | hq_country: USA | hq_city: Herndon | founded_year: 1996.0 | status: ipo | funding_round_count: 4 | total_funding_usd: 56309183.0 | has_acquisition: 0 | has_ipo: 1 | outcome_label: ipo | is_yc: 0 | yc_batch: none | has_layoffs: 0 | total_layoffs: 0 | description: Founded in 1996, Cricket Media is disrupting the Enterprise Software sector in Herndon, USA. They have secured $56.3M across 4 funding rounds."
/organization/uber,Uber,"Based out of San Francisco, USA, Uber is focused on Automotive. To date, they have raised $8.2B.",Automotive,Design,USA,San Francisco,2009.0,http://www.uber.com,operating,13,8207450000.0,0,0,0,0,0,mega,late,175.66,funded_growth,0,none,0,0,"uber automotive design based out of san francisco, usa, uber is focused on automotive. to date, they have raised $8.2b. usa san francisco","name: Uber | industry: Automotive | sub_industry: Design | hq_country: USA | hq_city: San Francisco | founded_year: 2009.0 | status: operating | funding_round_count: 13 | total_funding_usd: 8207450000.0 | has_acquisition: 0 | has_ipo: 0 | outcome_label: funded_growth | is_yc: 0 | yc_batch: none | has_layoffs: 0 | total_layoffs: 0 | description: Based out of San Francisco, USA, Uber is focused on Automotive. To date, they have raised $8.2B."
/organization/cytori-therapeutics,Cytori Therapeutics,"Cytori Therapeutics is a Biotechnology company located in San Diego, USA. The firm has an estimated total funding of $54.8M.",Biotechnology,,USA,San Diego,1996.0,http://www.cytori.com,ipo,4,54751700.0,0,1,0,1,1,mega,growth,175.64,ipo,0,none,0,0,"cytori therapeutics biotechnology  cytori therapeutics is a biotechnology company located in san diego, usa. the firm has an estimated total funding of $54.8m. usa san diego","name: Cytori Therapeutics | industry: Biotechnology | sub_industry: N/A | hq_country: USA | hq_city: San Diego | founded_year: 1996.0 | status: ipo | funding_round_count: 4 | total_funding_usd: 54751700.0 | has_acquisition: 0 | has_ipo: 1 | outcome_label: ipo | is_yc: 0 | yc_batch: none | has_layoffs: 0 | total_layoffs: 0 | description: Cytori Therapeutics is a Biotechnology company located in San Diego, USA. The firm has an estimated total funding of $54.8M."
/organization/oramed-pharmaceuticals,Oramed Pharmaceuticals,"Founded in 2006, Oramed Pharmaceuticals is transforming the Biotechnology sector in Jerusalem, ISR. They have secured $54.4M across 4 funding rounds.",Biotechnology,,ISR,Jerusalem,2006.0,http://oramed.com,ipo,4,54387500.0,0,1,0,1,1,mega,growth,175.62,ipo,0,none,0,0,"oramed pharmaceuticals biotechnology  founded in 2006, oramed pharmaceuticals is transforming the biotechnology sector in jerusalem, isr. they have secured $54.4m across 4 funding rounds. isr jerusalem","name: Oramed Pharmaceuticals | industry: Biotechnology | sub_industry: N/A | hq_country: ISR | hq_city: Jerusalem | founded_year: 2006.0 | status: ipo | funding_round_count: 4 | total_funding_usd: 54387500.0 | has_acquisition: 0 | has_ipo: 1 | outcome_label: ipo | is_yc: 0 | yc_batch: none | has_layoffs: 0 | total_layoffs: 0 | description: Founded in 2006, Oramed Pharmaceuticals is transforming the Biotechnology sector in Jerusalem, ISR. They have secured $54.4M across 4 funding rounds."
/organization/metaps,Metaps,"Metaps is a Mobile company located in Singapore, SGP. The firm has an estimated total funding of $52.5M.",Big Data,Mobile,SGP,Singapore,2007.0,http://www.metaps.com,ipo,4,52500000.0,0,1,0,1,1,mega,growth,175.55,ipo,0,none,0,0,"metaps big data mobile metaps is a mobile company located in singapore, sgp. the firm has an estimated total funding of $52.5m. sgp singapore","name: Metaps | industry: Big Data | sub_industry: Mobile | hq_country: SGP | hq_city: Singapore | founded_year: 2007.0 | status: ipo | funding_round_count: 4 | total_funding_usd: 52500000.0 | has_acquisition: 0 | has_ipo: 1 | outcome_label: ipo | is_yc: 0 | yc_batch: none | has_layoffs: 0 | total_layoffs: 0 | description: Metaps is a Mobile company located in Singapore, SGP. The firm has an estimated total funding of $52.5M."
/organization/tracon-pharmaceuticals,TRACON Pharmaceuticals,"Headquartered in San Diego, USA, TRACON Pharmaceuticals operates as a key player in the Biotechnology industry. The startup has gone public (IPO).",Biotechnology,,USA,San Diego,,http://www.traconpharma.com,ipo,4,52040000.0,0,1,0,1,1,mega,growth,175.54,ipo,0,none,0,0,"tracon pharmaceuticals biotechnology  headquartered in san diego, usa, tracon pharmaceuticals operates as a key player in the biotechnology industry. the startup has gone public (ipo). usa san diego","name: TRACON Pharmaceuticals | industry: Biotechnology | sub_industry: N/A | hq_country: USA | hq_city: San Diego | founded_year: N/A | status: ipo | funding_round_count: 4 | total_funding_usd: 52040000.0 | has_acquisition: 0 | has_ipo: 1 | outcome_label: ipo | is_yc: 0 | yc_batch: none | has_layoffs: 0 | total_layoffs: 0 | description: Headquartered in San Diego, USA, TRACON Pharmaceuticals operates as a key player in the Biotechnology industry. The startup has gone public (IPO)."
/organization/micron-technology,Micron Technology,"Headquartered in Boise, USA, Micron Technology operates as a key player in the Semiconductors industry. Established in 1978, the company continues to grow. The startup has gone public (IPO).",Semiconductors,,USA,Boise,1978.0,http://www.micron.com,ipo,4,50410400.0,0,1,0,1,1,mega,growth,175.47,ipo,0,none,0,0,"micron technology semiconductors  headquartered in boise, usa, micron technology operates as a key player in the semiconductors industry. established in 1978, the company continues to grow. the startup has gone public (ipo). usa boise","name: Micron Technology | industry: Semiconductors | sub_industry: N/A | hq_country: USA | hq_city: Boise | founded_year: 1978.0 | status: ipo | funding_round_count: 4 | total_funding_usd: 50410400.0 | has_acquisition: 0 | has_ipo: 1 | outcome_label: ipo | is_yc: 0 | yc_batch: none | has_layoffs: 0 | total_layoffs: 0 | description: Headquartered in Boise, USA, Micron Technology operates as a key player in the Semiconductors industry. Established in 1978, the company continues to grow. The startup has gone public (IPO)."
/organization/isoftstone,iSoftStone,"Based out of Beijing, CHN, iSoftStone is focused on Technology. To date, they have raised $46.5M.",Technology,,CHN,Beijing,2001.0,http://www.isoftstone.com,ipo,4,46500000.0,0,1,0,1,1,high,growth,175.31,ipo,0,none,0,0,"isoftstone technology  based out of beijing, chn, isoftstone is focused on technology. to date, they have raised $46.5m. chn beijing","name: iSoftStone | industry: Technology | sub_industry: N/A | hq_country: CHN | hq_city: Beijing | founded_year: 2001.0 | status: ipo | funding_round_count: 4 | total_funding_usd: 46500000.0 | has_acquisition: 0 | has_ipo: 1 | outcome_label: ipo | is_yc: 0 | yc_batch: none | has_layoffs: 0 | total_layoffs: 0 | description: Based out of Beijing, CHN, iSoftStone is focused on Technology. To date, they have raised $46.5M."
/organization/inphi,INPHI,"Headquartered in Santa Clara, USA, INPHI operates as a key player in the Semiconductors industry. Established in 2000, the company continues to grow. The startup has gone public (IPO).",Semiconductors,,USA,Santa Clara,2000.0,http://www.inphi.com,ipo,4,45795665.0,0,1,0,1,1,high,growth,175.28,ipo,0,none,0,0,"inphi semiconductors  headquartered in santa clara, usa, inphi operates as a key player in the semiconductors industry. established in 2000, the company continues to grow. the startup has gone public (ipo). usa santa clara","name: INPHI | industry: Semiconductors | sub_industry: N/A | hq_country: USA | hq_city: Santa Clara | founded_year: 2000.0 | status: ipo | funding_round_count: 4 | total_funding_usd: 45795665.0 | has_acquisition: 0 | has_ipo: 1 | outcome_label: ipo | is_yc: 0 | yc_batch: none | has_layoffs: 0 | total_layoffs: 0 | description: Headquartered in Santa Clara, USA, INPHI operates as a key player in the Semiconductors industry. Established in 2000, the company continues to grow. The startup has gone public (IPO)."
/organization/ampliphi-biosciences,AmpliPhi Biosciences,"Founded in 1989, AmpliPhi Biosciences is pioneering the Biotechnology sector in Richmond, USA. They have secured $44.0M across 4 funding rounds.",Biotechnology,,USA,Richmond,1989.0,http://ampliphibio.com,ipo,4,43990999.0,0,1,0,1,1,high,growth,175.2,ipo,0,none,0,0,"ampliphi biosciences biotechnology  founded in 1989, ampliphi biosciences is pioneering the biotechnology sector in richmond, usa. they have secured $44.0m across 4 funding rounds. usa richmond","name: AmpliPhi Biosciences | industry: Biotechnology | sub_industry: N/A | hq_country: USA | hq_city: Richmond | founded_year: 1989.0 | status: ipo | funding_round_count: 4 | total_funding_usd: 43990999.0 | has_acquisition: 0 | has_ipo: 1 | outcome_label: ipo | is_yc: 0 | yc_batch: none | has_layoffs: 0 | total_layoffs: 0 | description: Founded in 1989, AmpliPhi Biosciences is pioneering the Biotechnology sector in Richmond, USA. They have secured $44.0M across 4 funding rounds."
/organization/berkeley-bionics,Ekso Bionics,"Based out of Richmond, USA, Ekso Bionics is focused on Hardware + Software. To date, they have raised $36.8M.",Hardware + Software,Wearables,USA,Richmond,2005.0,http://eksobionics.com,ipo,4,36824722.0,0,1,0,1,1,high,growth,174.84,ipo,0,none,0,0,"ekso bionics hardware + software wearables based out of richmond, usa, ekso bionics is focused on hardware + software. to date, they have raised $36.8m. usa richmond","name: Ekso Bionics | industry: Hardware + Software | sub_industry: Wearables | hq_country: USA | hq_city: Richmond | founded_year: 2005.0 | status: ipo | funding_round_count: 4 | total_funding_usd: 36824722.0 | has_acquisition: 0 | has_ipo: 1 | outcome_label: ipo | is_yc: 0 | yc_batch: none | has_layoffs: 0 | total_layoffs: 0 | description: Based out of Richmond, USA, Ekso Bionics is focused on Hardware + Software. To date, they have raised $36.8M."
/organization/transactis,Transactis,"Based out of Charlotte, USA, Transactis is focused on Software. To date, they have raised $36.7M.",Software,,USA,Charlotte,,http://www.transactis.com,acquired,9,36700000.0,1,0,1,0,1,high,late,174.84,acquired,0,none,0,0,"transactis software  based out of charlotte, usa, transactis is focused on software. to date, they have raised $36.7m. usa charlotte","name: Transactis | industry: Software | sub_industry: N/A | hq_country: USA | hq_city: Charlotte | founded_year: N/A | status: acquired | funding_round_count: 9 | total_funding_usd: 36700000.0 | has_acquisition: 1 | has_ipo: 0 | outcome_label: acquired | is_yc: 0 | yc_batch: none | has_layoffs: 0 | total_layoffs: 0 | description: Based out of Charlotte, USA, Transactis is focused on Software. To date, they have raised $36.7M."
/organization/corcept-therapeutics,Corcept Therapeutics,"Headquartered, Corcept Therapeutics operates as a key player in the Biotechnology industry. The startup has gone public (IPO).",Biotechnology,Pharmaceuticals,,,,http://www.corcept.com,ipo,4,36289479.0,0,1,0,1,1,high,growth,174.81,ipo,0,none,0,0,"corcept therapeutics biotechnology pharmaceuticals headquartered, corcept therapeutics operates as a key player in the biotechnology industry. the startup has gone public (ipo).  ","name: Corcept Therapeutics | industry: Biotechnology | sub_industry: Pharmaceuticals | hq_country: N/A | hq_city: N/A | founded_year: N/A | status: ipo | funding_round_count: 4 | total_funding_usd: 36289479.0 | has_acquisition: 0 | has_ipo: 1 | outcome_label: ipo | is_yc: 0 | yc_batch: none | has_layoffs: 0 | total_layoffs: 0 | description: Headquartered, Corcept Therapeutics operates as a key player in the Biotechnology industry. The startup has gone public (IPO)."
/organization/xencor,Xencor,"Headquartered in Monrovia, USA, Xencor operates as a key player in the Biotechnology industry. Established in 1997, the company continues to grow. The startup has gone public (IPO).",Biotechnology,Health Care,USA,Monrovia,1997.0,http://xencor.com,ipo,4,36097653.0,0,1,0,1,1,high,growth,174.8,ipo,0,none,0,0,"xencor biotechnology health care headquartered in monrovia, usa, xencor operates as a key player in the biotechnology industry. established in 1997, the company continues to grow. the startup has gone public (ipo). usa monrovia","name: Xencor | industry: Biotechnology | sub_industry: Health Care | hq_country: USA | hq_city: Monrovia | founded_year: 1997.0 | status: ipo | funding_round_count: 4 | total_funding_usd: 36097653.0 | has_acquisition: 0 | has_ipo: 1 | outcome_label: ipo | is_yc: 0 | yc_batch: none | has_layoffs: 0 | total_layoffs: 0 | description: Headquartered in Monrovia, USA, Xencor operates as a key player in the Biotechnology industry. Established in 1997, the company continues to grow. The startup has gone public (IPO)."
/organization/carbylan-biosurgery,Carbylan Therapeutics,"Founded in 2005, the Health Care startup Carbylan Therapeutics provides Health Care solutions in Palo Alto, USA.",Health Care,,USA,Palo Alto,2005.0,http://www.carbylan.com,ipo,4,34999999.0,0,1,0,1,1,high,growth,174.74,ipo,0,none,0,0,"carbylan therapeutics health care  founded in 2005, the health care startup carbylan therapeutics provides health care solutions in palo alto, usa. usa palo alto","name: Carbylan Therapeutics | industry: Health Care | sub_industry: N/A | hq_country: USA | hq_city: Palo Alto | founded_year: 2005.0 | status: ipo | funding_round_count: 4 | total_funding_usd: 34999999.0 | has_acquisition: 0 | has_ipo: 1 | outcome_label: ipo | is_yc: 0 | yc_batch: none | has_layoffs: 0 | total_layoffs: 0 | description: Founded in 2005, the Health Care startup Carbylan Therapeutics provides Health Care solutions in Palo Alto, USA."
/organization/izea,IZEA,"Founded in 2006, the Advertising startup IZEA provides Advertising Platforms solutions in Winter Park, USA.",Advertising,Advertising Platforms,USA,Winter Park,2006.0,http://corp.izea.com,ipo,4,34900000.0,0,1,0,1,1,high,growth,174.74,ipo,0,none,0,0,"izea advertising advertising platforms founded in 2006, the advertising startup izea provides advertising platforms solutions in winter park, usa. usa winter park","name: IZEA | industry: Advertising | sub_industry: Advertising Platforms | hq_country: USA | hq_city: Winter Park | founded_year: 2006.0 | status: ipo | funding_round_count: 4 | total_funding_usd: 34900000.0 | has_acquisition: 0 | has_ipo: 1 | outcome_label: ipo | is_yc: 0 | yc_batch: none | has_layoffs: 0 | total_layoffs: 0 | description: Founded in 2006, the Advertising startup IZEA provides Advertising Platforms solutions in Winter Park, USA."
/organization/selectica,Selectica,"Headquartered in San Mateo, USA, Selectica operates as a key player in the Software industry. Established in 1996, the company continues to grow. The startup has gone public (IPO).",Software,,USA,San Mateo,1996.0,http://www.selectica.com,ipo,4,34245892.0,0,1,0,1,1,high,growth,174.7,ipo,0,none,0,0,"selectica software  headquartered in san mateo, usa, selectica operates as a key player in the software industry. established in 1996, the company continues to grow. the startup has gone public (ipo). usa san mateo","name: Selectica | industry: Software | sub_industry: N/A | hq_country: USA | hq_city: San Mateo | founded_year: 1996.0 | status: ipo | funding_round_count: 4 | total_funding_usd: 34245892.0 | has_acquisition: 0 | has_ipo: 1 | outcome_label: ipo | is_yc: 0 | yc_batch: none | has_layoffs: 0 | total_layoffs: 0 | description: Headquartered in San Mateo, USA, Selectica operates as a key player in the Software industry. Established in 1996, the company continues to grow. The startup has gone public (IPO)."
/organization/green-dot-corporation,Green Dot Corporation,"Based out of Pasadena, USA, Green Dot Corporation is focused on Finance. To date, they have raised $33.0M.",Finance,FinTech,USA,Pasadena,1999.0,http://www.greendot.com,ipo,4,33000000.0,0,1,0,1,1,high,growth,174.62,ipo,0,none,0,0,"green dot corporation finance fintech based out of pasadena, usa, green dot corporation is focused on finance. to date, they have raised $33.0m. usa pasadena","name: Green Dot Corporation | industry: Finance | sub_industry: FinTech | hq_country: USA | hq_city: Pasadena | founded_year: 1999.0 | status: ipo | funding_round_count: 4 | total_funding_usd: 33000000.0 | has_acquisition: 0 | has_ipo: 1 | outcome_label: ipo | is_yc: 0 | yc_batch: none | has_layoffs: 0 | total_layoffs: 0 | description: Based out of Pasadena, USA, Green Dot Corporation is focused on Finance. To date, they have raised $33.0M."
/organization/nexstim,Nexstim,"Founded in 2000, the Health Diagnostics startup Nexstim provides Messaging solutions in Helsinki, FIN.",Health Diagnostics,Messaging,FIN,Helsinki,2000.0,http://www.nexstim.com,ipo,4,32585933.8865528,0,1,0,1,1,high,growth,174.6,ipo,0,none,0,0,"nexstim health diagnostics messaging founded in 2000, the health diagnostics startup nexstim provides messaging solutions in helsinki, fin. fin helsinki","name: Nexstim | industry: Health Diagnostics | sub_industry: Messaging | hq_country: FIN | hq_city: Helsinki | founded_year: 2000.0 | status: ipo | funding_round_count: 4 | total_funding_usd: 32585933.8865528 | has_acquisition: 0 | has_ipo: 1 | outcome_label: ipo | is_yc: 0 | yc_batch: none | has_layoffs: 0 | total_layoffs: 0 | description: Founded in 2000, the Health Diagnostics startup Nexstim provides Messaging solutions in Helsinki, FIN."
/organization/canfite-biopharma,CanFite BioPharma,"Based out of Petah Tiqva, ISR, CanFite BioPharma is focused on Biotechnology. To date, they have raised $31.0M.",Biotechnology,,ISR,Petah Tiqva,,http://www.canfite.com,ipo,4,31000002.0,0,1,0,1,1,high,growth,174.5,ipo,0,none,0,0,"canfite biopharma biotechnology  based out of petah tiqva, isr, canfite biopharma is focused on biotechnology. to date, they have raised $31.0m. isr petah tiqva","name: CanFite BioPharma | industry: Biotechnology | sub_industry: N/A | hq_country: ISR | hq_city: Petah Tiqva | founded_year: N/A | status: ipo | funding_round_count: 4 | total_funding_usd: 31000002.0 | has_acquisition: 0 | has_ipo: 1 | outcome_label: ipo | is_yc: 0 | yc_batch: none | has_layoffs: 0 | total_layoffs: 0 | description: Based out of Petah Tiqva, ISR, CanFite BioPharma is focused on Biotechnology. To date, they have raised $31.0M."
/organization/vuzix,Vuzix,"Founded in 1997, Vuzix is innovating the Mobile sector in Rochester, USA. They have secured $28.8M across 4 funding rounds.",Mobile,,USA,Rochester,1997.0,http://www.vuzix.com,ipo,4,28800000.0,0,1,0,1,1,high,growth,174.35,ipo,0,none,0,0,"vuzix mobile  founded in 1997, vuzix is innovating the mobile sector in rochester, usa. they have secured $28.8m across 4 funding rounds. usa rochester","name: Vuzix | industry: Mobile | sub_industry: N/A | hq_country: USA | hq_city: Rochester | founded_year: 1997.0 | status: ipo | funding_round_count: 4 | total_funding_usd: 28800000.0 | has_acquisition: 0 | has_ipo: 1 | outcome_label: ipo | is_yc: 0 | yc_batch: none | has_layoffs: 0 | total_layoffs: 0 | description: Founded in 1997, Vuzix is innovating the Mobile sector in Rochester, USA. They have secured $28.8M across 4 funding rounds."
/organization/i-cube,i-Cube,"i-Cube is a Customer Service company located in Cambridge, USA. The firm has an estimated total funding of $4.2B.",Application Platforms,Customer Service,USA,Cambridge,,,ipo,3,4240250000.0,0,1,0,1,1,mega,growth,174.34,ipo,0,none,0,0,"i-cube application platforms customer service i-cube is a customer service company located in cambridge, usa. the firm has an estimated total funding of $4.2b. usa cambridge","name: i-Cube | industry: Application Platforms | sub_industry: Customer Service | hq_country: USA | hq_city: Cambridge | founded_year: N/A | status: ipo | funding_round_count: 3 | total_funding_usd: 4240250000.0 | has_acquisition: 0 | has_ipo: 1 | outcome_label: ipo | is_yc: 0 | yc_batch: none | has_layoffs: 0 | total_layoffs: 0 | description: i-Cube is a Customer Service company located in Cambridge, USA. The firm has an estimated total funding of $4.2B."
/organization/great-basin-corporation,Great Basin,"Headquartered in Salt Lake City, USA, Great Basin operates as a key player in the Biotechnology industry. Established in 2005, the company continues to grow. The startup has gone public (IPO).",Biotechnology,Health Diagnostics,USA,Salt Lake City,2005.0,http://www.gbscience.com,ipo,4,27997653.0,0,1,0,1,1,high,growth,174.3,ipo,0,none,0,0,"great basin biotechnology health diagnostics headquartered in salt lake city, usa, great basin operates as a key player in the biotechnology industry. established in 2005, the company continues to grow. the startup has gone public (ipo). usa salt lake city","name: Great Basin | industry: Biotechnology | sub_industry: Health Diagnostics | hq_country: USA | hq_city: Salt Lake City | founded_year: 2005.0 | status: ipo | funding_round_count: 4 | total_funding_usd: 27997653.0 | has_acquisition: 0 | has_ipo: 1 | outcome_label: ipo | is_yc: 0 | yc_batch: none | has_layoffs: 0 | total_layoffs: 0 | description: Headquartered in Salt Lake City, USA, Great Basin operates as a key player in the Biotechnology industry. Established in 2005, the company continues to grow. The startup has gone public (IPO)."
/organization/spherix,Spherix,"Spherix is a Information Technology company located in Washington, USA. The firm has an estimated total funding of $27.2M.",Information Technology,,USA,Washington,1967.0,http://spherix.com,ipo,4,27181081.0,0,1,0,1,1,high,growth,174.24,ipo,0,none,0,0,"spherix information technology  spherix is a information technology company located in washington, usa. the firm has an estimated total funding of $27.2m. usa washington","name: Spherix | industry: Information Technology | sub_industry: N/A | hq_country: USA | hq_city: Washington | founded_year: 1967.0 | status: ipo | funding_round_count: 4 | total_funding_usd: 27181081.0 | has_acquisition: 0 | has_ipo: 1 | outcome_label: ipo | is_yc: 0 | yc_batch: none | has_layoffs: 0 | total_layoffs: 0 | description: Spherix is a Information Technology company located in Washington, USA. The firm has an estimated total funding of $27.2M."
/organization/medigus,Medigus,"Headquartered in Omez, ISR, Medigus operates as a key player in the Health Care industry. Established in 2000, the company continues to grow. The startup has gone public (IPO).",Health Care,,ISR,Omez,2000.0,http://www.medigus.com,ipo,4,26706296.0,0,1,0,1,1,high,growth,174.2,ipo,0,none,0,0,"medigus health care  headquartered in omez, isr, medigus operates as a key player in the health care industry. established in 2000, the company continues to grow. the startup has gone public (ipo). isr omez","name: Medigus | industry: Health Care | sub_industry: N/A | hq_country: ISR | hq_city: Omez | founded_year: 2000.0 | status: ipo | funding_round_count: 4 | total_funding_usd: 26706296.0 | has_acquisition: 0 | has_ipo: 1 | outcome_label: ipo | is_yc: 0 | yc_batch: none | has_layoffs: 0 | total_layoffs: 0 | description: Headquartered in Omez, ISR, Medigus operates as a key player in the Health Care industry. Established in 2000, the company continues to grow. The startup has gone public (IPO)."
/organization/immunogen,ImmunoGen,"Based out of Waltham, USA, ImmunoGen is focused on Biotechnology. To date, they have raised $26.0M.",Biotechnology,,USA,Waltham,1981.0,http://www.immunogen.com,ipo,4,26000000.0,0,1,0,1,1,high,growth,174.15,ipo,0,none,0,0,"immunogen biotechnology  based out of waltham, usa, immunogen is focused on biotechnology. to date, they have raised $26.0m. usa waltham","name: ImmunoGen | industry: Biotechnology | sub_industry: N/A | hq_country: USA | hq_city: Waltham | founded_year: 1981.0 | status: ipo | funding_round_count: 4 | total_funding_usd: 26000000.0 | has_acquisition: 0 | has_ipo: 1 | outcome_label: ipo | is_yc: 0 | yc_batch: none | has_layoffs: 0 | total_layoffs: 0 | description: Based out of Waltham, USA, ImmunoGen is focused on Biotechnology. To date, they have raised $26.0M."
/organization/tangoe,Tangoe,"Headquartered in Orange, USA, Tangoe operates as a key player in the Software industry. Established in 2000, the company continues to grow. The startup has gone public (IPO).",Software,,USA,Orange,2000.0,http://www.tangoe.com,ipo,4,25950000.0,0,1,0,1,1,high,growth,174.14,ipo,0,none,0,0,"tangoe software  headquartered in orange, usa, tangoe operates as a key player in the software industry. established in 2000, the company continues to grow. the startup has gone public (ipo). usa orange","name: Tangoe | industry: Software | sub_industry: N/A | hq_country: USA | hq_city: Orange | founded_year: 2000.0 | status: ipo | funding_round_count: 4 | total_funding_usd: 25950000.0 | has_acquisition: 0 | has_ipo: 1 | outcome_label: ipo | is_yc: 0 | yc_batch: none | has_layoffs: 0 | total_layoffs: 0 | description: Headquartered in Orange, USA, Tangoe operates as a key player in the Software industry. Established in 2000, the company continues to grow. The startup has gone public (IPO)."
/organization/inventergy,Inventergy,"Based out of Cupertino, USA, Inventergy is focused on Finance. To date, they have raised $25.2M.",Finance,FinTech,USA,Cupertino,2012.0,http://inventergy.com,ipo,4,25250000.0,0,1,0,1,1,high,growth,174.09,ipo,0,none,0,0,"inventergy finance fintech based out of cupertino, usa, inventergy is focused on finance. to date, they have raised $25.2m. usa cupertino","name: Inventergy | industry: Finance | sub_industry: FinTech | hq_country: USA | hq_city: Cupertino | founded_year: 2012.0 | status: ipo | funding_round_count: 4 | total_funding_usd: 25250000.0 | has_acquisition: 0 | has_ipo: 1 | outcome_label: ipo | is_yc: 0 | yc_batch: none | has_layoffs: 0 | total_layoffs: 0 | description: Based out of Cupertino, USA, Inventergy is focused on Finance. To date, they have raised $25.2M."
/organization/interleukin-genetics,Interleukin Genetics,"Founded in 1999, Interleukin Genetics is pioneering the Health and Wellness sector in Waltham, USA. They have secured $25.0M across 4 funding rounds.",Health and Wellness,,USA,Waltham,1999.0,http://www.ilgenetics.com,ipo,4,25000000.0,0,1,0,1,1,high,growth,174.07,ipo,0,none,0,0,"interleukin genetics health and wellness  founded in 1999, interleukin genetics is pioneering the health and wellness sector in waltham, usa. they have secured $25.0m across 4 funding rounds. usa waltham","name: Interleukin Genetics | industry: Health and Wellness | sub_industry: N/A | hq_country: USA | hq_city: Waltham | founded_year: 1999.0 | status: ipo | funding_round_count: 4 | total_funding_usd: 25000000.0 | has_acquisition: 0 | has_ipo: 1 | outcome_label: ipo | is_yc: 0 | yc_batch: none | has_layoffs: 0 | total_layoffs: 0 | description: Founded in 1999, Interleukin Genetics is pioneering the Health and Wellness sector in Waltham, USA. They have secured $25.0M across 4 funding rounds."
/organization/bluefly,Bluefly,"Based out of New York, USA, Bluefly is focused on E-Commerce. To date, they have raised $24.6M.",E-Commerce,,USA,New York,1998.0,http://www.bluefly.com,ipo,4,24600000.0,0,1,0,1,1,high,growth,174.04,ipo,0,none,0,0,"bluefly e-commerce  based out of new york, usa, bluefly is focused on e-commerce. to date, they have raised $24.6m. usa new york","name: Bluefly | industry: E-Commerce | sub_industry: N/A | hq_country: USA | hq_city: New York | founded_year: 1998.0 | status: ipo | funding_round_count: 4 | total_funding_usd: 24600000.0 | has_acquisition: 0 | has_ipo: 1 | outcome_label: ipo | is_yc: 0 | yc_batch: none | has_layoffs: 0 | total_layoffs: 0 | description: Based out of New York, USA, Bluefly is focused on E-Commerce. To date, they have raised $24.6M."
/organization/que-pasa,Quepasa,"Headquartered in West Palm Beach, USA, Quepasa operates as a key player in the Curated Web industry. Established in 1997, the company continues to grow. The startup has gone public (IPO).",Curated Web,Language Learning,USA,West Palm Beach,1997.0,http://www.quepasa.com,ipo,4,24300000.0,0,1,0,1,1,high,growth,174.01,ipo,0,none,0,0,"quepasa curated web language learning headquartered in west palm beach, usa, quepasa operates as a key player in the curated web industry. established in 1997, the company continues to grow. the startup has gone public (ipo). usa west palm beach","name: Quepasa | industry: Curated Web | sub_industry: Language Learning | hq_country: USA | hq_city: West Palm Beach | founded_year: 1997.0 | status: ipo | funding_round_count: 4 | total_funding_usd: 24300000.0 | has_acquisition: 0 | has_ipo: 1 | outcome_label: ipo | is_yc: 0 | yc_batch: none | has_layoffs: 0 | total_layoffs: 0 | description: Headquartered in West Palm Beach, USA, Quepasa operates as a key player in the Curated Web industry. Established in 1997, the company continues to grow. The startup has gone public (IPO)."
/organization/mobiquity-technologies,Mobiquity Technologies,"Headquartered in Garden City, USA, Mobiquity Technologies operates as a key player in the Software industry. Established in 1998, the company continues to grow. The startup has gone public (IPO).",Software,,USA,Garden City,1998.0,http://mobiquitytechnologies.com,ipo,4,23888600.0,0,1,0,1,1,high,growth,173.98,ipo,0,none,0,0,"mobiquity technologies software  headquartered in garden city, usa, mobiquity technologies operates as a key player in the software industry. established in 1998, the company continues to grow. the startup has gone public (ipo). usa garden city","name: Mobiquity Technologies | industry: Software | sub_industry: N/A | hq_country: USA | hq_city: Garden City | founded_year: 1998.0 | status: ipo | funding_round_count: 4 | total_funding_usd: 23888600.0 | has_acquisition: 0 | has_ipo: 1 | outcome_label: ipo | is_yc: 0 | yc_batch: none | has_layoffs: 0 | total_layoffs: 0 | description: Headquartered in Garden City, USA, Mobiquity Technologies operates as a key player in the Software industry. Established in 1998, the company continues to grow. The startup has gone public (IPO)."
/organization/curis,Curis,"Founded in 2000, Curis is pioneering the Biotechnology sector in Cambridge, USA. They have secured $23.0M across 4 funding rounds.",Biotechnology,,USA,Cambridge,2000.0,http://www.curis.com/index.php,ipo,4,22964000.0,0,1,0,1,1,high,growth,173.9,ipo,0,none,0,0,"curis biotechnology  founded in 2000, curis is pioneering the biotechnology sector in cambridge, usa. they have secured $23.0m across 4 funding rounds. usa cambridge","name: Curis | industry: Biotechnology | sub_industry: N/A | hq_country: USA | hq_city: Cambridge | founded_year: 2000.0 | status: ipo | funding_round_count: 4 | total_funding_usd: 22964000.0 | has_acquisition: 0 | has_ipo: 1 | outcome_label: ipo | is_yc: 0 | yc_batch: none | has_layoffs: 0 | total_layoffs: 0 | description: Founded in 2000, Curis is pioneering the Biotechnology sector in Cambridge, USA. They have secured $23.0M across 4 funding rounds."
/organization/nephrogenex,NephroGenex,"NephroGenex is a Health Care company located in Princeton, USA. The firm has an estimated total funding of $21.8M.",Biotechnology,Health Care,USA,Princeton,,http://www.nephrogenex.com,ipo,4,21800000.0,0,1,0,1,1,high,growth,173.79,ipo,0,none,0,0,"nephrogenex biotechnology health care nephrogenex is a health care company located in princeton, usa. the firm has an estimated total funding of $21.8m. usa princeton","name: NephroGenex | industry: Biotechnology | sub_industry: Health Care | hq_country: USA | hq_city: Princeton | founded_year: N/A | status: ipo | funding_round_count: 4 | total_funding_usd: 21800000.0 | has_acquisition: 0 | has_ipo: 1 | outcome_label: ipo | is_yc: 0 | yc_batch: none | has_layoffs: 0 | total_layoffs: 0 | description: NephroGenex is a Health Care company located in Princeton, USA. The firm has an estimated total funding of $21.8M."
/organization/pluristem-therapeutics,Pluristem Therapeutics,"Founded in 2003, Pluristem Therapeutics is disrupting the Pharmaceuticals sector in Haifa, ISR. They have secured $21.4M across 4 funding rounds.",Biotechnology,Pharmaceuticals,ISR,Haifa,2003.0,http://pluristem.com,ipo,4,21370003.0,0,1,0,1,1,high,growth,173.75,ipo,0,none,0,0,"pluristem therapeutics biotechnology pharmaceuticals founded in 2003, pluristem therapeutics is disrupting the pharmaceuticals sector in haifa, isr. they have secured $21.4m across 4 funding rounds. isr haifa","name: Pluristem Therapeutics | industry: Biotechnology | sub_industry: Pharmaceuticals | hq_country: ISR | hq_city: Haifa | founded_year: 2003.0 | status: ipo | funding_round_count: 4 | total_funding_usd: 21370003.0 | has_acquisition: 0 | has_ipo: 1 | outcome_label: ipo | is_yc: 0 | yc_batch: none | has_layoffs: 0 | total_layoffs: 0 | description: Founded in 2003, Pluristem Therapeutics is disrupting the Pharmaceuticals sector in Haifa, ISR. They have secured $21.4M across 4 funding rounds."
/organization/cinedigm,Cinedigm,"Founded in 2004, the Film startup Cinedigm provides Games solutions in Morristown, USA.",Film,Games,USA,Morristown,2004.0,http://www.cinedigm.com,ipo,4,18442000.0,0,1,0,1,1,high,growth,173.46,ipo,0,none,0,0,"cinedigm film games founded in 2004, the film startup cinedigm provides games solutions in morristown, usa. usa morristown","name: Cinedigm | industry: Film | sub_industry: Games | hq_country: USA | hq_city: Morristown | founded_year: 2004.0 | status: ipo | funding_round_count: 4 | total_funding_usd: 18442000.0 | has_acquisition: 0 | has_ipo: 1 | outcome_label: ipo | is_yc: 0 | yc_batch: none | has_layoffs: 0 | total_layoffs: 0 | description: Founded in 2004, the Film startup Cinedigm provides Games solutions in Morristown, USA."
/organization/sinosun-technology,Sinosun Technology,"the Security startup Sinosun Technology provides Security solutions in Shenzhen, CHN.",Security,,CHN,Shenzhen,,http://www.sinosun.com/,ipo,4,18097057.0,0,1,0,1,1,high,growth,173.42,ipo,0,none,0,0,"sinosun technology security  the security startup sinosun technology provides security solutions in shenzhen, chn. chn shenzhen","name: Sinosun Technology | industry: Security | sub_industry: N/A | hq_country: CHN | hq_city: Shenzhen | founded_year: N/A | status: ipo | funding_round_count: 4 | total_funding_usd: 18097057.0 | has_acquisition: 0 | has_ipo: 1 | outcome_label: ipo | is_yc: 0 | yc_batch: none | has_layoffs: 0 | total_layoffs: 0 | description: the Security startup Sinosun Technology provides Security solutions in Shenzhen, CHN."
/organization/tecogen,Tecogen,"the Clean Technology startup Tecogen provides Clean Technology solutions in Waltham, USA.",Clean Technology,,USA,Waltham,,http://www.tecogen.com,ipo,4,18100000.0,0,1,0,1,1,high,growth,173.42,ipo,0,none,0,0,"tecogen clean technology  the clean technology startup tecogen provides clean technology solutions in waltham, usa. usa waltham","name: Tecogen | industry: Clean Technology | sub_industry: N/A | hq_country: USA | hq_city: Waltham | founded_year: N/A | status: ipo | funding_round_count: 4 | total_funding_usd: 18100000.0 | has_acquisition: 0 | has_ipo: 1 | outcome_label: ipo | is_yc: 0 | yc_batch: none | has_layoffs: 0 | total_layoffs: 0 | description: the Clean Technology startup Tecogen provides Clean Technology solutions in Waltham, USA."
/organization/heat-biologics,Heat Biologics,"Founded in 2008, the Biotechnology startup Heat Biologics provides Health Care solutions in Chapel Hill, USA.",Biotechnology,Health Care,USA,Chapel Hill,2008.0,http://heatbio.com,ipo,4,15599800.0,0,1,0,1,1,high,growth,173.13,ipo,0,none,0,0,"heat biologics biotechnology health care founded in 2008, the biotechnology startup heat biologics provides health care solutions in chapel hill, usa. usa chapel hill","name: Heat Biologics | industry: Biotechnology | sub_industry: Health Care | hq_country: USA | hq_city: Chapel Hill | founded_year: 2008.0 | status: ipo | funding_round_count: 4 | total_funding_usd: 15599800.0 | has_acquisition: 0 | has_ipo: 1 | outcome_label: ipo | is_yc: 0 | yc_batch: none | has_layoffs: 0 | total_layoffs: 0 | description: Founded in 2008, the Biotechnology startup Heat Biologics provides Health Care solutions in Chapel Hill, USA."
/organization/steadymed-therapeutics,SteadyMed Therapeutics,"Headquartered in Tel Aviv, ISR, SteadyMed Therapeutics operates as a key player in the Health Care industry. Established in 2005, the company continues to grow. The startup has gone public (IPO).",Health Care,Pharmaceuticals,ISR,Tel Aviv,2005.0,http://www.steadymed.com,ipo,4,15400122.0,0,1,0,1,1,high,growth,173.1,ipo,0,none,0,0,"steadymed therapeutics health care pharmaceuticals headquartered in tel aviv, isr, steadymed therapeutics operates as a key player in the health care industry. established in 2005, the company continues to grow. the startup has gone public (ipo). isr tel aviv","name: SteadyMed Therapeutics | industry: Health Care | sub_industry: Pharmaceuticals | hq_country: ISR | hq_city: Tel Aviv | founded_year: 2005.0 | status: ipo | funding_round_count: 4 | total_funding_usd: 15400122.0 | has_acquisition: 0 | has_ipo: 1 | outcome_label: ipo | is_yc: 0 | yc_batch: none | has_layoffs: 0 | total_layoffs: 0 | description: Headquartered in Tel Aviv, ISR, SteadyMed Therapeutics operates as a key player in the Health Care industry. Established in 2005, the company continues to grow. The startup has gone public (IPO)."
/organization/stemline-therapeutics,Stemline Therapeutics,"Founded in 2003, the Biotechnology startup Stemline Therapeutics provides Health and Wellness solutions in New York, USA.",Biotechnology,Health and Wellness,USA,New York,2003.0,http://www.stemline.com,ipo,4,15090000.0,0,1,0,1,1,high,growth,173.06,ipo,0,none,0,0,"stemline therapeutics biotechnology health and wellness founded in 2003, the biotechnology startup stemline therapeutics provides health and wellness solutions in new york, usa. usa new york","name: Stemline Therapeutics | industry: Biotechnology | sub_industry: Health and Wellness | hq_country: USA | hq_city: New York | founded_year: 2003.0 | status: ipo | funding_round_count: 4 | total_funding_usd: 15090000.0 | has_acquisition: 0 | has_ipo: 1 | outcome_label: ipo | is_yc: 0 | yc_batch: none | has_layoffs: 0 | total_layoffs: 0 | description: Founded in 2003, the Biotechnology startup Stemline Therapeutics provides Health and Wellness solutions in New York, USA."
/organization/tarena,Tarena,"Tarena is a Education company located in Beijing, CHN. The firm has an estimated total funding of $15.0M.",EdTech,Education,CHN,Beijing,,http://www.chinatarena.com,ipo,4,15000000.0,0,1,0,1,1,high,growth,173.05,ipo,0,none,0,0,"tarena edtech education tarena is a education company located in beijing, chn. the firm has an estimated total funding of $15.0m. chn beijing","name: Tarena | industry: EdTech | sub_industry: Education | hq_country: CHN | hq_city: Beijing | founded_year: N/A | status: ipo | funding_round_count: 4 | total_funding_usd: 15000000.0 | has_acquisition: 0 | has_ipo: 1 | outcome_label: ipo | is_yc: 0 | yc_batch: none | has_layoffs: 0 | total_layoffs: 0 | description: Tarena is a Education company located in Beijing, CHN. The firm has an estimated total funding of $15.0M."
/organization/transgenomic,Transgenomic,"Headquartered in Omaha, USA, Transgenomic operates as a key player in the Biotechnology industry. Established in 1997, the company continues to grow. The startup has gone public (IPO).",Biotechnology,Health Diagnostics,USA,Omaha,1997.0,http://www.transgenomic.com,ipo,4,13789760.0,0,1,0,1,1,high,growth,172.88,ipo,0,none,0,0,"transgenomic biotechnology health diagnostics headquartered in omaha, usa, transgenomic operates as a key player in the biotechnology industry. established in 1997, the company continues to grow. the startup has gone public (ipo). usa omaha","name: Transgenomic | industry: Biotechnology | sub_industry: Health Diagnostics | hq_country: USA | hq_city: Omaha | founded_year: 1997.0 | status: ipo | funding_round_count: 4 | total_funding_usd: 13789760.0 | has_acquisition: 0 | has_ipo: 1 | outcome_label: ipo | is_yc: 0 | yc_batch: none | has_layoffs: 0 | total_layoffs: 0 | description: Headquartered in Omaha, USA, Transgenomic operates as a key player in the Biotechnology industry. Established in 1997, the company continues to grow. The startup has gone public (IPO)."
/organization/netflix,Netflix,"Founded in 1997, the Consumer Electronics startup Netflix provides Entertainment solutions in Los Gatos, USA.",Consumer Electronics,Entertainment,USA,Los Gatos,1997.0,http://www.netflix.com,ipo,3,1730000000.0,0,1,0,1,1,mega,growth,172.54,ipo,0,none,1,480,"netflix consumer electronics entertainment founded in 1997, the consumer electronics startup netflix provides entertainment solutions in los gatos, usa. usa los gatos","name: Netflix | industry: Consumer Electronics | sub_industry: Entertainment | hq_country: USA | hq_city: Los Gatos | founded_year: 1997.0 | status: ipo | funding_round_count: 3 | total_funding_usd: 1730000000.0 | has_acquisition: 0 | has_ipo: 1 | outcome_label: ipo | is_yc: 0 | yc_batch: none | has_layoffs: 1 | total_layoffs: 480 | description: Founded in 1997, the Consumer Electronics startup Netflix provides Entertainment solutions in Los Gatos, USA."
/organization/guided-therapeutics,Guided Therapeutics,"Headquartered in Norcross, USA, Guided Therapeutics operates as a key player in the Biotechnology industry. Established in 1992, the company continues to grow. The startup has gone public (IPO).",Biotechnology,,USA,Norcross,1992.0,http://guidedinc.com,ipo,4,11082001.0,0,1,0,1,1,high,growth,172.44,ipo,0,none,0,0,"guided therapeutics biotechnology  headquartered in norcross, usa, guided therapeutics operates as a key player in the biotechnology industry. established in 1992, the company continues to grow. the startup has gone public (ipo). usa norcross","name: Guided Therapeutics | industry: Biotechnology | sub_industry: N/A | hq_country: USA | hq_city: Norcross | founded_year: 1992.0 | status: ipo | funding_round_count: 4 | total_funding_usd: 11082001.0 | has_acquisition: 0 | has_ipo: 1 | outcome_label: ipo | is_yc: 0 | yc_batch: none | has_layoffs: 0 | total_layoffs: 0 | description: Headquartered in Norcross, USA, Guided Therapeutics operates as a key player in the Biotechnology industry. Established in 1992, the company continues to grow. The startup has gone public (IPO)."
/organization/attunity,Attunity,"Attunity is a Software company located in Burlington, USA. The firm has an estimated total funding of $10.5M.",Software,,USA,Burlington,1988.0,http://www.attunity.com,ipo,4,10500000.0,0,1,0,1,1,high,growth,172.33,ipo,0,none,0,0,"attunity software  attunity is a software company located in burlington, usa. the firm has an estimated total funding of $10.5m. usa burlington","name: Attunity | industry: Software | sub_industry: N/A | hq_country: USA | hq_city: Burlington | founded_year: 1988.0 | status: ipo | funding_round_count: 4 | total_funding_usd: 10500000.0 | has_acquisition: 0 | has_ipo: 1 | outcome_label: ipo | is_yc: 0 | yc_batch: none | has_layoffs: 0 | total_layoffs: 0 | description: Attunity is a Software company located in Burlington, USA. The firm has an estimated total funding of $10.5M."
/organization/generex-biotechnology,Generex Biotechnology,"Founded in 1983, the Biotechnology startup Generex Biotechnology provides Biotechnology solutions in Toronto, CAN.",Biotechnology,,CAN,Toronto,1983.0,http://www.generex.com,ipo,4,9350000.0,0,1,0,1,1,medium,growth,172.1,ipo,0,none,0,0,"generex biotechnology biotechnology  founded in 1983, the biotechnology startup generex biotechnology provides biotechnology solutions in toronto, can. can toronto","name: Generex Biotechnology | industry: Biotechnology | sub_industry: N/A | hq_country: CAN | hq_city: Toronto | founded_year: 1983.0 | status: ipo | funding_round_count: 4 | total_funding_usd: 9350000.0 | has_acquisition: 0 | has_ipo: 1 | outcome_label: ipo | is_yc: 0 | yc_batch: none | has_layoffs: 0 | total_layoffs: 0 | description: Founded in 1983, the Biotechnology startup Generex Biotechnology provides Biotechnology solutions in Toronto, CAN."
/organization/bramasol,Bramasol,"Founded in 2003, Bramasol is pioneering the Software sector in South San Francisco, USA. They have secured $9.1M across 14 funding rounds.",Software,,USA,South San Francisco,2003.0,http://www.bramasol.com,operating,14,9050000.0,0,0,0,0,0,medium,late,172.04,funded_growth,0,none,0,0,"bramasol software  founded in 2003, bramasol is pioneering the software sector in south san francisco, usa. they have secured $9.1m across 14 funding rounds. usa south san francisco","name: Bramasol | industry: Software | sub_industry: N/A | hq_country: USA | hq_city: South San Francisco | founded_year: 2003.0 | status: operating | funding_round_count: 14 | total_funding_usd: 9050000.0 | has_acquisition: 0 | has_ipo: 0 | outcome_label: funded_growth | is_yc: 0 | yc_batch: none | has_layoffs: 0 | total_layoffs: 0 | description: Founded in 2003, Bramasol is pioneering the Software sector in South San Francisco, USA. They have secured $9.1M across 14 funding rounds."
/organization/american-addiction-centers,American Addiction Centers,"Headquartered in Brentwood, USA, American Addiction Centers operates as a key player in the Biotechnology industry. The startup has gone public (IPO).",Biotechnology,,USA,Brentwood,,http://americanaddictioncenters.org/,ipo,4,8877015.0,0,1,0,1,1,medium,growth,172.0,ipo,0,none,0,0,"american addiction centers biotechnology  headquartered in brentwood, usa, american addiction centers operates as a key player in the biotechnology industry. the startup has gone public (ipo). usa brentwood","name: American Addiction Centers | industry: Biotechnology | sub_industry: N/A | hq_country: USA | hq_city: Brentwood | founded_year: N/A | status: ipo | funding_round_count: 4 | total_funding_usd: 8877015.0 | has_acquisition: 0 | has_ipo: 1 | outcome_label: ipo | is_yc: 0 | yc_batch: none | has_layoffs: 0 | total_layoffs: 0 | description: Headquartered in Brentwood, USA, American Addiction Centers operates as a key player in the Biotechnology industry. The startup has gone public (IPO)."
/organization/rosetta-genomics,Rosetta Genomics,"the Biotechnology startup Rosetta Genomics provides Health Care solutions in Philadelphia, USA.",Biotechnology,Health Care,USA,Philadelphia,,http://rosettagenomics.com,ipo,4,8493751.0,0,1,0,1,1,medium,growth,171.91,ipo,0,none,0,0,"rosetta genomics biotechnology health care the biotechnology startup rosetta genomics provides health care solutions in philadelphia, usa. usa philadelphia","name: Rosetta Genomics | industry: Biotechnology | sub_industry: Health Care | hq_country: USA | hq_city: Philadelphia | founded_year: N/A | status: ipo | funding_round_count: 4 | total_funding_usd: 8493751.0 | has_acquisition: 0 | has_ipo: 1 | outcome_label: ipo | is_yc: 0 | yc_batch: none | has_layoffs: 0 | total_layoffs: 0 | description: the Biotechnology startup Rosetta Genomics provides Health Care solutions in Philadelphia, USA."
/organization/natcore-technology,Natcore Technology,"Headquartered in Red Bank, USA, Natcore Technology operates as a key player in the Clean Technology industry. Established in 2009, the company continues to grow. The startup has gone public (IPO).",Clean Technology,,USA,Red Bank,2009.0,http://www.natcoresolar.com,ipo,4,8390080.0,0,1,0,1,1,medium,growth,171.89,ipo,0,none,0,0,"natcore technology clean technology  headquartered in red bank, usa, natcore technology operates as a key player in the clean technology industry. established in 2009, the company continues to grow. the startup has gone public (ipo). usa red bank","name: Natcore Technology | industry: Clean Technology | sub_industry: N/A | hq_country: USA | hq_city: Red Bank | founded_year: 2009.0 | status: ipo | funding_round_count: 4 | total_funding_usd: 8390080.0 | has_acquisition: 0 | has_ipo: 1 | outcome_label: ipo | is_yc: 0 | yc_batch: none | has_layoffs: 0 | total_layoffs: 0 | description: Headquartered in Red Bank, USA, Natcore Technology operates as a key player in the Clean Technology industry. Established in 2009, the company continues to grow. The startup has gone public (IPO)."
/organization/ideal-power,Ideal Power,"Headquartered in Spicewood, USA, Ideal Power operates as a key player in the Clean Technology industry. Established in 2007, the company continues to grow. The startup has gone public (IPO).",Clean Technology,Energy,USA,Spicewood,2007.0,http://idealpower.com,ipo,4,8250000.0,0,1,0,1,1,medium,growth,171.85,ipo,0,none,0,0,"ideal power clean technology energy headquartered in spicewood, usa, ideal power operates as a key player in the clean technology industry. established in 2007, the company continues to grow. the startup has gone public (ipo). usa spicewood","name: Ideal Power | industry: Clean Technology | sub_industry: Energy | hq_country: USA | hq_city: Spicewood | founded_year: 2007.0 | status: ipo | funding_round_count: 4 | total_funding_usd: 8250000.0 | has_acquisition: 0 | has_ipo: 1 | outcome_label: ipo | is_yc: 0 | yc_batch: none | has_layoffs: 0 | total_layoffs: 0 | description: Headquartered in Spicewood, USA, Ideal Power operates as a key player in the Clean Technology industry. Established in 2007, the company continues to grow. The startup has gone public (IPO)."
/organization/bridgeline-digital,Bridgeline Digital,"Founded in 2000, the Software startup Bridgeline Digital provides Software solutions in Burlington, USA.",Software,,USA,Burlington,2000.0,http://www.bridgelinedigital.com,ipo,4,8205000.0,0,1,0,1,1,medium,growth,171.84,ipo,0,none,0,0,"bridgeline digital software  founded in 2000, the software startup bridgeline digital provides software solutions in burlington, usa. usa burlington","name: Bridgeline Digital | industry: Software | sub_industry: N/A | hq_country: USA | hq_city: Burlington | founded_year: 2000.0 | status: ipo | funding_round_count: 4 | total_funding_usd: 8205000.0 | has_acquisition: 0 | has_ipo: 1 | outcome_label: ipo | is_yc: 0 | yc_batch: none | has_layoffs: 0 | total_layoffs: 0 | description: Founded in 2000, the Software startup Bridgeline Digital provides Software solutions in Burlington, USA."
/organization/taomee,Taomee,"Founded in 2007, the Business Services startup Taomee provides Games solutions in Shanghai, CHN.",Business Services,Games,CHN,Shanghai,2007.0,http://www.61.com,ipo,4,8000000.0,0,1,0,1,1,medium,growth,171.79,ipo,0,none,0,0,"taomee business services games founded in 2007, the business services startup taomee provides games solutions in shanghai, chn. chn shanghai","name: Taomee | industry: Business Services | sub_industry: Games | hq_country: CHN | hq_city: Shanghai | founded_year: 2007.0 | status: ipo | funding_round_count: 4 | total_funding_usd: 8000000.0 | has_acquisition: 0 | has_ipo: 1 | outcome_label: ipo | is_yc: 0 | yc_batch: none | has_layoffs: 0 | total_layoffs: 0 | description: Founded in 2007, the Business Services startup Taomee provides Games solutions in Shanghai, CHN."
/organization/aehr-test-systems,Aehr Test Systems,"Founded in 1977, the Hardware + Software startup Aehr Test Systems provides Hardware + Software solutions in Fremont, USA.",Hardware + Software,,USA,Fremont,1977.0,http://www.aehr.com,ipo,4,7857000.0,0,1,0,1,1,medium,growth,171.75,ipo,0,none,0,0,"aehr test systems hardware + software  founded in 1977, the hardware + software startup aehr test systems provides hardware + software solutions in fremont, usa. usa fremont","name: Aehr Test Systems | industry: Hardware + Software | sub_industry: N/A | hq_country: USA | hq_city: Fremont | founded_year: 1977.0 | status: ipo | funding_round_count: 4 | total_funding_usd: 7857000.0 | has_acquisition: 0 | has_ipo: 1 | outcome_label: ipo | is_yc: 0 | yc_batch: none | has_layoffs: 0 | total_layoffs: 0 | description: Founded in 1977, the Hardware + Software startup Aehr Test Systems provides Hardware + Software solutions in Fremont, USA."
/organization/resonant-inc,Resonant Inc,"Founded in 2012, Resonant Inc is pioneering the Mobile sector in Santa Barbara, USA. They have secured $7.1M across 4 funding rounds.",Mobile,,USA,Santa Barbara,2012.0,http://resonantinc.org,ipo,4,7129238.0,0,1,0,1,1,medium,growth,171.56,ipo,0,none,0,0,"resonant inc mobile  founded in 2012, resonant inc is pioneering the mobile sector in santa barbara, usa. they have secured $7.1m across 4 funding rounds. usa santa barbara","name: Resonant Inc | industry: Mobile | sub_industry: N/A | hq_country: USA | hq_city: Santa Barbara | founded_year: 2012.0 | status: ipo | funding_round_count: 4 | total_funding_usd: 7129238.0 | has_acquisition: 0 | has_ipo: 1 | outcome_label: ipo | is_yc: 0 | yc_batch: none | has_layoffs: 0 | total_layoffs: 0 | description: Founded in 2012, Resonant Inc is pioneering the Mobile sector in Santa Barbara, USA. They have secured $7.1M across 4 funding rounds."
/organization/dipexium-pharmaceuticals,Dipexium Pharmaceuticals,"Based out of White Plains, USA, Dipexium Pharmaceuticals is focused on Biotechnology. To date, they have raised $6.9M.",Biotechnology,Health Care,USA,White Plains,2010.0,http://dipexiumpharmaceuticals.com,ipo,4,6927500.0,0,1,0,1,1,medium,growth,171.5,ipo,0,none,0,0,"dipexium pharmaceuticals biotechnology health care based out of white plains, usa, dipexium pharmaceuticals is focused on biotechnology. to date, they have raised $6.9m. usa white plains","name: Dipexium Pharmaceuticals | industry: Biotechnology | sub_industry: Health Care | hq_country: USA | hq_city: White Plains | founded_year: 2010.0 | status: ipo | funding_round_count: 4 | total_funding_usd: 6927500.0 | has_acquisition: 0 | has_ipo: 1 | outcome_label: ipo | is_yc: 0 | yc_batch: none | has_layoffs: 0 | total_layoffs: 0 | description: Based out of White Plains, USA, Dipexium Pharmaceuticals is focused on Biotechnology. To date, they have raised $6.9M."
/organization/nemus-bioscience,NEMUS Bioscience,"NEMUS Bioscience is a Pharmaceuticals company located in Costa Mesa, USA. The firm has an estimated total funding of $6.2M.",Pharmaceuticals,,USA,Costa Mesa,2012.0,http://nemusbioscience.com/,ipo,4,6180089.0,0,1,0,1,1,medium,growth,171.27,ipo,0,none,0,0,"nemus bioscience pharmaceuticals  nemus bioscience is a pharmaceuticals company located in costa mesa, usa. the firm has an estimated total funding of $6.2m. usa costa mesa","name: NEMUS Bioscience | industry: Pharmaceuticals | sub_industry: N/A | hq_country: USA | hq_city: Costa Mesa | founded_year: 2012.0 | status: ipo | funding_round_count: 4 | total_funding_usd: 6180089.0 | has_acquisition: 0 | has_ipo: 1 | outcome_label: ipo | is_yc: 0 | yc_batch: none | has_layoffs: 0 | total_layoffs: 0 | description: NEMUS Bioscience is a Pharmaceuticals company located in Costa Mesa, USA. The firm has an estimated total funding of $6.2M."
/organization/yoox-group,Yoox Group,"Yoox Group is a Fashion company located in New York, USA. The firm has an estimated total funding of $5.8M.",Fashion,,USA,New York,2000.0,http://www.yooxgroup.com,ipo,4,5800000.0,0,1,0,1,1,medium,growth,171.15,ipo,0,none,0,0,"yoox group fashion  yoox group is a fashion company located in new york, usa. the firm has an estimated total funding of $5.8m. usa new york","name: Yoox Group | industry: Fashion | sub_industry: N/A | hq_country: USA | hq_city: New York | founded_year: 2000.0 | status: ipo | funding_round_count: 4 | total_funding_usd: 5800000.0 | has_acquisition: 0 | has_ipo: 1 | outcome_label: ipo | is_yc: 0 | yc_batch: none | has_layoffs: 0 | total_layoffs: 0 | description: Yoox Group is a Fashion company located in New York, USA. The firm has an estimated total funding of $5.8M."
/organization/solegear-bioplastics,Solegear Bioplastics Inc.,"Solegear Bioplastics Inc. is transforming the Advanced Materials sector in Vancouver, CAN. They have secured $5.8M across 4 funding rounds.",Advanced Materials,,CAN,Vancouver,,http://www.solegear.ca,ipo,4,5800000.0,0,1,0,1,1,medium,growth,171.15,ipo,0,none,0,0,"solegear bioplastics inc. advanced materials  solegear bioplastics inc. is transforming the advanced materials sector in vancouver, can. they have secured $5.8m across 4 funding rounds. can vancouver","name: Solegear Bioplastics Inc. | industry: Advanced Materials | sub_industry: N/A | hq_country: CAN | hq_city: Vancouver | founded_year: N/A | status: ipo | funding_round_count: 4 | total_funding_usd: 5800000.0 | has_acquisition: 0 | has_ipo: 1 | outcome_label: ipo | is_yc: 0 | yc_batch: none | has_layoffs: 0 | total_layoffs: 0 | description: Solegear Bioplastics Inc. is transforming the Advanced Materials sector in Vancouver, CAN. They have secured $5.8M across 4 funding rounds."
/organization/medbox,Medbox,"Founded in 2008, Medbox is innovating the Health Care sector in West Hills, USA. They have secured $5.2M across 4 funding rounds.",Health Care,,USA,West Hills,2008.0,http://www.thedispensingsolution.com,ipo,4,5230440.0,0,1,0,1,1,medium,growth,170.94,ipo,0,none,0,0,"medbox health care  founded in 2008, medbox is innovating the health care sector in west hills, usa. they have secured $5.2m across 4 funding rounds. usa west hills","name: Medbox | industry: Health Care | sub_industry: N/A | hq_country: USA | hq_city: West Hills | founded_year: 2008.0 | status: ipo | funding_round_count: 4 | total_funding_usd: 5230440.0 | has_acquisition: 0 | has_ipo: 1 | outcome_label: ipo | is_yc: 0 | yc_batch: none | has_layoffs: 0 | total_layoffs: 0 | description: Founded in 2008, Medbox is innovating the Health Care sector in West Hills, USA. They have secured $5.2M across 4 funding rounds."
/organization/rackwise,Rackwise,"Based out of Folsom, USA, Rackwise is focused on Software. To date, they have raised $5.1M.",Software,,USA,Folsom,,http://www.rackwise.com,ipo,4,5082200.0,0,1,0,1,1,medium,growth,170.88,ipo,0,none,0,0,"rackwise software  based out of folsom, usa, rackwise is focused on software. to date, they have raised $5.1m. usa folsom","name: Rackwise | industry: Software | sub_industry: N/A | hq_country: USA | hq_city: Folsom | founded_year: N/A | status: ipo | funding_round_count: 4 | total_funding_usd: 5082200.0 | has_acquisition: 0 | has_ipo: 1 | outcome_label: ipo | is_yc: 0 | yc_batch: none | has_layoffs: 0 | total_layoffs: 0 | description: Based out of Folsom, USA, Rackwise is focused on Software. To date, they have raised $5.1M."
/organization/alnylam-pharmaceuticals,Alnylam Pharmaceuticals,"Alnylam Pharmaceuticals is a Health Care company located in Cambridge, USA. The firm has an estimated total funding of $734.6M.",Health Care,,USA,Cambridge,,http://www.alnylam.com,ipo,3,734600000.0,0,1,0,1,1,mega,growth,170.83,ipo,0,none,0,0,"alnylam pharmaceuticals health care  alnylam pharmaceuticals is a health care company located in cambridge, usa. the firm has an estimated total funding of $734.6m. usa cambridge","name: Alnylam Pharmaceuticals | industry: Health Care | sub_industry: N/A | hq_country: USA | hq_city: Cambridge | founded_year: N/A | status: ipo | funding_round_count: 3 | total_funding_usd: 734600000.0 | has_acquisition: 0 | has_ipo: 1 | outcome_label: ipo | is_yc: 0 | yc_batch: none | has_layoffs: 0 | total_layoffs: 0 | description: Alnylam Pharmaceuticals is a Health Care company located in Cambridge, USA. The firm has an estimated total funding of $734.6M."
/organization/jaguar-animal-health,Jaguar Animal Health,"Founded in 2013, Jaguar Animal Health is disrupting the Health and Wellness sector in San Francisco, USA. They have secured $4.4M across 4 funding rounds.",Health and Wellness,,USA,San Francisco,2013.0,http://jaguaranimalhealth.com,ipo,4,4412500.0,0,1,0,1,1,medium,growth,170.6,ipo,0,none,0,0,"jaguar animal health health and wellness  founded in 2013, jaguar animal health is disrupting the health and wellness sector in san francisco, usa. they have secured $4.4m across 4 funding rounds. usa san francisco","name: Jaguar Animal Health | industry: Health and Wellness | sub_industry: N/A | hq_country: USA | hq_city: San Francisco | founded_year: 2013.0 | status: ipo | funding_round_count: 4 | total_funding_usd: 4412500.0 | has_acquisition: 0 | has_ipo: 1 | outcome_label: ipo | is_yc: 0 | yc_batch: none | has_layoffs: 0 | total_layoffs: 0 | description: Founded in 2013, Jaguar Animal Health is disrupting the Health and Wellness sector in San Francisco, USA. They have secured $4.4M across 4 funding rounds."
/organization/macrosolve,MacroSolve,"Founded in 1997, MacroSolve is transforming the Intellectual Property sector in Tulsa, USA. They have secured $4.3M across 4 funding rounds.",Entrepreneur,Intellectual Property,USA,Tulsa,1997.0,http://macrosolve.com,ipo,4,4326280.0,0,1,0,1,1,medium,growth,170.56,ipo,0,none,0,0,"macrosolve entrepreneur intellectual property founded in 1997, macrosolve is transforming the intellectual property sector in tulsa, usa. they have secured $4.3m across 4 funding rounds. usa tulsa","name: MacroSolve | industry: Entrepreneur | sub_industry: Intellectual Property | hq_country: USA | hq_city: Tulsa | founded_year: 1997.0 | status: ipo | funding_round_count: 4 | total_funding_usd: 4326280.0 | has_acquisition: 0 | has_ipo: 1 | outcome_label: ipo | is_yc: 0 | yc_batch: none | has_layoffs: 0 | total_layoffs: 0 | description: Founded in 1997, MacroSolve is transforming the Intellectual Property sector in Tulsa, USA. They have secured $4.3M across 4 funding rounds."
/organization/mobileye-vision-technologies,Mobileye,"Founded in 1999, Mobileye is innovating the Automotive sector in NLD. They have secured $515.0M across 3 funding rounds.",Analytics,Automotive,NLD,,1999.0,http://www.mobileye.com,ipo,3,515000000.0,0,1,0,1,1,mega,growth,170.12,ipo,0,none,0,0,"mobileye analytics automotive founded in 1999, mobileye is innovating the automotive sector in nld. they have secured $515.0m across 3 funding rounds. nld ","name: Mobileye | industry: Analytics | sub_industry: Automotive | hq_country: NLD | hq_city: N/A | founded_year: 1999.0 | status: ipo | funding_round_count: 3 | total_funding_usd: 515000000.0 | has_acquisition: 0 | has_ipo: 1 | outcome_label: ipo | is_yc: 0 | yc_batch: none | has_layoffs: 0 | total_layoffs: 0 | description: Founded in 1999, Mobileye is innovating the Automotive sector in NLD. They have secured $515.0M across 3 funding rounds."
/organization/alldigital,AllDigital,"Founded in 2009, AllDigital is innovating the Android sector in Irvine, USA. They have secured $3.5M across 4 funding rounds.",Analytics,Android,USA,Irvine,2009.0,http://www.alldigital.com,ipo,4,3475204.0,0,1,0,1,1,medium,growth,170.12,ipo,0,none,0,0,"alldigital analytics android founded in 2009, alldigital is innovating the android sector in irvine, usa. they have secured $3.5m across 4 funding rounds. usa irvine","name: AllDigital | industry: Analytics | sub_industry: Android | hq_country: USA | hq_city: Irvine | founded_year: 2009.0 | status: ipo | funding_round_count: 4 | total_funding_usd: 3475204.0 | has_acquisition: 0 | has_ipo: 1 | outcome_label: ipo | is_yc: 0 | yc_batch: none | has_layoffs: 0 | total_layoffs: 0 | description: Founded in 2009, AllDigital is innovating the Android sector in Irvine, USA. They have secured $3.5M across 4 funding rounds."
/organization/uluru,ULURU,"Headquartered in Addison, USA, ULURU operates as a key player in the Biotechnology industry. The startup has gone public (IPO).",Biotechnology,,USA,Addison,,http://www.uluruinc.com,ipo,4,3152600.0,0,1,0,1,1,medium,growth,169.93,ipo,0,none,0,0,"uluru biotechnology  headquartered in addison, usa, uluru operates as a key player in the biotechnology industry. the startup has gone public (ipo). usa addison","name: ULURU | industry: Biotechnology | sub_industry: N/A | hq_country: USA | hq_city: Addison | founded_year: N/A | status: ipo | funding_round_count: 4 | total_funding_usd: 3152600.0 | has_acquisition: 0 | has_ipo: 1 | outcome_label: ipo | is_yc: 0 | yc_batch: none | has_layoffs: 0 | total_layoffs: 0 | description: Headquartered in Addison, USA, ULURU operates as a key player in the Biotechnology industry. The startup has gone public (IPO)."
/organization/vonage,Vonage,"Founded in 2001, Vonage is disrupting the Telecommunications sector in Holmdel, USA. They have secured $460.0M across 3 funding rounds.",Mobile,Telecommunications,USA,Holmdel,2001.0,http://www.vonage.com,ipo,3,460000000.0,0,1,0,1,1,mega,growth,169.89,ipo,0,none,0,0,"vonage mobile telecommunications founded in 2001, vonage is disrupting the telecommunications sector in holmdel, usa. they have secured $460.0m across 3 funding rounds. usa holmdel","name: Vonage | industry: Mobile | sub_industry: Telecommunications | hq_country: USA | hq_city: Holmdel | founded_year: 2001.0 | status: ipo | funding_round_count: 3 | total_funding_usd: 460000000.0 | has_acquisition: 0 | has_ipo: 1 | outcome_label: ipo | is_yc: 0 | yc_batch: none | has_layoffs: 0 | total_layoffs: 0 | description: Founded in 2001, Vonage is disrupting the Telecommunications sector in Holmdel, USA. They have secured $460.0M across 3 funding rounds."
/organization/puma-biotechnology,Puma Biotechnology,"Based out of Los Angeles, USA, Puma Biotechnology is focused on Biotechnology. To date, they have raised $417.3M.",Biotechnology,,USA,Los Angeles,,http://www.pumabiotechnology.com,ipo,3,417300249.0,0,1,0,1,1,mega,growth,169.7,ipo,0,none,0,0,"puma biotechnology biotechnology  based out of los angeles, usa, puma biotechnology is focused on biotechnology. to date, they have raised $417.3m. usa los angeles","name: Puma Biotechnology | industry: Biotechnology | sub_industry: N/A | hq_country: USA | hq_city: Los Angeles | founded_year: N/A | status: ipo | funding_round_count: 3 | total_funding_usd: 417300249.0 | has_acquisition: 0 | has_ipo: 1 | outcome_label: ipo | is_yc: 0 | yc_batch: none | has_layoffs: 0 | total_layoffs: 0 | description: Based out of Los Angeles, USA, Puma Biotechnology is focused on Biotechnology. To date, they have raised $417.3M."
/organization/jazz-pharmaceuticals,Jazz Pharmaceuticals,"Founded in 2003, the Biotechnology startup Jazz Pharmaceuticals provides Health Care solutions in Palo Alto, USA.",Biotechnology,Health Care,USA,Palo Alto,2003.0,http://www.jazzpharmaceuticals.com,ipo,3,376999998.0,0,1,0,1,1,mega,growth,169.5,ipo,0,none,0,0,"jazz pharmaceuticals biotechnology health care founded in 2003, the biotechnology startup jazz pharmaceuticals provides health care solutions in palo alto, usa. usa palo alto","name: Jazz Pharmaceuticals | industry: Biotechnology | sub_industry: Health Care | hq_country: USA | hq_city: Palo Alto | founded_year: 2003.0 | status: ipo | funding_round_count: 3 | total_funding_usd: 376999998.0 | has_acquisition: 0 | has_ipo: 1 | outcome_label: ipo | is_yc: 0 | yc_batch: none | has_layoffs: 0 | total_layoffs: 0 | description: Founded in 2003, the Biotechnology startup Jazz Pharmaceuticals provides Health Care solutions in Palo Alto, USA."
/organization/c-bridge-internet-solutions,C-Bridge Internet Solutions,"Headquartered in Cambridge, USA, C-Bridge Internet Solutions operates as a key player in the Consulting industry. Established in 1996, the company continues to grow. The startup has gone public (IPO).",Consulting,,USA,Cambridge,1996.0,http://www.c-bridge.com/about_us.htm,ipo,3,374792349.0,0,1,0,1,1,mega,growth,169.48,ipo,0,none,0,0,"c-bridge internet solutions consulting  headquartered in cambridge, usa, c-bridge internet solutions operates as a key player in the consulting industry. established in 1996, the company continues to grow. the startup has gone public (ipo). usa cambridge","name: C-Bridge Internet Solutions | industry: Consulting | sub_industry: N/A | hq_country: USA | hq_city: Cambridge | founded_year: 1996.0 | status: ipo | funding_round_count: 3 | total_funding_usd: 374792349.0 | has_acquisition: 0 | has_ipo: 1 | outcome_label: ipo | is_yc: 0 | yc_batch: none | has_layoffs: 0 | total_layoffs: 0 | description: Headquartered in Cambridge, USA, C-Bridge Internet Solutions operates as a key player in the Consulting industry. Established in 1996, the company continues to grow. The startup has gone public (IPO)."
/organization/clovis-oncology,Clovis Oncology,"Clovis Oncology is a Health Care company located in Boulder, USA. The firm has an estimated total funding of $357.0M.",Biotechnology,Health Care,USA,Boulder,2009.0,http://clovisoncology.com,ipo,3,356962756.0,0,1,0,1,1,mega,growth,169.39,ipo,0,none,0,0,"clovis oncology biotechnology health care clovis oncology is a health care company located in boulder, usa. the firm has an estimated total funding of $357.0m. usa boulder","name: Clovis Oncology | industry: Biotechnology | sub_industry: Health Care | hq_country: USA | hq_city: Boulder | founded_year: 2009.0 | status: ipo | funding_round_count: 3 | total_funding_usd: 356962756.0 | has_acquisition: 0 | has_ipo: 1 | outcome_label: ipo | is_yc: 0 | yc_batch: none | has_layoffs: 0 | total_layoffs: 0 | description: Clovis Oncology is a Health Care company located in Boulder, USA. The firm has an estimated total funding of $357.0M."
/organization/wayfair,Wayfair,"Founded in 2002, the E-Commerce startup Wayfair provides Furniture solutions in Boston, USA.",E-Commerce,Furniture,USA,Boston,2002.0,http://www.wayfair.com,ipo,3,358000000.0,0,1,0,1,1,mega,growth,169.39,ipo,0,none,1,870,"wayfair e-commerce furniture founded in 2002, the e-commerce startup wayfair provides furniture solutions in boston, usa. usa boston","name: Wayfair | industry: E-Commerce | sub_industry: Furniture | hq_country: USA | hq_city: Boston | founded_year: 2002.0 | status: ipo | funding_round_count: 3 | total_funding_usd: 358000000.0 | has_acquisition: 0 | has_ipo: 1 | outcome_label: ipo | is_yc: 0 | yc_batch: none | has_layoffs: 1 | total_layoffs: 870 | description: Founded in 2002, the E-Commerce startup Wayfair provides Furniture solutions in Boston, USA."
/organization/bio-path-holdings,BIO-PATH HOLDINGS,"Headquartered in Houston, USA, BIO-PATH HOLDINGS operates as a key player in the Biotechnology industry. Established in 2011, the company continues to grow. The startup has gone public (IPO).",Biotechnology,,USA,Houston,2011.0,http://www.biopathholdings.com,ipo,4,2317000.0,0,1,0,1,1,medium,growth,169.31,ipo,0,none,0,0,"bio-path holdings biotechnology  headquartered in houston, usa, bio-path holdings operates as a key player in the biotechnology industry. established in 2011, the company continues to grow. the startup has gone public (ipo). usa houston","name: BIO-PATH HOLDINGS | industry: Biotechnology | sub_industry: N/A | hq_country: USA | hq_city: Houston | founded_year: 2011.0 | status: ipo | funding_round_count: 4 | total_funding_usd: 2317000.0 | has_acquisition: 0 | has_ipo: 1 | outcome_label: ipo | is_yc: 0 | yc_batch: none | has_layoffs: 0 | total_layoffs: 0 | description: Headquartered in Houston, USA, BIO-PATH HOLDINGS operates as a key player in the Biotechnology industry. Established in 2011, the company continues to grow. The startup has gone public (IPO)."
/organization/gogo,Gogo,"Founded in 2013, the Mobile startup Gogo provides Telecommunications solutions in Itasca, USA.",Mobile,Telecommunications,USA,Itasca,2013.0,http://gogoair.com,ipo,3,323000000.0,0,1,0,1,1,mega,growth,169.19,ipo,0,none,0,0,"gogo mobile telecommunications founded in 2013, the mobile startup gogo provides telecommunications solutions in itasca, usa. usa itasca","name: Gogo | industry: Mobile | sub_industry: Telecommunications | hq_country: USA | hq_city: Itasca | founded_year: 2013.0 | status: ipo | funding_round_count: 3 | total_funding_usd: 323000000.0 | has_acquisition: 0 | has_ipo: 1 | outcome_label: ipo | is_yc: 0 | yc_batch: none | has_layoffs: 0 | total_layoffs: 0 | description: Founded in 2013, the Mobile startup Gogo provides Telecommunications solutions in Itasca, USA."
/organization/microbix-biosystems,Microbix Biosystems,"Based out of Toronto, CAN, Microbix Biosystems is focused on Biotechnology. To date, they have raised $2.1M.",Biotechnology,Health Diagnostics,CAN,Toronto,1988.0,http://microbix.com,ipo,4,2132417.0,0,1,0,1,1,medium,growth,169.15,ipo,0,none,0,0,"microbix biosystems biotechnology health diagnostics based out of toronto, can, microbix biosystems is focused on biotechnology. to date, they have raised $2.1m. can toronto","name: Microbix Biosystems | industry: Biotechnology | sub_industry: Health Diagnostics | hq_country: CAN | hq_city: Toronto | founded_year: 1988.0 | status: ipo | funding_round_count: 4 | total_funding_usd: 2132417.0 | has_acquisition: 0 | has_ipo: 1 | outcome_label: ipo | is_yc: 0 | yc_batch: none | has_layoffs: 0 | total_layoffs: 0 | description: Based out of Toronto, CAN, Microbix Biosystems is focused on Biotechnology. To date, they have raised $2.1M."
/organization/dbv-technologies,DBV Technologies,"Founded in 2002, the Biotechnology startup DBV Technologies provides Biotechnology solutions in Bagneux, FRA.",Biotechnology,,FRA,Bagneux,2002.0,http://www.dbv-technologies.com,ipo,3,309700000.0,0,1,0,1,1,mega,growth,169.1,ipo,0,none,0,0,"dbv technologies biotechnology  founded in 2002, the biotechnology startup dbv technologies provides biotechnology solutions in bagneux, fra. fra bagneux","name: DBV Technologies | industry: Biotechnology | sub_industry: N/A | hq_country: FRA | hq_city: Bagneux | founded_year: 2002.0 | status: ipo | funding_round_count: 3 | total_funding_usd: 309700000.0 | has_acquisition: 0 | has_ipo: 1 | outcome_label: ipo | is_yc: 0 | yc_batch: none | has_layoffs: 0 | total_layoffs: 0 | description: Founded in 2002, the Biotechnology startup DBV Technologies provides Biotechnology solutions in Bagneux, FRA."
/organization/supreme-pharmaceuticals,Supreme Pharmaceuticals,"Founded in 2014, Supreme Pharmaceuticals is disrupting the Pharmaceuticals sector in Vancouver, CAN. They have secured $2.0M across 4 funding rounds.",Pharmaceuticals,,CAN,Vancouver,2014.0,https://www.supreme.ca/,ipo,4,2004551.0,0,1,0,1,1,medium,growth,169.02,ipo,0,none,0,0,"supreme pharmaceuticals pharmaceuticals  founded in 2014, supreme pharmaceuticals is disrupting the pharmaceuticals sector in vancouver, can. they have secured $2.0m across 4 funding rounds. can vancouver","name: Supreme Pharmaceuticals | industry: Pharmaceuticals | sub_industry: N/A | hq_country: CAN | hq_city: Vancouver | founded_year: 2014.0 | status: ipo | funding_round_count: 4 | total_funding_usd: 2004551.0 | has_acquisition: 0 | has_ipo: 1 | outcome_label: ipo | is_yc: 0 | yc_batch: none | has_layoffs: 0 | total_layoffs: 0 | description: Founded in 2014, Supreme Pharmaceuticals is disrupting the Pharmaceuticals sector in Vancouver, CAN. They have secured $2.0M across 4 funding rounds."
/organization/gopro,GoPro,"Based out of San Mateo, USA, GoPro is focused on 3D. To date, they have raised $288.2M.",3D,Hardware,USA,San Mateo,2003.0,http://www.gopro.com,ipo,3,288205000.0,0,1,0,1,1,mega,growth,168.96,ipo,0,none,0,0,"gopro 3d hardware based out of san mateo, usa, gopro is focused on 3d. to date, they have raised $288.2m. usa san mateo","name: GoPro | industry: 3D | sub_industry: Hardware | hq_country: USA | hq_city: San Mateo | founded_year: 2003.0 | status: ipo | funding_round_count: 3 | total_funding_usd: 288205000.0 | has_acquisition: 0 | has_ipo: 1 | outcome_label: ipo | is_yc: 0 | yc_batch: none | has_layoffs: 0 | total_layoffs: 0 | description: Based out of San Mateo, USA, GoPro is focused on 3D. To date, they have raised $288.2M."
/organization/positiveid,PositiveID,"Based out of Delray Beach, USA, PositiveID is focused on Health Care. To date, they have raised $1.9M.",Health Care,Health Diagnostics,USA,Delray Beach,2001.0,http://www.positiveidcorp.com,ipo,4,1912996.0,0,1,0,1,1,low,growth,168.93,ipo,0,none,0,0,"positiveid health care health diagnostics based out of delray beach, usa, positiveid is focused on health care. to date, they have raised $1.9m. usa delray beach","name: PositiveID | industry: Health Care | sub_industry: Health Diagnostics | hq_country: USA | hq_city: Delray Beach | founded_year: 2001.0 | status: ipo | funding_round_count: 4 | total_funding_usd: 1912996.0 | has_acquisition: 0 | has_ipo: 1 | outcome_label: ipo | is_yc: 0 | yc_batch: none | has_layoffs: 0 | total_layoffs: 0 | description: Based out of Delray Beach, USA, PositiveID is focused on Health Care. To date, they have raised $1.9M."
